country_code,country_name,frequency,methodology,measure,unit_measure,expenditure,adjustment,transform,period,value,base_period,series_key
IDN,Indonesia,M,N,CPI,PA,_T,N,GY,2015-01,6.955582,,IDN.M.N.CPI.PA._T.N.GY
IDN,Indonesia,M,N,CPI,PA,_T,N,GY,2015-02,6.290439,,IDN.M.N.CPI.PA._T.N.GY
IDN,Indonesia,M,N,CPI,PA,_T,N,GY,2015-03,6.384125,,IDN.M.N.CPI.PA._T.N.GY
IDN,Indonesia,M,N,CPI,PA,_T,N,GY,2015-04,6.789403,,IDN.M.N.CPI.PA._T.N.GY
IDN,Indonesia,M,N,CPI,PA,_T,N,GY,2015-05,7.14606,,IDN.M.N.CPI.PA._T.N.GY
IDN,Indonesia,M,N,CPI,PA,_T,N,GY,2015-06,7.25828,,IDN.M.N.CPI.PA._T.N.GY
IDN,Indonesia,M,N,CPI,PA,_T,N,GY,2015-07,7.262273,,IDN.M.N.CPI.PA._T.N.GY
IDN,Indonesia,M,N,CPI,PA,_T,N,GY,2015-08,7.175559,,IDN.M.N.CPI.PA._T.N.GY
IDN,Indonesia,M,N,CPI,PA,_T,N,GY,2015-09,6.831153,,IDN.M.N.CPI.PA._T.N.GY
IDN,Indonesia,M,N,CPI,PA,_T,N,GY,2015-10,6.248908,,IDN.M.N.CPI.PA._T.N.GY
IDN,Indonesia,M,N,CPI,PA,_T,N,GY,2015-11,4.890649,,IDN.M.N.CPI.PA._T.N.GY
IDN,Indonesia,M,N,CPI,PA,_T,N,GY,2015-12,3.352941,,IDN.M.N.CPI.PA._T.N.GY
IDN,Indonesia,M,N,CPI,PA,_T,N,GY,2016-01,4.13613,,IDN.M.N.CPI.PA._T.N.GY
IDN,Indonesia,M,N,CPI,PA,_T,N,GY,2016-02,4.421711,,IDN.M.N.CPI.PA._T.N.GY
IDN,Indonesia,M,N,CPI,PA,_T,N,GY,2016-03,4.448008,,IDN.M.N.CPI.PA._T.N.GY
IDN,Indonesia,M,N,CPI,PA,_T,N,GY,2016-04,3.599361,,IDN.M.N.CPI.PA._T.N.GY
IDN,Indonesia,M,N,CPI,PA,_T,N,GY,2016-05,3.330544,,IDN.M.N.CPI.PA._T.N.GY
IDN,Indonesia,M,N,CPI,PA,_T,N,GY,2016-06,3.454303,,IDN.M.N.CPI.PA._T.N.GY
IDN,Indonesia,M,N,CPI,PA,_T,N,GY,2016-07,3.207983,,IDN.M.N.CPI.PA._T.N.GY
IDN,Indonesia,M,N,CPI,PA,_T,N,GY,2016-08,2.793067,,IDN.M.N.CPI.PA._T.N.GY
IDN,Indonesia,M,N,CPI,PA,_T,N,GY,2016-09,3.073888,,IDN.M.N.CPI.PA._T.N.GY
IDN,Indonesia,M,N,CPI,PA,_T,N,GY,2016-10,3.306737,,IDN.M.N.CPI.PA._T.N.GY
IDN,Indonesia,M,N,CPI,PA,_T,N,GY,2016-11,3.579051,,IDN.M.N.CPI.PA._T.N.GY
IDN,Indonesia,M,N,CPI,PA,_T,N,GY,2016-12,3.024636,,IDN.M.N.CPI.PA._T.N.GY
IDN,Indonesia,M,N,CPI,PA,_T,N,GY,2017-01,3.49458,,IDN.M.N.CPI.PA._T.N.GY
IDN,Indonesia,M,N,CPI,PA,_T,N,GY,2017-02,3.829649,,IDN.M.N.CPI.PA._T.N.GY
IDN,Indonesia,M,N,CPI,PA,_T,N,GY,2017-03,3.612121,,IDN.M.N.CPI.PA._T.N.GY
IDN,Indonesia,M,N,CPI,PA,_T,N,GY,2017-04,4.172417,,IDN.M.N.CPI.PA._T.N.GY
IDN,Indonesia,M,N,CPI,PA,_T,N,GY,2017-05,4.332685,,IDN.M.N.CPI.PA._T.N.GY
IDN,Indonesia,M,N,CPI,PA,_T,N,GY,2017-06,4.368815,,IDN.M.N.CPI.PA._T.N.GY
IDN,Indonesia,M,N,CPI,PA,_T,N,GY,2017-07,3.87535,,IDN.M.N.CPI.PA._T.N.GY
IDN,Indonesia,M,N,CPI,PA,_T,N,GY,2017-08,3.820027,,IDN.M.N.CPI.PA._T.N.GY
IDN,Indonesia,M,N,CPI,PA,_T,N,GY,2017-09,3.723786,,IDN.M.N.CPI.PA._T.N.GY
IDN,Indonesia,M,N,CPI,PA,_T,N,GY,2017-10,3.583088,,IDN.M.N.CPI.PA._T.N.GY
IDN,Indonesia,M,N,CPI,PA,_T,N,GY,2017-11,3.304803,,IDN.M.N.CPI.PA._T.N.GY
IDN,Indonesia,M,N,CPI,PA,_T,N,GY,2017-12,3.606661,,IDN.M.N.CPI.PA._T.N.GY
IDN,Indonesia,M,N,CPI,PA,_T,N,GY,2018-01,3.251524,,IDN.M.N.CPI.PA._T.N.GY
IDN,Indonesia,M,N,CPI,PA,_T,N,GY,2018-02,3.181535,,IDN.M.N.CPI.PA._T.N.GY
IDN,Indonesia,M,N,CPI,PA,_T,N,GY,2018-03,3.400406,,IDN.M.N.CPI.PA._T.N.GY
IDN,Indonesia,M,N,CPI,PA,_T,N,GY,2018-04,3.413076,,IDN.M.N.CPI.PA._T.N.GY
IDN,Indonesia,M,N,CPI,PA,_T,N,GY,2018-05,3.229062,,IDN.M.N.CPI.PA._T.N.GY
IDN,Indonesia,M,N,CPI,PA,_T,N,GY,2018-06,3.122109,,IDN.M.N.CPI.PA._T.N.GY
IDN,Indonesia,M,N,CPI,PA,_T,N,GY,2018-07,3.184615,,IDN.M.N.CPI.PA._T.N.GY
IDN,Indonesia,M,N,CPI,PA,_T,N,GY,2018-08,3.202217,,IDN.M.N.CPI.PA._T.N.GY
IDN,Indonesia,M,N,CPI,PA,_T,N,GY,2018-09,2.882841,,IDN.M.N.CPI.PA._T.N.GY
IDN,Indonesia,M,N,CPI,PA,_T,N,GY,2018-10,3.159351,,IDN.M.N.CPI.PA._T.N.GY
IDN,Indonesia,M,N,CPI,PA,_T,N,GY,2018-11,3.229766,,IDN.M.N.CPI.PA._T.N.GY
IDN,Indonesia,M,N,CPI,PA,_T,N,GY,2018-12,3.130713,,IDN.M.N.CPI.PA._T.N.GY
IDN,Indonesia,M,N,CPI,PA,_T,N,GY,2019-01,2.823618,,IDN.M.N.CPI.PA._T.N.GY
IDN,Indonesia,M,N,CPI,PA,_T,N,GY,2019-02,2.569528,,IDN.M.N.CPI.PA._T.N.GY
IDN,Indonesia,M,N,CPI,PA,_T,N,GY,2019-03,2.481521,,IDN.M.N.CPI.PA._T.N.GY
IDN,Indonesia,M,N,CPI,PA,_T,N,GY,2019-04,2.833246,,IDN.M.N.CPI.PA._T.N.GY
IDN,Indonesia,M,N,CPI,PA,_T,N,GY,2019-05,3.316039,,IDN.M.N.CPI.PA._T.N.GY
IDN,Indonesia,M,N,CPI,PA,_T,N,GY,2019-06,3.281752,,IDN.M.N.CPI.PA._T.N.GY
IDN,Indonesia,M,N,CPI,PA,_T,N,GY,2019-07,3.31743,,IDN.M.N.CPI.PA._T.N.GY
IDN,Indonesia,M,N,CPI,PA,_T,N,GY,2019-08,3.490714,,IDN.M.N.CPI.PA._T.N.GY
IDN,Indonesia,M,N,CPI,PA,_T,N,GY,2019-09,3.392364,,IDN.M.N.CPI.PA._T.N.GY
IDN,Indonesia,M,N,CPI,PA,_T,N,GY,2019-10,3.129657,,IDN.M.N.CPI.PA._T.N.GY
IDN,Indonesia,M,N,CPI,PA,_T,N,GY,2019-11,3.002378,,IDN.M.N.CPI.PA._T.N.GY
IDN,Indonesia,M,N,CPI,PA,_T,N,GY,2019-12,2.718074,,IDN.M.N.CPI.PA._T.N.GY
IDN,Indonesia,M,N,CPI,PA,_T,N,GY,2020-01,2.67982,,IDN.M.N.CPI.PA._T.N.GY
IDN,Indonesia,M,N,CPI,PA,_T,N,GY,2020-02,3.048686,,IDN.M.N.CPI.PA._T.N.GY
IDN,Indonesia,M,N,CPI,PA,_T,N,GY,2020-03,3.03331,,IDN.M.N.CPI.PA._T.N.GY
IDN,Indonesia,M,N,CPI,PA,_T,N,GY,2020-04,2.658682,,IDN.M.N.CPI.PA._T.N.GY
IDN,Indonesia,M,N,CPI,PA,_T,N,GY,2020-05,2.031936,,IDN.M.N.CPI.PA._T.N.GY
IDN,Indonesia,M,N,CPI,PA,_T,N,GY,2020-06,1.654513,,IDN.M.N.CPI.PA._T.N.GY
IDN,Indonesia,M,N,CPI,PA,_T,N,GY,2020-07,1.233008,,IDN.M.N.CPI.PA._T.N.GY
IDN,Indonesia,M,N,CPI,PA,_T,N,GY,2020-08,1.068097,,IDN.M.N.CPI.PA._T.N.GY
IDN,Indonesia,M,N,CPI,PA,_T,N,GY,2020-09,1.297351,,IDN.M.N.CPI.PA._T.N.GY
IDN,Indonesia,M,N,CPI,PA,_T,N,GY,2020-10,1.343007,,IDN.M.N.CPI.PA._T.N.GY
IDN,Indonesia,M,N,CPI,PA,_T,N,GY,2020-11,1.476478,,IDN.M.N.CPI.PA._T.N.GY
IDN,Indonesia,M,N,CPI,PA,_T,N,GY,2020-12,1.585318,,IDN.M.N.CPI.PA._T.N.GY
IDN,Indonesia,M,N,CPI,PA,_T,N,GY,2021-01,1.552765,,IDN.M.N.CPI.PA._T.N.GY
IDN,Indonesia,M,N,CPI,PA,_T,N,GY,2021-02,1.37641,,IDN.M.N.CPI.PA._T.N.GY
IDN,Indonesia,M,N,CPI,PA,_T,N,GY,2021-03,1.365546,,IDN.M.N.CPI.PA._T.N.GY
IDN,Indonesia,M,N,CPI,PA,_T,N,GY,2021-04,1.421756,,IDN.M.N.CPI.PA._T.N.GY
IDN,Indonesia,M,N,CPI,PA,_T,N,GY,2021-05,1.678268,,IDN.M.N.CPI.PA._T.N.GY
IDN,Indonesia,M,N,CPI,PA,_T,N,GY,2021-06,1.332572,,IDN.M.N.CPI.PA._T.N.GY
IDN,Indonesia,M,N,CPI,PA,_T,N,GY,2021-07,1.515007,,IDN.M.N.CPI.PA._T.N.GY
IDN,Indonesia,M,N,CPI,PA,_T,N,GY,2021-08,1.591992,,IDN.M.N.CPI.PA._T.N.GY
IDN,Indonesia,M,N,CPI,PA,_T,N,GY,2021-09,1.602289,,IDN.M.N.CPI.PA._T.N.GY
IDN,Indonesia,M,N,CPI,PA,_T,N,GY,2021-10,1.658406,,IDN.M.N.CPI.PA._T.N.GY
IDN,Indonesia,M,N,CPI,PA,_T,N,GY,2021-11,1.748883,,IDN.M.N.CPI.PA._T.N.GY
IDN,Indonesia,M,N,CPI,PA,_T,N,GY,2021-12,1.873581,,IDN.M.N.CPI.PA._T.N.GY
IDN,Indonesia,M,N,CPI,PA,_T,N,GY,2022-01,2.180274,,IDN.M.N.CPI.PA._T.N.GY
IDN,Indonesia,M,N,CPI,PA,_T,N,GY,2022-02,2.05544,,IDN.M.N.CPI.PA._T.N.GY
IDN,Indonesia,M,N,CPI,PA,_T,N,GY,2022-03,2.637777,,IDN.M.N.CPI.PA._T.N.GY
IDN,Indonesia,M,N,CPI,PA,_T,N,GY,2022-04,3.471634,,IDN.M.N.CPI.PA._T.N.GY
IDN,Indonesia,M,N,CPI,PA,_T,N,GY,2022-05,3.554347,,IDN.M.N.CPI.PA._T.N.GY
IDN,Indonesia,M,N,CPI,PA,_T,N,GY,2022-06,4.349051,,IDN.M.N.CPI.PA._T.N.GY
IDN,Indonesia,M,N,CPI,PA,_T,N,GY,2022-07,4.937113,,IDN.M.N.CPI.PA._T.N.GY
IDN,Indonesia,M,N,CPI,PA,_T,N,GY,2022-08,4.691752,,IDN.M.N.CPI.PA._T.N.GY
IDN,Indonesia,M,N,CPI,PA,_T,N,GY,2022-09,5.951375,,IDN.M.N.CPI.PA._T.N.GY
IDN,Indonesia,M,N,CPI,PA,_T,N,GY,2022-10,5.709732,,IDN.M.N.CPI.PA._T.N.GY
IDN,Indonesia,M,N,CPI,PA,_T,N,GY,2022-11,5.418029,,IDN.M.N.CPI.PA._T.N.GY
IDN,Indonesia,M,N,CPI,PA,_T,N,GY,2022-12,5.508081,,IDN.M.N.CPI.PA._T.N.GY
IDN,Indonesia,M,N,CPI,PA,_T,N,GY,2023-01,5.283576,,IDN.M.N.CPI.PA._T.N.GY
IDN,Indonesia,M,N,CPI,PA,_T,N,GY,2023-02,5.469327,,IDN.M.N.CPI.PA._T.N.GY
IDN,Indonesia,M,N,CPI,PA,_T,N,GY,2023-03,4.96558,,IDN.M.N.CPI.PA._T.N.GY
IDN,Indonesia,M,N,CPI,PA,_T,N,GY,2023-04,4.32806,,IDN.M.N.CPI.PA._T.N.GY
IDN,Indonesia,M,N,CPI,PA,_T,N,GY,2023-05,4.002898,,IDN.M.N.CPI.PA._T.N.GY
IDN,Indonesia,M,N,CPI,PA,_T,N,GY,2023-06,3.519669,,IDN.M.N.CPI.PA._T.N.GY
IDN,Indonesia,M,N,CPI,PA,_T,N,GY,2023-07,3.076923,,IDN.M.N.CPI.PA._T.N.GY
IDN,Indonesia,M,N,CPI,PA,_T,N,GY,2023-08,3.271489,,IDN.M.N.CPI.PA._T.N.GY
IDN,Indonesia,M,N,CPI,PA,_T,N,GY,2023-09,2.276956,,IDN.M.N.CPI.PA._T.N.GY
IDN,Indonesia,M,N,CPI,PA,_T,N,GY,2023-10,2.563193,,IDN.M.N.CPI.PA._T.N.GY
IDN,Indonesia,M,N,CPI,PA,_T,N,GY,2023-11,2.862206,,IDN.M.N.CPI.PA._T.N.GY
IDN,Indonesia,M,N,CPI,PA,_T,N,GY,2023-12,2.614667,,IDN.M.N.CPI.PA._T.N.GY
IDN,Indonesia,M,N,CPI,PA,_T,N,GY,2024-02,2.75,,IDN.M.N.CPI.PA._T.N.GY
IDN,Indonesia,M,N,CPI,PA,_T,N,GY,2024-03,3.05,,IDN.M.N.CPI.PA._T.N.GY
IDN,Indonesia,M,N,CPI,PA,_T,N,GY,2024-04,3.0,,IDN.M.N.CPI.PA._T.N.GY
IDN,Indonesia,M,N,CPI,PA,_T,N,GY,2024-05,2.84,,IDN.M.N.CPI.PA._T.N.GY
IDN,Indonesia,M,N,CPI,PA,_T,N,GY,2024-06,2.51,,IDN.M.N.CPI.PA._T.N.GY
IDN,Indonesia,M,N,CPI,PA,_T,N,GY,2024-07,2.13,,IDN.M.N.CPI.PA._T.N.GY
IDN,Indonesia,M,N,CPI,PA,_T,N,GY,2024-08,2.12,,IDN.M.N.CPI.PA._T.N.GY
IDN,Indonesia,M,N,CPI,PA,_T,N,GY,2024-09,1.84,,IDN.M.N.CPI.PA._T.N.GY
IDN,Indonesia,M,N,CPI,PA,_T,N,GY,2024-10,1.71,,IDN.M.N.CPI.PA._T.N.GY
IDN,Indonesia,M,N,CPI,PA,_T,N,GY,2024-11,1.55,,IDN.M.N.CPI.PA._T.N.GY
IDN,Indonesia,M,N,CPI,PA,_T,N,GY,2024-12,1.57,,IDN.M.N.CPI.PA._T.N.GY
IDN,Indonesia,M,N,CPI,PA,_T,N,GY,2025-01,0.76,,IDN.M.N.CPI.PA._T.N.GY
IDN,Indonesia,M,N,CPI,PA,_T,N,GY,2025-02,-0.09,,IDN.M.N.CPI.PA._T.N.GY
IDN,Indonesia,M,N,CPI,PA,_T,N,GY,2025-03,1.03,,IDN.M.N.CPI.PA._T.N.GY
IDN,Indonesia,M,N,CPI,PA,_T,N,GY,2025-04,1.95,,IDN.M.N.CPI.PA._T.N.GY
IDN,Indonesia,M,N,CPI,PA,_T,N,GY,2025-05,1.6,,IDN.M.N.CPI.PA._T.N.GY
IDN,Indonesia,M,N,CPI,PA,_T,N,GY,2025-06,1.87,,IDN.M.N.CPI.PA._T.N.GY
IDN,Indonesia,M,N,CPI,PA,_T,N,GY,2025-07,2.37,,IDN.M.N.CPI.PA._T.N.GY
IDN,Indonesia,M,N,CPI,PA,_T,N,GY,2025-08,2.31,,IDN.M.N.CPI.PA._T.N.GY
IDN,Indonesia,M,N,CPI,PA,_T,N,GY,2025-09,2.65,,IDN.M.N.CPI.PA._T.N.GY
IDN,Indonesia,M,N,CPI,PA,_T,N,GY,2025-10,2.86,,IDN.M.N.CPI.PA._T.N.GY
IDN,Indonesia,M,N,CPI,PA,_T,N,GY,2025-11,2.72,,IDN.M.N.CPI.PA._T.N.GY
IDN,Indonesia,M,N,CPI,PA,_T,N,GY,2025-12,2.92,,IDN.M.N.CPI.PA._T.N.GY
IDN,Indonesia,M,N,CPI,PA,_T,N,GY,2026-01,3.55,,IDN.M.N.CPI.PA._T.N.GY
IDN,Indonesia,M,N,CPI,PA,_T,N,GY,2026-02,4.76,,IDN.M.N.CPI.PA._T.N.GY
IDN,Indonesia,M,N,CPI,PA,_T,N,GY,2026-03,3.48,,IDN.M.N.CPI.PA._T.N.GY
IDN,Indonesia,M,N,CPI,PA,_T,N,GY,2026-04,2.42,,IDN.M.N.CPI.PA._T.N.GY
IDN,Indonesia,M,N,CPI,PA,_T,N,GY,2026-05,3.08,,IDN.M.N.CPI.PA._T.N.GY
IND,India,M,N,CPI,PA,_T,N,GY,2015-01,7.172996,,IND.M.N.CPI.PA._T.N.GY
IND,India,M,N,CPI,PA,_T,N,GY,2015-02,6.302521,,IND.M.N.CPI.PA._T.N.GY
IND,India,M,N,CPI,PA,_T,N,GY,2015-03,6.276151,,IND.M.N.CPI.PA._T.N.GY
IND,India,M,N,CPI,PA,_T,N,GY,2015-04,5.785124,,IND.M.N.CPI.PA._T.N.GY
IND,India,M,N,CPI,PA,_T,N,GY,2015-05,5.737705,,IND.M.N.CPI.PA._T.N.GY
IND,India,M,N,CPI,PA,_T,N,GY,2015-06,6.097561,,IND.M.N.CPI.PA._T.N.GY
IND,India,M,N,CPI,PA,_T,N,GY,2015-07,4.365079,,IND.M.N.CPI.PA._T.N.GY
IND,India,M,N,CPI,PA,_T,N,GY,2015-08,4.347826,,IND.M.N.CPI.PA._T.N.GY
IND,India,M,N,CPI,PA,_T,N,GY,2015-09,5.13834,,IND.M.N.CPI.PA._T.N.GY
IND,India,M,N,CPI,PA,_T,N,GY,2015-10,6.324111,,IND.M.N.CPI.PA._T.N.GY
IND,India,M,N,CPI,PA,_T,N,GY,2015-11,6.719368,,IND.M.N.CPI.PA._T.N.GY
IND,India,M,N,CPI,PA,_T,N,GY,2015-12,6.324111,,IND.M.N.CPI.PA._T.N.GY
IND,India,M,N,CPI,PA,_T,N,GY,2016-01,5.905512,,IND.M.N.CPI.PA._T.N.GY
IND,India,M,N,CPI,PA,_T,N,GY,2016-02,5.533597,,IND.M.N.CPI.PA._T.N.GY
IND,India,M,N,CPI,PA,_T,N,GY,2016-03,5.511811,,IND.M.N.CPI.PA._T.N.GY
IND,India,M,N,CPI,PA,_T,N,GY,2016-04,5.859375,,IND.M.N.CPI.PA._T.N.GY
IND,India,M,N,CPI,PA,_T,N,GY,2016-05,6.589147,,IND.M.N.CPI.PA._T.N.GY
IND,India,M,N,CPI,PA,_T,N,GY,2016-06,6.130268,,IND.M.N.CPI.PA._T.N.GY
IND,India,M,N,CPI,PA,_T,N,GY,2016-07,6.463878,,IND.M.N.CPI.PA._T.N.GY
IND,India,M,N,CPI,PA,_T,N,GY,2016-08,5.30303,,IND.M.N.CPI.PA._T.N.GY
IND,India,M,N,CPI,PA,_T,N,GY,2016-09,4.135338,,IND.M.N.CPI.PA._T.N.GY
IND,India,M,N,CPI,PA,_T,N,GY,2016-10,3.345725,,IND.M.N.CPI.PA._T.N.GY
IND,India,M,N,CPI,PA,_T,N,GY,2016-11,2.592592,,IND.M.N.CPI.PA._T.N.GY
IND,India,M,N,CPI,PA,_T,N,GY,2016-12,2.230483,,IND.M.N.CPI.PA._T.N.GY
IND,India,M,N,CPI,PA,_T,N,GY,2017-01,1.858736,,IND.M.N.CPI.PA._T.N.GY
IND,India,M,N,CPI,PA,_T,N,GY,2017-02,2.621723,,IND.M.N.CPI.PA._T.N.GY
IND,India,M,N,CPI,PA,_T,N,GY,2017-03,2.61194,,IND.M.N.CPI.PA._T.N.GY
IND,India,M,N,CPI,PA,_T,N,GY,2017-04,2.214022,,IND.M.N.CPI.PA._T.N.GY
IND,India,M,N,CPI,PA,_T,N,GY,2017-05,1.090909,,IND.M.N.CPI.PA._T.N.GY
IND,India,M,N,CPI,PA,_T,N,GY,2017-06,1.083032,,IND.M.N.CPI.PA._T.N.GY
IND,India,M,N,CPI,PA,_T,N,GY,2017-07,1.785714,,IND.M.N.CPI.PA._T.N.GY
IND,India,M,N,CPI,PA,_T,N,GY,2017-08,2.517986,,IND.M.N.CPI.PA._T.N.GY
IND,India,M,N,CPI,PA,_T,N,GY,2017-09,2.888087,,IND.M.N.CPI.PA._T.N.GY
IND,India,M,N,CPI,PA,_T,N,GY,2017-10,3.23741,,IND.M.N.CPI.PA._T.N.GY
IND,India,M,N,CPI,PA,_T,N,GY,2017-11,3.971119,,IND.M.N.CPI.PA._T.N.GY
IND,India,M,N,CPI,PA,_T,N,GY,2017-12,4.0,,IND.M.N.CPI.PA._T.N.GY
IND,India,M,N,CPI,PA,_T,N,GY,2018-01,5.109489,,IND.M.N.CPI.PA._T.N.GY
IND,India,M,N,CPI,PA,_T,N,GY,2018-02,4.744525,,IND.M.N.CPI.PA._T.N.GY
IND,India,M,N,CPI,PA,_T,N,GY,2018-03,4.363636,,IND.M.N.CPI.PA._T.N.GY
IND,India,M,N,CPI,PA,_T,N,GY,2018-04,3.971119,,IND.M.N.CPI.PA._T.N.GY
IND,India,M,N,CPI,PA,_T,N,GY,2018-05,3.956835,,IND.M.N.CPI.PA._T.N.GY
IND,India,M,N,CPI,PA,_T,N,GY,2018-06,3.928571,,IND.M.N.CPI.PA._T.N.GY
IND,India,M,N,CPI,PA,_T,N,GY,2018-07,5.614035,,IND.M.N.CPI.PA._T.N.GY
IND,India,M,N,CPI,PA,_T,N,GY,2018-08,5.614035,,IND.M.N.CPI.PA._T.N.GY
IND,India,M,N,CPI,PA,_T,N,GY,2018-09,5.614035,,IND.M.N.CPI.PA._T.N.GY
IND,India,M,N,CPI,PA,_T,N,GY,2018-10,5.226481,,IND.M.N.CPI.PA._T.N.GY
IND,India,M,N,CPI,PA,_T,N,GY,2018-11,4.861111,,IND.M.N.CPI.PA._T.N.GY
IND,India,M,N,CPI,PA,_T,N,GY,2018-12,5.244755,,IND.M.N.CPI.PA._T.N.GY
IND,India,M,N,CPI,PA,_T,N,GY,2019-01,6.597222,,IND.M.N.CPI.PA._T.N.GY
IND,India,M,N,CPI,PA,_T,N,GY,2019-02,6.968641,,IND.M.N.CPI.PA._T.N.GY
IND,India,M,N,CPI,PA,_T,N,GY,2019-03,7.665505,,IND.M.N.CPI.PA._T.N.GY
IND,India,M,N,CPI,PA,_T,N,GY,2019-04,8.333333,,IND.M.N.CPI.PA._T.N.GY
IND,India,M,N,CPI,PA,_T,N,GY,2019-05,8.650519,,IND.M.N.CPI.PA._T.N.GY
IND,India,M,N,CPI,PA,_T,N,GY,2019-06,8.591065,,IND.M.N.CPI.PA._T.N.GY
IND,India,M,N,CPI,PA,_T,N,GY,2019-07,5.980066,,IND.M.N.CPI.PA._T.N.GY
IND,India,M,N,CPI,PA,_T,N,GY,2019-08,6.312293,,IND.M.N.CPI.PA._T.N.GY
IND,India,M,N,CPI,PA,_T,N,GY,2019-09,6.976744,,IND.M.N.CPI.PA._T.N.GY
IND,India,M,N,CPI,PA,_T,N,GY,2019-10,7.615894,,IND.M.N.CPI.PA._T.N.GY
IND,India,M,N,CPI,PA,_T,N,GY,2019-11,8.609271,,IND.M.N.CPI.PA._T.N.GY
IND,India,M,N,CPI,PA,_T,N,GY,2019-12,9.634551,,IND.M.N.CPI.PA._T.N.GY
IND,India,M,N,CPI,PA,_T,N,GY,2020-01,7.491857,,IND.M.N.CPI.PA._T.N.GY
IND,India,M,N,CPI,PA,_T,N,GY,2020-02,6.840391,,IND.M.N.CPI.PA._T.N.GY
IND,India,M,N,CPI,PA,_T,N,GY,2020-03,5.501618,,IND.M.N.CPI.PA._T.N.GY
IND,India,M,N,CPI,PA,_T,N,GY,2020-04,5.448718,,IND.M.N.CPI.PA._T.N.GY
IND,India,M,N,CPI,PA,_T,N,GY,2020-05,5.095541,,IND.M.N.CPI.PA._T.N.GY
IND,India,M,N,CPI,PA,_T,N,GY,2020-06,5.063291,,IND.M.N.CPI.PA._T.N.GY
IND,India,M,N,CPI,PA,_T,N,GY,2020-07,5.329154,,IND.M.N.CPI.PA._T.N.GY
IND,India,M,N,CPI,PA,_T,N,GY,2020-08,5.625,,IND.M.N.CPI.PA._T.N.GY
IND,India,M,N,CPI,PA,_T,N,GY,2020-09,5.636574,,IND.M.N.CPI.PA._T.N.GY
IND,India,M,N,CPI,PA,_T,N,GY,2020-10,5.902163,,IND.M.N.CPI.PA._T.N.GY
IND,India,M,N,CPI,PA,_T,N,GY,2020-11,5.284787,,IND.M.N.CPI.PA._T.N.GY
IND,India,M,N,CPI,PA,_T,N,GY,2020-12,3.686636,,IND.M.N.CPI.PA._T.N.GY
IND,India,M,N,CPI,PA,_T,N,GY,2021-01,3.162966,,IND.M.N.CPI.PA._T.N.GY
IND,India,M,N,CPI,PA,_T,N,GY,2021-02,4.494493,,IND.M.N.CPI.PA._T.N.GY
IND,India,M,N,CPI,PA,_T,N,GY,2021-03,5.665658,,IND.M.N.CPI.PA._T.N.GY
IND,India,M,N,CPI,PA,_T,N,GY,2021-04,5.13986,,IND.M.N.CPI.PA._T.N.GY
IND,India,M,N,CPI,PA,_T,N,GY,2021-05,5.257646,,IND.M.N.CPI.PA._T.N.GY
IND,India,M,N,CPI,PA,_T,N,GY,2021-06,5.577841,,IND.M.N.CPI.PA._T.N.GY
IND,India,M,N,CPI,PA,_T,N,GY,2021-07,5.26388,,IND.M.N.CPI.PA._T.N.GY
IND,India,M,N,CPI,PA,_T,N,GY,2021-08,4.811442,,IND.M.N.CPI.PA._T.N.GY
IND,India,M,N,CPI,PA,_T,N,GY,2021-09,4.403048,,IND.M.N.CPI.PA._T.N.GY
IND,India,M,N,CPI,PA,_T,N,GY,2021-10,4.518828,,IND.M.N.CPI.PA._T.N.GY
IND,India,M,N,CPI,PA,_T,N,GY,2021-11,4.837365,,IND.M.N.CPI.PA._T.N.GY
IND,India,M,N,CPI,PA,_T,N,GY,2021-12,5.555555,,IND.M.N.CPI.PA._T.N.GY
IND,India,M,N,CPI,PA,_T,N,GY,2022-01,5.837564,,IND.M.N.CPI.PA._T.N.GY
IND,India,M,N,CPI,PA,_T,N,GY,2022-02,5.042017,,IND.M.N.CPI.PA._T.N.GY
IND,India,M,N,CPI,PA,_T,N,GY,2022-03,5.351171,,IND.M.N.CPI.PA._T.N.GY
IND,India,M,N,CPI,PA,_T,N,GY,2022-04,6.32806,,IND.M.N.CPI.PA._T.N.GY
IND,India,M,N,CPI,PA,_T,N,GY,2022-05,6.965174,,IND.M.N.CPI.PA._T.N.GY
IND,India,M,N,CPI,PA,_T,N,GY,2022-06,6.162695,,IND.M.N.CPI.PA._T.N.GY
IND,India,M,N,CPI,PA,_T,N,GY,2022-07,5.781759,,IND.M.N.CPI.PA._T.N.GY
IND,India,M,N,CPI,PA,_T,N,GY,2022-08,5.853659,,IND.M.N.CPI.PA._T.N.GY
IND,India,M,N,CPI,PA,_T,N,GY,2022-09,6.48824,,IND.M.N.CPI.PA._T.N.GY
IND,India,M,N,CPI,PA,_T,N,GY,2022-10,6.084868,,IND.M.N.CPI.PA._T.N.GY
IND,India,M,N,CPI,PA,_T,N,GY,2022-11,5.409706,,IND.M.N.CPI.PA._T.N.GY
IND,India,M,N,CPI,PA,_T,N,GY,2022-12,5.502392,,IND.M.N.CPI.PA._T.N.GY
IND,India,M,N,CPI,PA,_T,N,GY,2023-01,6.155076,,IND.M.N.CPI.PA._T.N.GY
IND,India,M,N,CPI,PA,_T,N,GY,2023-02,6.16,,IND.M.N.CPI.PA._T.N.GY
IND,India,M,N,CPI,PA,_T,N,GY,2023-03,5.793651,,IND.M.N.CPI.PA._T.N.GY
IND,India,M,N,CPI,PA,_T,N,GY,2023-04,5.090055,,IND.M.N.CPI.PA._T.N.GY
IND,India,M,N,CPI,PA,_T,N,GY,2023-05,4.418605,,IND.M.N.CPI.PA._T.N.GY
IND,India,M,N,CPI,PA,_T,N,GY,2023-06,5.572755,,IND.M.N.CPI.PA._T.N.GY
IND,India,M,N,CPI,PA,_T,N,GY,2023-07,7.544265,,IND.M.N.CPI.PA._T.N.GY
IND,India,M,N,CPI,PA,_T,N,GY,2023-08,6.912442,,IND.M.N.CPI.PA._T.N.GY
IND,India,M,N,CPI,PA,_T,N,GY,2023-09,4.722011,,IND.M.N.CPI.PA._T.N.GY
IND,India,M,N,CPI,PA,_T,N,GY,2023-10,4.45283,,IND.M.N.CPI.PA._T.N.GY
IND,India,M,N,CPI,PA,_T,N,GY,2023-11,4.981132,,IND.M.N.CPI.PA._T.N.GY
IND,India,M,N,CPI,PA,_T,N,GY,2023-12,4.913076,,IND.M.N.CPI.PA._T.N.GY
IND,India,M,N,CPI,PA,_T,N,GY,2024-01,4.593373,,IND.M.N.CPI.PA._T.N.GY
IND,India,M,N,CPI,PA,_T,N,GY,2024-02,4.898267,,IND.M.N.CPI.PA._T.N.GY
IND,India,M,N,CPI,PA,_T,N,GY,2024-03,4.20105,,IND.M.N.CPI.PA._T.N.GY
IND,India,M,N,CPI,PA,_T,N,GY,2024-04,3.874814,,IND.M.N.CPI.PA._T.N.GY
IND,India,M,N,CPI,PA,_T,N,GY,2024-05,3.86043,,IND.M.N.CPI.PA._T.N.GY
IND,India,M,N,CPI,PA,_T,N,GY,2024-06,3.665689,,IND.M.N.CPI.PA._T.N.GY
IND,India,M,N,CPI,PA,_T,N,GY,2024-07,2.147459,,IND.M.N.CPI.PA._T.N.GY
IND,India,M,N,CPI,PA,_T,N,GY,2024-08,2.442529,,IND.M.N.CPI.PA._T.N.GY
IND,India,M,N,CPI,PA,_T,N,GY,2024-09,4.218182,,IND.M.N.CPI.PA._T.N.GY
IND,India,M,N,CPI,PA,_T,N,GY,2024-10,4.407515,,IND.M.N.CPI.PA._T.N.GY
IND,India,M,N,CPI,PA,_T,N,GY,2024-11,3.882099,,IND.M.N.CPI.PA._T.N.GY
IND,India,M,N,CPI,PA,_T,N,GY,2024-12,3.530259,,IND.M.N.CPI.PA._T.N.GY
IND,India,M,N,CPI,PA,_T,N,GY,2025-01,3.095752,,IND.M.N.CPI.PA._T.N.GY
IND,India,M,N,CPI,PA,_T,N,GY,2025-02,2.586207,,IND.M.N.CPI.PA._T.N.GY
IND,India,M,N,CPI,PA,_T,N,GY,2025-03,2.951764,,IND.M.N.CPI.PA._T.N.GY
IND,India,M,N,CPI,PA,_T,N,GY,2025-04,2.941176,,IND.M.N.CPI.PA._T.N.GY
IND,India,M,N,CPI,PA,_T,N,GY,2025-05,2.930665,,IND.M.N.CPI.PA._T.N.GY
IND,India,M,N,CPI,PA,_T,N,GY,2025-06,2.545969,,IND.M.N.CPI.PA._T.N.GY
IND,India,M,N,CPI,PA,_T,N,GY,2025-07,2.662929,,IND.M.N.CPI.PA._T.N.GY
IND,India,M,N,CPI,PA,_T,N,GY,2025-08,3.15568,,IND.M.N.CPI.PA._T.N.GY
IND,India,M,N,CPI,PA,_T,N,GY,2025-09,2.791347,,IND.M.N.CPI.PA._T.N.GY
IND,India,M,N,CPI,PA,_T,N,GY,2025-10,2.214533,,IND.M.N.CPI.PA._T.N.GY
IND,India,M,N,CPI,PA,_T,N,GY,2025-11,2.560554,,IND.M.N.CPI.PA._T.N.GY
IND,India,M,N,CPI,PA,_T,N,GY,2025-12,3.131524,,IND.M.N.CPI.PA._T.N.GY
IND,India,M,N,CPI,PA,_T,N,GY,2026-01,3.77095,,IND.M.N.CPI.PA._T.N.GY
IND,India,M,N,CPI,PA,_T,N,GY,2026-02,3.991597,,IND.M.N.CPI.PA._T.N.GY
IND,India,M,N,CPI,PA,_T,N,GY,2026-03,4.265734,,IND.M.N.CPI.PA._T.N.GY
IND,India,M,N,CPI,PA,_T,N,GY,2026-04,4.45993,,IND.M.N.CPI.PA._T.N.GY
IND,India,M,N,CPI,PA,_T,N,GY,2026-05,4.722222,,IND.M.N.CPI.PA._T.N.GY
IND,India,M,N,CPI,PA,_T,N,GY,2026-07,4.573379,,IND.M.N.CPI.PA._T.N.GY
IDN,Indonesia,M,N,CPI,PA,_T,N,GY,2026-07,2.88,,IDN.M.N.CPI.PA._T.N.GY
IND,India,M,N,CPI,PA,_T,N,GY,2026-06,4.758621,,IND.M.N.CPI.PA._T.N.GY
IDN,Indonesia,M,N,CPI,PA,_T,N,GY,2026-06,3.34,,IDN.M.N.CPI.PA._T.N.GY
IDN,Indonesia,M,N,CPI,PA,_T,N,GY,2024-01,2.57,,IDN.M.N.CPI.PA._T.N.GY
USA,United States,M,N,CPI,PA,_T,N,GY,2015-01,-0.08934832,,USA.M.N.CPI.PA._T.N.GY
USA,United States,M,N,CPI,PA,_T,N,GY,2015-02,-0.0251298,,USA.M.N.CPI.PA._T.N.GY
USA,United States,M,N,CPI,PA,_T,N,GY,2015-03,-0.07363739,,USA.M.N.CPI.PA._T.N.GY
USA,United States,M,N,CPI,PA,_T,N,GY,2015-04,-0.1995174,,USA.M.N.CPI.PA._T.N.GY
USA,United States,M,N,CPI,PA,_T,N,GY,2015-05,-0.03993275,,USA.M.N.CPI.PA._T.N.GY
USA,United States,M,N,CPI,PA,_T,N,GY,2015-06,0.1237712,,USA.M.N.CPI.PA._T.N.GY
USA,United States,M,N,CPI,PA,_T,N,GY,2015-07,0.1695698,,USA.M.N.CPI.PA._T.N.GY
USA,United States,M,N,CPI,PA,_T,N,GY,2015-08,0.1950793,,USA.M.N.CPI.PA._T.N.GY
USA,United States,M,N,CPI,PA,_T,N,GY,2015-09,-0.03612975,,USA.M.N.CPI.PA._T.N.GY
USA,United States,M,N,CPI,PA,_T,N,GY,2015-10,0.1705744,,USA.M.N.CPI.PA._T.N.GY
USA,United States,M,N,CPI,PA,_T,N,GY,2015-11,0.5017976,,USA.M.N.CPI.PA._T.N.GY
USA,United States,M,N,CPI,PA,_T,N,GY,2015-12,0.7295198,,USA.M.N.CPI.PA._T.N.GY
USA,United States,M,N,CPI,PA,_T,N,GY,2016-01,1.373087,,USA.M.N.CPI.PA._T.N.GY
USA,United States,M,N,CPI,PA,_T,N,GY,2016-02,1.0178,,USA.M.N.CPI.PA._T.N.GY
USA,United States,M,N,CPI,PA,_T,N,GY,2016-03,0.8525362,,USA.M.N.CPI.PA._T.N.GY
USA,United States,M,N,CPI,PA,_T,N,GY,2016-04,1.12511,,USA.M.N.CPI.PA._T.N.GY
USA,United States,M,N,CPI,PA,_T,N,GY,2016-05,1.019323,,USA.M.N.CPI.PA._T.N.GY
USA,United States,M,N,CPI,PA,_T,N,GY,2016-06,0.9973265,,USA.M.N.CPI.PA._T.N.GY
USA,United States,M,N,CPI,PA,_T,N,GY,2016-07,0.8271388,,USA.M.N.CPI.PA._T.N.GY
USA,United States,M,N,CPI,PA,_T,N,GY,2016-08,1.062875,,USA.M.N.CPI.PA._T.N.GY
USA,United States,M,N,CPI,PA,_T,N,GY,2016-09,1.463784,,USA.M.N.CPI.PA._T.N.GY
USA,United States,M,N,CPI,PA,_T,N,GY,2016-10,1.635988,,USA.M.N.CPI.PA._T.N.GY
USA,United States,M,N,CPI,PA,_T,N,GY,2016-11,1.692537,,USA.M.N.CPI.PA._T.N.GY
USA,United States,M,N,CPI,PA,_T,N,GY,2016-12,2.074622,,USA.M.N.CPI.PA._T.N.GY
USA,United States,M,N,CPI,PA,_T,N,GY,2017-01,2.500042,,USA.M.N.CPI.PA._T.N.GY
USA,United States,M,N,CPI,PA,_T,N,GY,2017-02,2.737958,,USA.M.N.CPI.PA._T.N.GY
USA,United States,M,N,CPI,PA,_T,N,GY,2017-03,2.380612,,USA.M.N.CPI.PA._T.N.GY
USA,United States,M,N,CPI,PA,_T,N,GY,2017-04,2.19969,,USA.M.N.CPI.PA._T.N.GY
USA,United States,M,N,CPI,PA,_T,N,GY,2017-05,1.874878,,USA.M.N.CPI.PA._T.N.GY
USA,United States,M,N,CPI,PA,_T,N,GY,2017-06,1.633488,,USA.M.N.CPI.PA._T.N.GY
USA,United States,M,N,CPI,PA,_T,N,GY,2017-07,1.727978,,USA.M.N.CPI.PA._T.N.GY
USA,United States,M,N,CPI,PA,_T,N,GY,2017-08,1.938974,,USA.M.N.CPI.PA._T.N.GY
USA,United States,M,N,CPI,PA,_T,N,GY,2017-09,2.232964,,USA.M.N.CPI.PA._T.N.GY
USA,United States,M,N,CPI,PA,_T,N,GY,2017-10,2.041129,,USA.M.N.CPI.PA._T.N.GY
USA,United States,M,N,CPI,PA,_T,N,GY,2017-11,2.202583,,USA.M.N.CPI.PA._T.N.GY
USA,United States,M,N,CPI,PA,_T,N,GY,2017-12,2.109082,,USA.M.N.CPI.PA._T.N.GY
USA,United States,M,N,CPI,PA,_T,N,GY,2018-01,2.070508,,USA.M.N.CPI.PA._T.N.GY
USA,United States,M,N,CPI,PA,_T,N,GY,2018-02,2.211795,,USA.M.N.CPI.PA._T.N.GY
USA,United States,M,N,CPI,PA,_T,N,GY,2018-03,2.359711,,USA.M.N.CPI.PA._T.N.GY
USA,United States,M,N,CPI,PA,_T,N,GY,2018-04,2.462744,,USA.M.N.CPI.PA._T.N.GY
USA,United States,M,N,CPI,PA,_T,N,GY,2018-05,2.801012,,USA.M.N.CPI.PA._T.N.GY
USA,United States,M,N,CPI,PA,_T,N,GY,2018-06,2.871548,,USA.M.N.CPI.PA._T.N.GY
USA,United States,M,N,CPI,PA,_T,N,GY,2018-07,2.949515,,USA.M.N.CPI.PA._T.N.GY
USA,United States,M,N,CPI,PA,_T,N,GY,2018-08,2.69918,,USA.M.N.CPI.PA._T.N.GY
USA,United States,M,N,CPI,PA,_T,N,GY,2018-09,2.276972,,USA.M.N.CPI.PA._T.N.GY
USA,United States,M,N,CPI,PA,_T,N,GY,2018-10,2.52247,,USA.M.N.CPI.PA._T.N.GY
USA,United States,M,N,CPI,PA,_T,N,GY,2018-11,2.176601,,USA.M.N.CPI.PA._T.N.GY
USA,United States,M,N,CPI,PA,_T,N,GY,2018-12,1.910159,,USA.M.N.CPI.PA._T.N.GY
USA,United States,M,N,CPI,PA,_T,N,GY,2019-01,1.551235,,USA.M.N.CPI.PA._T.N.GY
USA,United States,M,N,CPI,PA,_T,N,GY,2019-02,1.520135,,USA.M.N.CPI.PA._T.N.GY
USA,United States,M,N,CPI,PA,_T,N,GY,2019-03,1.862523,,USA.M.N.CPI.PA._T.N.GY
USA,United States,M,N,CPI,PA,_T,N,GY,2019-04,1.99644,,USA.M.N.CPI.PA._T.N.GY
USA,United States,M,N,CPI,PA,_T,N,GY,2019-05,1.790228,,USA.M.N.CPI.PA._T.N.GY
USA,United States,M,N,CPI,PA,_T,N,GY,2019-06,1.648485,,USA.M.N.CPI.PA._T.N.GY
USA,United States,M,N,CPI,PA,_T,N,GY,2019-07,1.811465,,USA.M.N.CPI.PA._T.N.GY
USA,United States,M,N,CPI,PA,_T,N,GY,2019-08,1.74978,,USA.M.N.CPI.PA._T.N.GY
USA,United States,M,N,CPI,PA,_T,N,GY,2019-09,1.711305,,USA.M.N.CPI.PA._T.N.GY
USA,United States,M,N,CPI,PA,_T,N,GY,2019-10,1.764043,,USA.M.N.CPI.PA._T.N.GY
USA,United States,M,N,CPI,PA,_T,N,GY,2019-11,2.051278,,USA.M.N.CPI.PA._T.N.GY
USA,United States,M,N,CPI,PA,_T,N,GY,2019-12,2.28513,,USA.M.N.CPI.PA._T.N.GY
USA,United States,M,N,CPI,PA,_T,N,GY,2020-01,2.486572,,USA.M.N.CPI.PA._T.N.GY
USA,United States,M,N,CPI,PA,_T,N,GY,2020-02,2.334874,,USA.M.N.CPI.PA._T.N.GY
USA,United States,M,N,CPI,PA,_T,N,GY,2020-03,1.539327,,USA.M.N.CPI.PA._T.N.GY
USA,United States,M,N,CPI,PA,_T,N,GY,2020-04,0.3290967,,USA.M.N.CPI.PA._T.N.GY
USA,United States,M,N,CPI,PA,_T,N,GY,2020-05,0.1179264,,USA.M.N.CPI.PA._T.N.GY
USA,United States,M,N,CPI,PA,_T,N,GY,2020-06,0.6457331,,USA.M.N.CPI.PA._T.N.GY
USA,United States,M,N,CPI,PA,_T,N,GY,2020-07,0.9860818,,USA.M.N.CPI.PA._T.N.GY
USA,United States,M,N,CPI,PA,_T,N,GY,2020-08,1.309645,,USA.M.N.CPI.PA._T.N.GY
USA,United States,M,N,CPI,PA,_T,N,GY,2020-09,1.371325,,USA.M.N.CPI.PA._T.N.GY
USA,United States,M,N,CPI,PA,_T,N,GY,2020-10,1.182066,,USA.M.N.CPI.PA._T.N.GY
USA,United States,M,N,CPI,PA,_T,N,GY,2020-11,1.174536,,USA.M.N.CPI.PA._T.N.GY
USA,United States,M,N,CPI,PA,_T,N,GY,2020-12,1.362005,,USA.M.N.CPI.PA._T.N.GY
USA,United States,M,N,CPI,PA,_T,N,GY,2021-01,1.39977,,USA.M.N.CPI.PA._T.N.GY
USA,United States,M,N,CPI,PA,_T,N,GY,2021-02,1.676215,,USA.M.N.CPI.PA._T.N.GY
USA,United States,M,N,CPI,PA,_T,N,GY,2021-03,2.619762,,USA.M.N.CPI.PA._T.N.GY
USA,United States,M,N,CPI,PA,_T,N,GY,2021-04,4.159695,,USA.M.N.CPI.PA._T.N.GY
USA,United States,M,N,CPI,PA,_T,N,GY,2021-05,4.992707,,USA.M.N.CPI.PA._T.N.GY
USA,United States,M,N,CPI,PA,_T,N,GY,2021-06,5.391451,,USA.M.N.CPI.PA._T.N.GY
USA,United States,M,N,CPI,PA,_T,N,GY,2021-07,5.365475,,USA.M.N.CPI.PA._T.N.GY
USA,United States,M,N,CPI,PA,_T,N,GY,2021-08,5.251272,,USA.M.N.CPI.PA._T.N.GY
USA,United States,M,N,CPI,PA,_T,N,GY,2021-09,5.390349,,USA.M.N.CPI.PA._T.N.GY
USA,United States,M,N,CPI,PA,_T,N,GY,2021-10,6.221869,,USA.M.N.CPI.PA._T.N.GY
USA,United States,M,N,CPI,PA,_T,N,GY,2021-11,6.809003,,USA.M.N.CPI.PA._T.N.GY
USA,United States,M,N,CPI,PA,_T,N,GY,2021-12,7.036403,,USA.M.N.CPI.PA._T.N.GY
USA,United States,M,N,CPI,PA,_T,N,GY,2022-01,7.479873,,USA.M.N.CPI.PA._T.N.GY
USA,United States,M,N,CPI,PA,_T,N,GY,2022-02,7.871064,,USA.M.N.CPI.PA._T.N.GY
USA,United States,M,N,CPI,PA,_T,N,GY,2022-03,8.542456,,USA.M.N.CPI.PA._T.N.GY
USA,United States,M,N,CPI,PA,_T,N,GY,2022-04,8.25863,,USA.M.N.CPI.PA._T.N.GY
USA,United States,M,N,CPI,PA,_T,N,GY,2022-05,8.581511,,USA.M.N.CPI.PA._T.N.GY
USA,United States,M,N,CPI,PA,_T,N,GY,2022-06,9.059758,,USA.M.N.CPI.PA._T.N.GY
USA,United States,M,N,CPI,PA,_T,N,GY,2022-07,8.524815,,USA.M.N.CPI.PA._T.N.GY
USA,United States,M,N,CPI,PA,_T,N,GY,2022-08,8.262692,,USA.M.N.CPI.PA._T.N.GY
USA,United States,M,N,CPI,PA,_T,N,GY,2022-09,8.20167,,USA.M.N.CPI.PA._T.N.GY
USA,United States,M,N,CPI,PA,_T,N,GY,2022-10,7.745427,,USA.M.N.CPI.PA._T.N.GY
USA,United States,M,N,CPI,PA,_T,N,GY,2022-11,7.110323,,USA.M.N.CPI.PA._T.N.GY
USA,United States,M,N,CPI,PA,_T,N,GY,2022-12,6.454401,,USA.M.N.CPI.PA._T.N.GY
USA,United States,M,N,CPI,PA,_T,N,GY,2023-01,6.410147,,USA.M.N.CPI.PA._T.N.GY
USA,United States,M,N,CPI,PA,_T,N,GY,2023-02,6.035613,,USA.M.N.CPI.PA._T.N.GY
USA,United States,M,N,CPI,PA,_T,N,GY,2023-03,4.984974,,USA.M.N.CPI.PA._T.N.GY
USA,United States,M,N,CPI,PA,_T,N,GY,2023-04,4.93032,,USA.M.N.CPI.PA._T.N.GY
USA,United States,M,N,CPI,PA,_T,N,GY,2023-05,4.047609,,USA.M.N.CPI.PA._T.N.GY
USA,United States,M,N,CPI,PA,_T,N,GY,2023-06,2.969178,,USA.M.N.CPI.PA._T.N.GY
USA,United States,M,N,CPI,PA,_T,N,GY,2023-07,3.17778,,USA.M.N.CPI.PA._T.N.GY
USA,United States,M,N,CPI,PA,_T,N,GY,2023-08,3.665112,,USA.M.N.CPI.PA._T.N.GY
USA,United States,M,N,CPI,PA,_T,N,GY,2023-09,3.699698,,USA.M.N.CPI.PA._T.N.GY
USA,United States,M,N,CPI,PA,_T,N,GY,2023-10,3.241145,,USA.M.N.CPI.PA._T.N.GY
USA,United States,M,N,CPI,PA,_T,N,GY,2023-11,3.137271,,USA.M.N.CPI.PA._T.N.GY
USA,United States,M,N,CPI,PA,_T,N,GY,2023-12,3.352123,,USA.M.N.CPI.PA._T.N.GY
USA,United States,M,N,CPI,PA,_T,N,GY,2024-01,3.090885,,USA.M.N.CPI.PA._T.N.GY
USA,United States,M,N,CPI,PA,_T,N,GY,2024-02,3.153171,,USA.M.N.CPI.PA._T.N.GY
USA,United States,M,N,CPI,PA,_T,N,GY,2024-03,3.477385,,USA.M.N.CPI.PA._T.N.GY
USA,United States,M,N,CPI,PA,_T,N,GY,2024-04,3.357364,,USA.M.N.CPI.PA._T.N.GY
USA,United States,M,N,CPI,PA,_T,N,GY,2024-05,3.269029,,USA.M.N.CPI.PA._T.N.GY
USA,United States,M,N,CPI,PA,_T,N,GY,2024-06,2.971397,,USA.M.N.CPI.PA._T.N.GY
USA,United States,M,N,CPI,PA,_T,N,GY,2024-07,2.894753,,USA.M.N.CPI.PA._T.N.GY
USA,United States,M,N,CPI,PA,_T,N,GY,2024-08,2.53073,,USA.M.N.CPI.PA._T.N.GY
USA,United States,M,N,CPI,PA,_T,N,GY,2024-09,2.440633,,USA.M.N.CPI.PA._T.N.GY
USA,United States,M,N,CPI,PA,_T,N,GY,2024-10,2.597905,,USA.M.N.CPI.PA._T.N.GY
USA,United States,M,N,CPI,PA,_T,N,GY,2024-11,2.74938,,USA.M.N.CPI.PA._T.N.GY
USA,United States,M,N,CPI,PA,_T,N,GY,2024-12,2.888057,,USA.M.N.CPI.PA._T.N.GY
USA,United States,M,N,CPI,PA,_T,N,GY,2025-01,3.000483,,USA.M.N.CPI.PA._T.N.GY
USA,United States,M,N,CPI,PA,_T,N,GY,2025-02,2.821549,,USA.M.N.CPI.PA._T.N.GY
USA,United States,M,N,CPI,PA,_T,N,GY,2025-03,2.390725,,USA.M.N.CPI.PA._T.N.GY
USA,United States,M,N,CPI,PA,_T,N,GY,2025-04,2.311289,,USA.M.N.CPI.PA._T.N.GY
USA,United States,M,N,CPI,PA,_T,N,GY,2025-05,2.354897,,USA.M.N.CPI.PA._T.N.GY
USA,United States,M,N,CPI,PA,_T,N,GY,2025-06,2.669213,,USA.M.N.CPI.PA._T.N.GY
USA,United States,M,N,CPI,PA,_T,N,GY,2025-07,2.704902,,USA.M.N.CPI.PA._T.N.GY
USA,United States,M,N,CPI,PA,_T,N,GY,2025-08,2.916174,,USA.M.N.CPI.PA._T.N.GY
USA,United States,M,N,CPI,PA,_T,N,GY,2025-09,3.012677,,USA.M.N.CPI.PA._T.N.GY
USA,United States,M,N,CPI,PA,_T,N,GY,2025-11,2.735085,,USA.M.N.CPI.PA._T.N.GY
USA,United States,M,N,CPI,PA,_T,N,GY,2025-12,2.677081,,USA.M.N.CPI.PA._T.N.GY
USA,United States,M,N,CPI,PA,_T,N,GY,2026-01,2.386431,,USA.M.N.CPI.PA._T.N.GY
USA,United States,M,N,CPI,PA,_T,N,GY,2026-02,2.414113,,USA.M.N.CPI.PA._T.N.GY
USA,United States,M,N,CPI,PA,_T,N,GY,2026-03,3.25642,,USA.M.N.CPI.PA._T.N.GY
USA,United States,M,N,CPI,PA,_T,N,GY,2026-04,3.810845,,USA.M.N.CPI.PA._T.N.GY
USA,United States,M,N,CPI,PA,_T,N,GY,2026-05,4.248674,,USA.M.N.CPI.PA._T.N.GY
GBR,United Kingdom,M,N,CPI,PA,_T,N,GY,2015-01,0.5,,GBR.M.N.CPI.PA._T.N.GY
GBR,United Kingdom,M,N,CPI,PA,_T,N,GY,2015-02,0.4,,GBR.M.N.CPI.PA._T.N.GY
GBR,United Kingdom,M,N,CPI,PA,_T,N,GY,2015-03,0.3,,GBR.M.N.CPI.PA._T.N.GY
GBR,United Kingdom,M,N,CPI,PA,_T,N,GY,2015-04,0.3,,GBR.M.N.CPI.PA._T.N.GY
GBR,United Kingdom,M,N,CPI,PA,_T,N,GY,2015-05,0.4,,GBR.M.N.CPI.PA._T.N.GY
GBR,United Kingdom,M,N,CPI,PA,_T,N,GY,2015-06,0.3,,GBR.M.N.CPI.PA._T.N.GY
GBR,United Kingdom,M,N,CPI,PA,_T,N,GY,2015-07,0.5,,GBR.M.N.CPI.PA._T.N.GY
GBR,United Kingdom,M,N,CPI,PA,_T,N,GY,2015-08,0.4,,GBR.M.N.CPI.PA._T.N.GY
GBR,United Kingdom,M,N,CPI,PA,_T,N,GY,2015-09,0.2,,GBR.M.N.CPI.PA._T.N.GY
GBR,United Kingdom,M,N,CPI,PA,_T,N,GY,2015-10,0.2,,GBR.M.N.CPI.PA._T.N.GY
GBR,United Kingdom,M,N,CPI,PA,_T,N,GY,2015-11,0.4,,GBR.M.N.CPI.PA._T.N.GY
GBR,United Kingdom,M,N,CPI,PA,_T,N,GY,2015-12,0.5,,GBR.M.N.CPI.PA._T.N.GY
GBR,United Kingdom,M,N,CPI,PA,_T,N,GY,2016-01,0.6,,GBR.M.N.CPI.PA._T.N.GY
GBR,United Kingdom,M,N,CPI,PA,_T,N,GY,2016-02,0.6,,GBR.M.N.CPI.PA._T.N.GY
GBR,United Kingdom,M,N,CPI,PA,_T,N,GY,2016-03,0.8,,GBR.M.N.CPI.PA._T.N.GY
GBR,United Kingdom,M,N,CPI,PA,_T,N,GY,2016-04,0.7,,GBR.M.N.CPI.PA._T.N.GY
GBR,United Kingdom,M,N,CPI,PA,_T,N,GY,2016-05,0.7,,GBR.M.N.CPI.PA._T.N.GY
GBR,United Kingdom,M,N,CPI,PA,_T,N,GY,2016-06,0.8,,GBR.M.N.CPI.PA._T.N.GY
GBR,United Kingdom,M,N,CPI,PA,_T,N,GY,2016-07,0.9,,GBR.M.N.CPI.PA._T.N.GY
GBR,United Kingdom,M,N,CPI,PA,_T,N,GY,2016-08,1.0,,GBR.M.N.CPI.PA._T.N.GY
GBR,United Kingdom,M,N,CPI,PA,_T,N,GY,2016-09,1.3,,GBR.M.N.CPI.PA._T.N.GY
GBR,United Kingdom,M,N,CPI,PA,_T,N,GY,2016-10,1.3,,GBR.M.N.CPI.PA._T.N.GY
GBR,United Kingdom,M,N,CPI,PA,_T,N,GY,2016-11,1.5,,GBR.M.N.CPI.PA._T.N.GY
GBR,United Kingdom,M,N,CPI,PA,_T,N,GY,2016-12,1.8,,GBR.M.N.CPI.PA._T.N.GY
GBR,United Kingdom,M,N,CPI,PA,_T,N,GY,2017-01,1.9,,GBR.M.N.CPI.PA._T.N.GY
GBR,United Kingdom,M,N,CPI,PA,_T,N,GY,2017-02,2.3,,GBR.M.N.CPI.PA._T.N.GY
GBR,United Kingdom,M,N,CPI,PA,_T,N,GY,2017-03,2.3,,GBR.M.N.CPI.PA._T.N.GY
GBR,United Kingdom,M,N,CPI,PA,_T,N,GY,2017-04,2.6,,GBR.M.N.CPI.PA._T.N.GY
GBR,United Kingdom,M,N,CPI,PA,_T,N,GY,2017-05,2.7,,GBR.M.N.CPI.PA._T.N.GY
GBR,United Kingdom,M,N,CPI,PA,_T,N,GY,2017-06,2.6,,GBR.M.N.CPI.PA._T.N.GY
GBR,United Kingdom,M,N,CPI,PA,_T,N,GY,2017-07,2.6,,GBR.M.N.CPI.PA._T.N.GY
GBR,United Kingdom,M,N,CPI,PA,_T,N,GY,2017-08,2.7,,GBR.M.N.CPI.PA._T.N.GY
GBR,United Kingdom,M,N,CPI,PA,_T,N,GY,2017-09,2.8,,GBR.M.N.CPI.PA._T.N.GY
GBR,United Kingdom,M,N,CPI,PA,_T,N,GY,2017-10,2.8,,GBR.M.N.CPI.PA._T.N.GY
GBR,United Kingdom,M,N,CPI,PA,_T,N,GY,2017-11,2.8,,GBR.M.N.CPI.PA._T.N.GY
GBR,United Kingdom,M,N,CPI,PA,_T,N,GY,2017-12,2.7,,GBR.M.N.CPI.PA._T.N.GY
GBR,United Kingdom,M,N,CPI,PA,_T,N,GY,2018-01,2.7,,GBR.M.N.CPI.PA._T.N.GY
GBR,United Kingdom,M,N,CPI,PA,_T,N,GY,2018-02,2.5,,GBR.M.N.CPI.PA._T.N.GY
GBR,United Kingdom,M,N,CPI,PA,_T,N,GY,2018-03,2.3,,GBR.M.N.CPI.PA._T.N.GY
GBR,United Kingdom,M,N,CPI,PA,_T,N,GY,2018-04,2.2,,GBR.M.N.CPI.PA._T.N.GY
GBR,United Kingdom,M,N,CPI,PA,_T,N,GY,2018-05,2.3,,GBR.M.N.CPI.PA._T.N.GY
GBR,United Kingdom,M,N,CPI,PA,_T,N,GY,2018-06,2.3,,GBR.M.N.CPI.PA._T.N.GY
GBR,United Kingdom,M,N,CPI,PA,_T,N,GY,2018-07,2.3,,GBR.M.N.CPI.PA._T.N.GY
GBR,United Kingdom,M,N,CPI,PA,_T,N,GY,2018-08,2.4,,GBR.M.N.CPI.PA._T.N.GY
GBR,United Kingdom,M,N,CPI,PA,_T,N,GY,2018-09,2.2,,GBR.M.N.CPI.PA._T.N.GY
GBR,United Kingdom,M,N,CPI,PA,_T,N,GY,2018-10,2.2,,GBR.M.N.CPI.PA._T.N.GY
GBR,United Kingdom,M,N,CPI,PA,_T,N,GY,2018-11,2.2,,GBR.M.N.CPI.PA._T.N.GY
GBR,United Kingdom,M,N,CPI,PA,_T,N,GY,2018-12,2.0,,GBR.M.N.CPI.PA._T.N.GY
GBR,United Kingdom,M,N,CPI,PA,_T,N,GY,2019-01,1.8,,GBR.M.N.CPI.PA._T.N.GY
GBR,United Kingdom,M,N,CPI,PA,_T,N,GY,2019-02,1.8,,GBR.M.N.CPI.PA._T.N.GY
GBR,United Kingdom,M,N,CPI,PA,_T,N,GY,2019-03,1.8,,GBR.M.N.CPI.PA._T.N.GY
GBR,United Kingdom,M,N,CPI,PA,_T,N,GY,2019-04,2.0,,GBR.M.N.CPI.PA._T.N.GY
GBR,United Kingdom,M,N,CPI,PA,_T,N,GY,2019-05,1.9,,GBR.M.N.CPI.PA._T.N.GY
GBR,United Kingdom,M,N,CPI,PA,_T,N,GY,2019-06,1.9,,GBR.M.N.CPI.PA._T.N.GY
GBR,United Kingdom,M,N,CPI,PA,_T,N,GY,2019-07,2.0,,GBR.M.N.CPI.PA._T.N.GY
GBR,United Kingdom,M,N,CPI,PA,_T,N,GY,2019-08,1.7,,GBR.M.N.CPI.PA._T.N.GY
GBR,United Kingdom,M,N,CPI,PA,_T,N,GY,2019-09,1.7,,GBR.M.N.CPI.PA._T.N.GY
GBR,United Kingdom,M,N,CPI,PA,_T,N,GY,2019-10,1.5,,GBR.M.N.CPI.PA._T.N.GY
GBR,United Kingdom,M,N,CPI,PA,_T,N,GY,2019-11,1.5,,GBR.M.N.CPI.PA._T.N.GY
GBR,United Kingdom,M,N,CPI,PA,_T,N,GY,2019-12,1.4,,GBR.M.N.CPI.PA._T.N.GY
GBR,United Kingdom,M,N,CPI,PA,_T,N,GY,2020-01,1.8,,GBR.M.N.CPI.PA._T.N.GY
GBR,United Kingdom,M,N,CPI,PA,_T,N,GY,2020-02,1.7,,GBR.M.N.CPI.PA._T.N.GY
GBR,United Kingdom,M,N,CPI,PA,_T,N,GY,2020-03,1.5,,GBR.M.N.CPI.PA._T.N.GY
GBR,United Kingdom,M,N,CPI,PA,_T,N,GY,2020-04,0.9,,GBR.M.N.CPI.PA._T.N.GY
GBR,United Kingdom,M,N,CPI,PA,_T,N,GY,2020-05,0.7,,GBR.M.N.CPI.PA._T.N.GY
GBR,United Kingdom,M,N,CPI,PA,_T,N,GY,2020-06,0.8,,GBR.M.N.CPI.PA._T.N.GY
GBR,United Kingdom,M,N,CPI,PA,_T,N,GY,2020-07,1.1,,GBR.M.N.CPI.PA._T.N.GY
GBR,United Kingdom,M,N,CPI,PA,_T,N,GY,2020-08,0.5,,GBR.M.N.CPI.PA._T.N.GY
GBR,United Kingdom,M,N,CPI,PA,_T,N,GY,2020-09,0.7,,GBR.M.N.CPI.PA._T.N.GY
GBR,United Kingdom,M,N,CPI,PA,_T,N,GY,2020-10,0.9,,GBR.M.N.CPI.PA._T.N.GY
GBR,United Kingdom,M,N,CPI,PA,_T,N,GY,2020-11,0.6,,GBR.M.N.CPI.PA._T.N.GY
GBR,United Kingdom,M,N,CPI,PA,_T,N,GY,2020-12,0.8,,GBR.M.N.CPI.PA._T.N.GY
GBR,United Kingdom,M,N,CPI,PA,_T,N,GY,2021-01,0.9,,GBR.M.N.CPI.PA._T.N.GY
GBR,United Kingdom,M,N,CPI,PA,_T,N,GY,2021-02,0.7,,GBR.M.N.CPI.PA._T.N.GY
GBR,United Kingdom,M,N,CPI,PA,_T,N,GY,2021-03,1.0,,GBR.M.N.CPI.PA._T.N.GY
GBR,United Kingdom,M,N,CPI,PA,_T,N,GY,2021-04,1.6,,GBR.M.N.CPI.PA._T.N.GY
GBR,United Kingdom,M,N,CPI,PA,_T,N,GY,2021-05,2.1,,GBR.M.N.CPI.PA._T.N.GY
GBR,United Kingdom,M,N,CPI,PA,_T,N,GY,2021-06,2.4,,GBR.M.N.CPI.PA._T.N.GY
GBR,United Kingdom,M,N,CPI,PA,_T,N,GY,2021-07,2.1,,GBR.M.N.CPI.PA._T.N.GY
GBR,United Kingdom,M,N,CPI,PA,_T,N,GY,2021-08,3.0,,GBR.M.N.CPI.PA._T.N.GY
GBR,United Kingdom,M,N,CPI,PA,_T,N,GY,2021-09,2.9,,GBR.M.N.CPI.PA._T.N.GY
GBR,United Kingdom,M,N,CPI,PA,_T,N,GY,2021-10,3.8,,GBR.M.N.CPI.PA._T.N.GY
GBR,United Kingdom,M,N,CPI,PA,_T,N,GY,2021-11,4.6,,GBR.M.N.CPI.PA._T.N.GY
GBR,United Kingdom,M,N,CPI,PA,_T,N,GY,2021-12,4.8,,GBR.M.N.CPI.PA._T.N.GY
GBR,United Kingdom,M,N,CPI,PA,_T,N,GY,2022-01,4.9,,GBR.M.N.CPI.PA._T.N.GY
GBR,United Kingdom,M,N,CPI,PA,_T,N,GY,2022-02,5.5,,GBR.M.N.CPI.PA._T.N.GY
GBR,United Kingdom,M,N,CPI,PA,_T,N,GY,2022-03,6.2,,GBR.M.N.CPI.PA._T.N.GY
GBR,United Kingdom,M,N,CPI,PA,_T,N,GY,2022-04,7.8,,GBR.M.N.CPI.PA._T.N.GY
GBR,United Kingdom,M,N,CPI,PA,_T,N,GY,2022-05,7.9,,GBR.M.N.CPI.PA._T.N.GY
GBR,United Kingdom,M,N,CPI,PA,_T,N,GY,2022-06,8.2,,GBR.M.N.CPI.PA._T.N.GY
GBR,United Kingdom,M,N,CPI,PA,_T,N,GY,2022-07,8.8,,GBR.M.N.CPI.PA._T.N.GY
GBR,United Kingdom,M,N,CPI,PA,_T,N,GY,2022-08,8.6,,GBR.M.N.CPI.PA._T.N.GY
GBR,United Kingdom,M,N,CPI,PA,_T,N,GY,2022-09,8.8,,GBR.M.N.CPI.PA._T.N.GY
GBR,United Kingdom,M,N,CPI,PA,_T,N,GY,2022-10,9.6,,GBR.M.N.CPI.PA._T.N.GY
GBR,United Kingdom,M,N,CPI,PA,_T,N,GY,2022-11,9.3,,GBR.M.N.CPI.PA._T.N.GY
GBR,United Kingdom,M,N,CPI,PA,_T,N,GY,2022-12,9.2,,GBR.M.N.CPI.PA._T.N.GY
GBR,United Kingdom,M,N,CPI,PA,_T,N,GY,2023-01,8.8,,GBR.M.N.CPI.PA._T.N.GY
GBR,United Kingdom,M,N,CPI,PA,_T,N,GY,2023-02,9.2,,GBR.M.N.CPI.PA._T.N.GY
GBR,United Kingdom,M,N,CPI,PA,_T,N,GY,2023-03,8.9,,GBR.M.N.CPI.PA._T.N.GY
GBR,United Kingdom,M,N,CPI,PA,_T,N,GY,2023-04,7.8,,GBR.M.N.CPI.PA._T.N.GY
GBR,United Kingdom,M,N,CPI,PA,_T,N,GY,2023-05,7.9,,GBR.M.N.CPI.PA._T.N.GY
GBR,United Kingdom,M,N,CPI,PA,_T,N,GY,2023-06,7.3,,GBR.M.N.CPI.PA._T.N.GY
GBR,United Kingdom,M,N,CPI,PA,_T,N,GY,2023-07,6.4,,GBR.M.N.CPI.PA._T.N.GY
GBR,United Kingdom,M,N,CPI,PA,_T,N,GY,2023-08,6.3,,GBR.M.N.CPI.PA._T.N.GY
GBR,United Kingdom,M,N,CPI,PA,_T,N,GY,2023-09,6.3,,GBR.M.N.CPI.PA._T.N.GY
GBR,United Kingdom,M,N,CPI,PA,_T,N,GY,2023-10,4.7,,GBR.M.N.CPI.PA._T.N.GY
GBR,United Kingdom,M,N,CPI,PA,_T,N,GY,2023-11,4.2,,GBR.M.N.CPI.PA._T.N.GY
GBR,United Kingdom,M,N,CPI,PA,_T,N,GY,2023-12,4.2,,GBR.M.N.CPI.PA._T.N.GY
GBR,United Kingdom,M,N,CPI,PA,_T,N,GY,2024-01,4.2,,GBR.M.N.CPI.PA._T.N.GY
GBR,United Kingdom,M,N,CPI,PA,_T,N,GY,2024-02,3.8,,GBR.M.N.CPI.PA._T.N.GY
GBR,United Kingdom,M,N,CPI,PA,_T,N,GY,2024-03,3.8,,GBR.M.N.CPI.PA._T.N.GY
GBR,United Kingdom,M,N,CPI,PA,_T,N,GY,2024-04,3.0,,GBR.M.N.CPI.PA._T.N.GY
GBR,United Kingdom,M,N,CPI,PA,_T,N,GY,2024-05,2.8,,GBR.M.N.CPI.PA._T.N.GY
GBR,United Kingdom,M,N,CPI,PA,_T,N,GY,2024-06,2.8,,GBR.M.N.CPI.PA._T.N.GY
GBR,United Kingdom,M,N,CPI,PA,_T,N,GY,2024-07,3.1,,GBR.M.N.CPI.PA._T.N.GY
GBR,United Kingdom,M,N,CPI,PA,_T,N,GY,2024-08,3.1,,GBR.M.N.CPI.PA._T.N.GY
GBR,United Kingdom,M,N,CPI,PA,_T,N,GY,2024-09,2.6,,GBR.M.N.CPI.PA._T.N.GY
GBR,United Kingdom,M,N,CPI,PA,_T,N,GY,2024-10,3.2,,GBR.M.N.CPI.PA._T.N.GY
GBR,United Kingdom,M,N,CPI,PA,_T,N,GY,2024-11,3.5,,GBR.M.N.CPI.PA._T.N.GY
GBR,United Kingdom,M,N,CPI,PA,_T,N,GY,2024-12,3.5,,GBR.M.N.CPI.PA._T.N.GY
GBR,United Kingdom,M,N,CPI,PA,_T,N,GY,2025-01,3.9,,GBR.M.N.CPI.PA._T.N.GY
GBR,United Kingdom,M,N,CPI,PA,_T,N,GY,2025-02,3.7,,GBR.M.N.CPI.PA._T.N.GY
GBR,United Kingdom,M,N,CPI,PA,_T,N,GY,2025-03,3.4,,GBR.M.N.CPI.PA._T.N.GY
GBR,United Kingdom,M,N,CPI,PA,_T,N,GY,2025-04,4.1,,GBR.M.N.CPI.PA._T.N.GY
GBR,United Kingdom,M,N,CPI,PA,_T,N,GY,2025-05,4.0,,GBR.M.N.CPI.PA._T.N.GY
GBR,United Kingdom,M,N,CPI,PA,_T,N,GY,2025-06,4.1,,GBR.M.N.CPI.PA._T.N.GY
GBR,United Kingdom,M,N,CPI,PA,_T,N,GY,2025-07,4.2,,GBR.M.N.CPI.PA._T.N.GY
GBR,United Kingdom,M,N,CPI,PA,_T,N,GY,2025-08,4.1,,GBR.M.N.CPI.PA._T.N.GY
GBR,United Kingdom,M,N,CPI,PA,_T,N,GY,2025-09,4.1,,GBR.M.N.CPI.PA._T.N.GY
GBR,United Kingdom,M,N,CPI,PA,_T,N,GY,2025-10,3.8,,GBR.M.N.CPI.PA._T.N.GY
GBR,United Kingdom,M,N,CPI,PA,_T,N,GY,2025-11,3.5,,GBR.M.N.CPI.PA._T.N.GY
GBR,United Kingdom,M,N,CPI,PA,_T,N,GY,2025-12,3.6,,GBR.M.N.CPI.PA._T.N.GY
GBR,United Kingdom,M,N,CPI,PA,_T,N,GY,2026-01,3.2,,GBR.M.N.CPI.PA._T.N.GY
GBR,United Kingdom,M,N,CPI,PA,_T,N,GY,2026-02,3.2,,GBR.M.N.CPI.PA._T.N.GY
GBR,United Kingdom,M,N,CPI,PA,_T,N,GY,2026-03,3.4,,GBR.M.N.CPI.PA._T.N.GY
GBR,United Kingdom,M,N,CPI,PA,_T,N,GY,2026-04,3.0,,GBR.M.N.CPI.PA._T.N.GY
GBR,United Kingdom,M,N,CPI,PA,_T,N,GY,2026-05,3.0,,GBR.M.N.CPI.PA._T.N.GY
G7,G7,M,N,CPI,PA,_T,N,GY,2015-01,0.2653642,,G7.M.N.CPI.PA._T.N.GY
G7,G7,M,N,CPI,PA,_T,N,GY,2015-02,0.3247764,,G7.M.N.CPI.PA._T.N.GY
G7,G7,M,N,CPI,PA,_T,N,GY,2015-03,0.3467271,,G7.M.N.CPI.PA._T.N.GY
G7,G7,M,N,CPI,PA,_T,N,GY,2015-04,0.1155119,,G7.M.N.CPI.PA._T.N.GY
G7,G7,M,N,CPI,PA,_T,N,GY,2015-05,0.2571628,,G7.M.N.CPI.PA._T.N.GY
G7,G7,M,N,CPI,PA,_T,N,GY,2015-06,0.2904607,,G7.M.N.CPI.PA._T.N.GY
G7,G7,M,N,CPI,PA,_T,N,GY,2015-07,0.303854,,G7.M.N.CPI.PA._T.N.GY
G7,G7,M,N,CPI,PA,_T,N,GY,2015-08,0.2932605,,G7.M.N.CPI.PA._T.N.GY
G7,G7,M,N,CPI,PA,_T,N,GY,2015-09,0.1078617,,G7.M.N.CPI.PA._T.N.GY
G7,G7,M,N,CPI,PA,_T,N,GY,2015-10,0.2832904,,G7.M.N.CPI.PA._T.N.GY
G7,G7,M,N,CPI,PA,_T,N,GY,2015-11,0.4182373,,G7.M.N.CPI.PA._T.N.GY
G7,G7,M,N,CPI,PA,_T,N,GY,2015-12,0.5488427,,G7.M.N.CPI.PA._T.N.GY
G7,G7,M,N,CPI,PA,_T,N,GY,2016-01,0.9504765,,G7.M.N.CPI.PA._T.N.GY
G7,G7,M,N,CPI,PA,_T,N,GY,2016-02,0.6701436,,G7.M.N.CPI.PA._T.N.GY
G7,G7,M,N,CPI,PA,_T,N,GY,2016-03,0.58675,,G7.M.N.CPI.PA._T.N.GY
G7,G7,M,N,CPI,PA,_T,N,GY,2016-04,0.6631089,,G7.M.N.CPI.PA._T.N.GY
G7,G7,M,N,CPI,PA,_T,N,GY,2016-05,0.619979,,G7.M.N.CPI.PA._T.N.GY
G7,G7,M,N,CPI,PA,_T,N,GY,2016-06,0.6552897,,G7.M.N.CPI.PA._T.N.GY
GBR,United Kingdom,M,N,CPI,PA,_T,N,GY,2026-07,3.1,,GBR.M.N.CPI.PA._T.N.GY
GBR,United Kingdom,M,N,CPI,PA,_T,N,GY,2026-06,2.8,,GBR.M.N.CPI.PA._T.N.GY
USA,United States,M,N,CPI,PA,_T,N,GY,2026-06,3.531425,,USA.M.N.CPI.PA._T.N.GY
USA,United States,M,N,CPI,PA,_T,N,GY,2026-07,3.364825,,USA.M.N.CPI.PA._T.N.GY
KOR,Korea,M,N,CPI,PA,_T,N,GY,2015-01,0.9740745,,KOR.M.N.CPI.PA._T.N.GY
KOR,Korea,M,N,CPI,PA,_T,N,GY,2015-02,0.6458821,,KOR.M.N.CPI.PA._T.N.GY
KOR,Korea,M,N,CPI,PA,_T,N,GY,2015-03,0.4705108,,KOR.M.N.CPI.PA._T.N.GY
KOR,Korea,M,N,CPI,PA,_T,N,GY,2015-04,0.4362409,,KOR.M.N.CPI.PA._T.N.GY
KOR,Korea,M,N,CPI,PA,_T,N,GY,2015-05,0.5520881,,KOR.M.N.CPI.PA._T.N.GY
KOR,Korea,M,N,CPI,PA,_T,N,GY,2015-06,0.7013412,,KOR.M.N.CPI.PA._T.N.GY
KOR,Korea,M,N,CPI,PA,_T,N,GY,2015-07,0.7352785,,KOR.M.N.CPI.PA._T.N.GY
KOR,Korea,M,N,CPI,PA,_T,N,GY,2015-08,0.7001513,,KOR.M.N.CPI.PA._T.N.GY
KOR,Korea,M,N,CPI,PA,_T,N,GY,2015-09,0.503757,,KOR.M.N.CPI.PA._T.N.GY
KOR,Korea,M,N,CPI,PA,_T,N,GY,2015-10,0.8078128,,KOR.M.N.CPI.PA._T.N.GY
KOR,Korea,M,N,CPI,PA,_T,N,GY,2015-11,0.8200819,,KOR.M.N.CPI.PA._T.N.GY
KOR,Korea,M,N,CPI,PA,_T,N,GY,2015-12,1.131843,,KOR.M.N.CPI.PA._T.N.GY
KOR,Korea,M,N,CPI,PA,_T,N,GY,2016-01,0.6223387,,KOR.M.N.CPI.PA._T.N.GY
KOR,Korea,M,N,CPI,PA,_T,N,GY,2016-02,1.113261,,KOR.M.N.CPI.PA._T.N.GY
KOR,Korea,M,N,CPI,PA,_T,N,GY,2016-03,0.8425303,,KOR.M.N.CPI.PA._T.N.GY
KOR,Korea,M,N,CPI,PA,_T,N,GY,2016-04,1.001849,,KOR.M.N.CPI.PA._T.N.GY
KOR,Korea,M,N,CPI,PA,_T,N,GY,2016-05,0.7798504,,KOR.M.N.CPI.PA._T.N.GY
KOR,Korea,M,N,CPI,PA,_T,N,GY,2016-06,0.7396559,,KOR.M.N.CPI.PA._T.N.GY
KOR,Korea,M,N,CPI,PA,_T,N,GY,2016-07,0.3691628,,KOR.M.N.CPI.PA._T.N.GY
KOR,Korea,M,N,CPI,PA,_T,N,GY,2016-08,0.4873284,,KOR.M.N.CPI.PA._T.N.GY
KOR,Korea,M,N,CPI,PA,_T,N,GY,2016-09,1.348904,,KOR.M.N.CPI.PA._T.N.GY
KOR,Korea,M,N,CPI,PA,_T,N,GY,2016-10,1.487901,,KOR.M.N.CPI.PA._T.N.GY
KOR,Korea,M,N,CPI,PA,_T,N,GY,2016-11,1.530817,,KOR.M.N.CPI.PA._T.N.GY
KOR,Korea,M,N,CPI,PA,_T,N,GY,2016-12,1.337962,,KOR.M.N.CPI.PA._T.N.GY
KOR,Korea,M,N,CPI,PA,_T,N,GY,2017-01,2.240843,,KOR.M.N.CPI.PA._T.N.GY
KOR,Korea,M,N,CPI,PA,_T,N,GY,2017-02,2.082811,,KOR.M.N.CPI.PA._T.N.GY
KOR,Korea,M,N,CPI,PA,_T,N,GY,2017-03,2.276897,,KOR.M.N.CPI.PA._T.N.GY
KOR,Korea,M,N,CPI,PA,_T,N,GY,2017-04,1.955573,,KOR.M.N.CPI.PA._T.N.GY
KOR,Korea,M,N,CPI,PA,_T,N,GY,2017-05,2.003555,,KOR.M.N.CPI.PA._T.N.GY
KOR,Korea,M,N,CPI,PA,_T,N,GY,2017-06,1.806278,,KOR.M.N.CPI.PA._T.N.GY
KOR,Korea,M,N,CPI,PA,_T,N,GY,2017-07,2.167011,,KOR.M.N.CPI.PA._T.N.GY
KOR,Korea,M,N,CPI,PA,_T,N,GY,2017-08,2.488581,,KOR.M.N.CPI.PA._T.N.GY
KOR,Korea,M,N,CPI,PA,_T,N,GY,2017-09,2.000062,,KOR.M.N.CPI.PA._T.N.GY
KOR,Korea,M,N,CPI,PA,_T,N,GY,2017-10,1.761795,,KOR.M.N.CPI.PA._T.N.GY
KOR,Korea,M,N,CPI,PA,_T,N,GY,2017-11,1.153403,,KOR.M.N.CPI.PA._T.N.GY
KOR,Korea,M,N,CPI,PA,_T,N,GY,2017-12,1.407486,,KOR.M.N.CPI.PA._T.N.GY
KOR,Korea,M,N,CPI,PA,_T,N,GY,2018-01,0.7600189,,KOR.M.N.CPI.PA._T.N.GY
KOR,Korea,M,N,CPI,PA,_T,N,GY,2018-02,1.252663,,KOR.M.N.CPI.PA._T.N.GY
KOR,Korea,M,N,CPI,PA,_T,N,GY,2018-03,1.2156,,KOR.M.N.CPI.PA._T.N.GY
KOR,Korea,M,N,CPI,PA,_T,N,GY,2018-04,1.528088,,KOR.M.N.CPI.PA._T.N.GY
KOR,Korea,M,N,CPI,PA,_T,N,GY,2018-05,1.469051,,KOR.M.N.CPI.PA._T.N.GY
KOR,Korea,M,N,CPI,PA,_T,N,GY,2018-06,1.480408,,KOR.M.N.CPI.PA._T.N.GY
KOR,Korea,M,N,CPI,PA,_T,N,GY,2018-07,1.118986,,KOR.M.N.CPI.PA._T.N.GY
KOR,Korea,M,N,CPI,PA,_T,N,GY,2018-08,1.431806,,KOR.M.N.CPI.PA._T.N.GY
KOR,Korea,M,N,CPI,PA,_T,N,GY,2018-09,2.087153,,KOR.M.N.CPI.PA._T.N.GY
KOR,Korea,M,N,CPI,PA,_T,N,GY,2018-10,2.002508,,KOR.M.N.CPI.PA._T.N.GY
KOR,Korea,M,N,CPI,PA,_T,N,GY,2018-11,2.037043,,KOR.M.N.CPI.PA._T.N.GY
KOR,Korea,M,N,CPI,PA,_T,N,GY,2018-12,1.320395,,KOR.M.N.CPI.PA._T.N.GY
KOR,Korea,M,N,CPI,PA,_T,N,GY,2019-01,0.7930198,,KOR.M.N.CPI.PA._T.N.GY
KOR,Korea,M,N,CPI,PA,_T,N,GY,2019-02,0.4612817,,KOR.M.N.CPI.PA._T.N.GY
KOR,Korea,M,N,CPI,PA,_T,N,GY,2019-03,0.3746797,,KOR.M.N.CPI.PA._T.N.GY
KOR,Korea,M,N,CPI,PA,_T,N,GY,2019-04,0.555943,,KOR.M.N.CPI.PA._T.N.GY
KOR,Korea,M,N,CPI,PA,_T,N,GY,2019-05,0.6799422,,KOR.M.N.CPI.PA._T.N.GY
KOR,Korea,M,N,CPI,PA,_T,N,GY,2019-06,0.720801,,KOR.M.N.CPI.PA._T.N.GY
KOR,Korea,M,N,CPI,PA,_T,N,GY,2019-07,0.6055381,,KOR.M.N.CPI.PA._T.N.GY
KOR,Korea,M,N,CPI,PA,_T,N,GY,2019-08,-0.03720014,,KOR.M.N.CPI.PA._T.N.GY
KOR,Korea,M,N,CPI,PA,_T,N,GY,2019-09,-0.4260584,,KOR.M.N.CPI.PA._T.N.GY
KOR,Korea,M,N,CPI,PA,_T,N,GY,2019-10,0.0,,KOR.M.N.CPI.PA._T.N.GY
KOR,Korea,M,N,CPI,PA,_T,N,GY,2019-11,0.1520185,,KOR.M.N.CPI.PA._T.N.GY
KOR,Korea,M,N,CPI,PA,_T,N,GY,2019-12,0.7384734,,KOR.M.N.CPI.PA._T.N.GY
KOR,Korea,M,N,CPI,PA,_T,N,GY,2020-01,1.219611,,KOR.M.N.CPI.PA._T.N.GY
KOR,Korea,M,N,CPI,PA,_T,N,GY,2020-02,0.8548902,,KOR.M.N.CPI.PA._T.N.GY
KOR,Korea,M,N,CPI,PA,_T,N,GY,2020-03,0.8262628,,KOR.M.N.CPI.PA._T.N.GY
KOR,Korea,M,N,CPI,PA,_T,N,GY,2020-04,0.01909912,,KOR.M.N.CPI.PA._T.N.GY
KOR,Korea,M,N,CPI,PA,_T,N,GY,2020-05,-0.2127403,,KOR.M.N.CPI.PA._T.N.GY
KOR,Korea,M,N,CPI,PA,_T,N,GY,2020-06,0.2201204,,KOR.M.N.CPI.PA._T.N.GY
KOR,Korea,M,N,CPI,PA,_T,N,GY,2020-07,0.4466311,,KOR.M.N.CPI.PA._T.N.GY
KOR,Korea,M,N,CPI,PA,_T,N,GY,2020-08,0.7694242,,KOR.M.N.CPI.PA._T.N.GY
KOR,Korea,M,N,CPI,PA,_T,N,GY,2020-09,0.9479528,,KOR.M.N.CPI.PA._T.N.GY
KOR,Korea,M,N,CPI,PA,_T,N,GY,2020-10,0.138943,,KOR.M.N.CPI.PA._T.N.GY
KOR,Korea,M,N,CPI,PA,_T,N,GY,2020-11,0.6121772,,KOR.M.N.CPI.PA._T.N.GY
KOR,Korea,M,N,CPI,PA,_T,N,GY,2020-12,0.6127217,,KOR.M.N.CPI.PA._T.N.GY
KOR,Korea,M,N,CPI,PA,_T,N,GY,2021-01,0.9491458,,KOR.M.N.CPI.PA._T.N.GY
KOR,Korea,M,N,CPI,PA,_T,N,GY,2021-02,1.417732,,KOR.M.N.CPI.PA._T.N.GY
KOR,Korea,M,N,CPI,PA,_T,N,GY,2021-03,1.901141,,KOR.M.N.CPI.PA._T.N.GY
KOR,Korea,M,N,CPI,PA,_T,N,GY,2021-04,2.492462,,KOR.M.N.CPI.PA._T.N.GY
KOR,Korea,M,N,CPI,PA,_T,N,GY,2021-05,2.624698,,KOR.M.N.CPI.PA._T.N.GY
KOR,Korea,M,N,CPI,PA,_T,N,GY,2021-06,2.346806,,KOR.M.N.CPI.PA._T.N.GY
KOR,Korea,M,N,CPI,PA,_T,N,GY,2021-07,2.639767,,KOR.M.N.CPI.PA._T.N.GY
KOR,Korea,M,N,CPI,PA,_T,N,GY,2021-08,2.555145,,KOR.M.N.CPI.PA._T.N.GY
KOR,Korea,M,N,CPI,PA,_T,N,GY,2021-09,2.41215,,KOR.M.N.CPI.PA._T.N.GY
KOR,Korea,M,N,CPI,PA,_T,N,GY,2021-10,3.164304,,KOR.M.N.CPI.PA._T.N.GY
KOR,Korea,M,N,CPI,PA,_T,N,GY,2021-11,3.776601,,KOR.M.N.CPI.PA._T.N.GY
KOR,Korea,M,N,CPI,PA,_T,N,GY,2021-12,3.697797,,KOR.M.N.CPI.PA._T.N.GY
KOR,Korea,M,N,CPI,PA,_T,N,GY,2022-01,3.770784,,KOR.M.N.CPI.PA._T.N.GY
KOR,Korea,M,N,CPI,PA,_T,N,GY,2022-02,3.780272,,KOR.M.N.CPI.PA._T.N.GY
KOR,Korea,M,N,CPI,PA,_T,N,GY,2022-03,4.183032,,KOR.M.N.CPI.PA._T.N.GY
KOR,Korea,M,N,CPI,PA,_T,N,GY,2022-04,4.755835,,KOR.M.N.CPI.PA._T.N.GY
KOR,Korea,M,N,CPI,PA,_T,N,GY,2022-05,5.340519,,KOR.M.N.CPI.PA._T.N.GY
KOR,Korea,M,N,CPI,PA,_T,N,GY,2022-06,6.036257,,KOR.M.N.CPI.PA._T.N.GY
KOR,Korea,M,N,CPI,PA,_T,N,GY,2022-07,6.32701,,KOR.M.N.CPI.PA._T.N.GY
KOR,Korea,M,N,CPI,PA,_T,N,GY,2022-08,5.722628,,KOR.M.N.CPI.PA._T.N.GY
KOR,Korea,M,N,CPI,PA,_T,N,GY,2022-09,5.476398,,KOR.M.N.CPI.PA._T.N.GY
KOR,Korea,M,N,CPI,PA,_T,N,GY,2022-10,5.621674,,KOR.M.N.CPI.PA._T.N.GY
KOR,Korea,M,N,CPI,PA,_T,N,GY,2022-11,5.006258,,KOR.M.N.CPI.PA._T.N.GY
KOR,Korea,M,N,CPI,PA,_T,N,GY,2022-12,5.017301,,KOR.M.N.CPI.PA._T.N.GY
KOR,Korea,M,N,CPI,PA,_T,N,GY,2023-01,4.978541,,KOR.M.N.CPI.PA._T.N.GY
KOR,Korea,M,N,CPI,PA,_T,N,GY,2023-02,4.65756,,KOR.M.N.CPI.PA._T.N.GY
KOR,Korea,M,N,CPI,PA,_T,N,GY,2023-03,4.165881,,KOR.M.N.CPI.PA._T.N.GY
KOR,Korea,M,N,CPI,PA,_T,N,GY,2023-04,3.688102,,KOR.M.N.CPI.PA._T.N.GY
KOR,Korea,M,N,CPI,PA,_T,N,GY,2023-05,3.376744,,KOR.M.N.CPI.PA._T.N.GY
KOR,Korea,M,N,CPI,PA,_T,N,GY,2023-06,2.726181,,KOR.M.N.CPI.PA._T.N.GY
KOR,Korea,M,N,CPI,PA,_T,N,GY,2023-07,2.354456,,KOR.M.N.CPI.PA._T.N.GY
KOR,Korea,M,N,CPI,PA,_T,N,GY,2023-08,3.360029,,KOR.M.N.CPI.PA._T.N.GY
KOR,Korea,M,N,CPI,PA,_T,N,GY,2023-09,3.703363,,KOR.M.N.CPI.PA._T.N.GY
KOR,Korea,M,N,CPI,PA,_T,N,GY,2023-10,3.765115,,KOR.M.N.CPI.PA._T.N.GY
KOR,Korea,M,N,CPI,PA,_T,N,GY,2023-11,3.309801,,KOR.M.N.CPI.PA._T.N.GY
KOR,Korea,M,N,CPI,PA,_T,N,GY,2023-12,3.175911,,KOR.M.N.CPI.PA._T.N.GY
KOR,Korea,M,N,CPI,PA,_T,N,GY,2024-01,2.81639,,KOR.M.N.CPI.PA._T.N.GY
KOR,Korea,M,N,CPI,PA,_T,N,GY,2024-02,3.126983,,KOR.M.N.CPI.PA._T.N.GY
KOR,Korea,M,N,CPI,PA,_T,N,GY,2024-03,3.103511,,KOR.M.N.CPI.PA._T.N.GY
KOR,Korea,M,N,CPI,PA,_T,N,GY,2024-04,2.92498,,KOR.M.N.CPI.PA._T.N.GY
KOR,Korea,M,N,CPI,PA,_T,N,GY,2024-05,2.672546,,KOR.M.N.CPI.PA._T.N.GY
KOR,Korea,M,N,CPI,PA,_T,N,GY,2024-06,2.410939,,KOR.M.N.CPI.PA._T.N.GY
KOR,Korea,M,N,CPI,PA,_T,N,GY,2024-07,2.551892,,KOR.M.N.CPI.PA._T.N.GY
KOR,Korea,M,N,CPI,PA,_T,N,GY,2024-08,2.012825,,KOR.M.N.CPI.PA._T.N.GY
KOR,Korea,M,N,CPI,PA,_T,N,GY,2024-09,1.595038,,KOR.M.N.CPI.PA._T.N.GY
KOR,Korea,M,N,CPI,PA,_T,N,GY,2024-10,1.253642,,KOR.M.N.CPI.PA._T.N.GY
KOR,Korea,M,N,CPI,PA,_T,N,GY,2024-11,1.526447,,KOR.M.N.CPI.PA._T.N.GY
KOR,Korea,M,N,CPI,PA,_T,N,GY,2024-12,1.933824,,KOR.M.N.CPI.PA._T.N.GY
KOR,Korea,M,N,CPI,PA,_T,N,GY,2025-01,2.244411,,KOR.M.N.CPI.PA._T.N.GY
KOR,Korea,M,N,CPI,PA,_T,N,GY,2025-02,2.021445,,KOR.M.N.CPI.PA._T.N.GY
KOR,Korea,M,N,CPI,PA,_T,N,GY,2025-03,2.053532,,KOR.M.N.CPI.PA._T.N.GY
KOR,Korea,M,N,CPI,PA,_T,N,GY,2025-04,2.078765,,KOR.M.N.CPI.PA._T.N.GY
KOR,Korea,M,N,CPI,PA,_T,N,GY,2025-05,1.90184,,KOR.M.N.CPI.PA._T.N.GY
KOR,Korea,M,N,CPI,PA,_T,N,GY,2025-06,2.169712,,KOR.M.N.CPI.PA._T.N.GY
KOR,Korea,M,N,CPI,PA,_T,N,GY,2025-07,2.094103,,KOR.M.N.CPI.PA._T.N.GY
KOR,Korea,M,N,CPI,PA,_T,N,GY,2025-08,1.66754,,KOR.M.N.CPI.PA._T.N.GY
KOR,Korea,M,N,CPI,PA,_T,N,GY,2025-09,2.10205,,KOR.M.N.CPI.PA._T.N.GY
KOR,Korea,M,N,CPI,PA,_T,N,GY,2025-10,2.38033,,KOR.M.N.CPI.PA._T.N.GY
KOR,Korea,M,N,CPI,PA,_T,N,GY,2025-11,2.447552,,KOR.M.N.CPI.PA._T.N.GY
KOR,Korea,M,N,CPI,PA,_T,N,GY,2025-12,2.314855,,KOR.M.N.CPI.PA._T.N.GY
KOR,Korea,M,N,CPI,PA,_T,N,GY,2026-01,2.005013,,KOR.M.N.CPI.PA._T.N.GY
KOR,Korea,M,N,CPI,PA,_T,N,GY,2026-02,1.998622,,KOR.M.N.CPI.PA._T.N.GY
KOR,Korea,M,N,CPI,PA,_T,N,GY,2026-03,2.158397,,KOR.M.N.CPI.PA._T.N.GY
KOR,Korea,M,N,CPI,PA,_T,N,GY,2026-04,2.56917,,KOR.M.N.CPI.PA._T.N.GY
KOR,Korea,M,N,CPI,PA,_T,N,GY,2026-05,3.139245,,KOR.M.N.CPI.PA._T.N.GY
BRA,Brazil,M,N,CPI,PA,_T,N,GY,2015-01,7.137737,,BRA.M.N.CPI.PA._T.N.GY
BRA,Brazil,M,N,CPI,PA,_T,N,GY,2015-02,7.701587,,BRA.M.N.CPI.PA._T.N.GY
BRA,Brazil,M,N,CPI,PA,_T,N,GY,2015-03,8.128505,,BRA.M.N.CPI.PA._T.N.GY
BRA,Brazil,M,N,CPI,PA,_T,N,GY,2015-04,8.171487,,BRA.M.N.CPI.PA._T.N.GY
BRA,Brazil,M,N,CPI,PA,_T,N,GY,2015-05,8.472942,,BRA.M.N.CPI.PA._T.N.GY
BRA,Brazil,M,N,CPI,PA,_T,N,GY,2015-06,8.89443,,BRA.M.N.CPI.PA._T.N.GY
BRA,Brazil,M,N,CPI,PA,_T,N,GY,2015-07,9.558393,,BRA.M.N.CPI.PA._T.N.GY
BRA,Brazil,M,N,CPI,PA,_T,N,GY,2015-08,9.525477,,BRA.M.N.CPI.PA._T.N.GY
BRA,Brazil,M,N,CPI,PA,_T,N,GY,2015-09,9.492789,,BRA.M.N.CPI.PA._T.N.GY
BRA,Brazil,M,N,CPI,PA,_T,N,GY,2015-10,9.928892,,BRA.M.N.CPI.PA._T.N.GY
BRA,Brazil,M,N,CPI,PA,_T,N,GY,2015-11,10.47577,,BRA.M.N.CPI.PA._T.N.GY
BRA,Brazil,M,N,CPI,PA,_T,N,GY,2015-12,10.67303,,BRA.M.N.CPI.PA._T.N.GY
BRA,Brazil,M,N,CPI,PA,_T,N,GY,2016-01,10.7058,,BRA.M.N.CPI.PA._T.N.GY
BRA,Brazil,M,N,CPI,PA,_T,N,GY,2016-02,10.35588,,BRA.M.N.CPI.PA._T.N.GY
BRA,Brazil,M,N,CPI,PA,_T,N,GY,2016-03,9.386373,,BRA.M.N.CPI.PA._T.N.GY
BRA,Brazil,M,N,CPI,PA,_T,N,GY,2016-04,9.277795,,BRA.M.N.CPI.PA._T.N.GY
BRA,Brazil,M,N,CPI,PA,_T,N,GY,2016-05,9.32119,,BRA.M.N.CPI.PA._T.N.GY
BRA,Brazil,M,N,CPI,PA,_T,N,GY,2016-06,8.843747,,BRA.M.N.CPI.PA._T.N.GY
BRA,Brazil,M,N,CPI,PA,_T,N,GY,2016-07,8.735771,,BRA.M.N.CPI.PA._T.N.GY
BRA,Brazil,M,N,CPI,PA,_T,N,GY,2016-08,8.974498,,BRA.M.N.CPI.PA._T.N.GY
BRA,Brazil,M,N,CPI,PA,_T,N,GY,2016-09,8.475968,,BRA.M.N.CPI.PA._T.N.GY
BRA,Brazil,M,N,CPI,PA,_T,N,GY,2016-10,7.873671,,BRA.M.N.CPI.PA._T.N.GY
BRA,Brazil,M,N,CPI,PA,_T,N,GY,2016-11,6.987383,,BRA.M.N.CPI.PA._T.N.GY
BRA,Brazil,M,N,CPI,PA,_T,N,GY,2016-12,6.287988,,BRA.M.N.CPI.PA._T.N.GY
BRA,Brazil,M,N,CPI,PA,_T,N,GY,2017-01,5.354015,,BRA.M.N.CPI.PA._T.N.GY
BRA,Brazil,M,N,CPI,PA,_T,N,GY,2017-02,4.758907,,BRA.M.N.CPI.PA._T.N.GY
BRA,Brazil,M,N,CPI,PA,_T,N,GY,2017-03,4.571105,,BRA.M.N.CPI.PA._T.N.GY
BRA,Brazil,M,N,CPI,PA,_T,N,GY,2017-04,4.082517,,BRA.M.N.CPI.PA._T.N.GY
BRA,Brazil,M,N,CPI,PA,_T,N,GY,2017-05,3.597256,,BRA.M.N.CPI.PA._T.N.GY
BRA,Brazil,M,N,CPI,PA,_T,N,GY,2017-06,2.998557,,BRA.M.N.CPI.PA._T.N.GY
BRA,Brazil,M,N,CPI,PA,_T,N,GY,2017-07,2.711626,,BRA.M.N.CPI.PA._T.N.GY
BRA,Brazil,M,N,CPI,PA,_T,N,GY,2017-08,2.455909,,BRA.M.N.CPI.PA._T.N.GY
BRA,Brazil,M,N,CPI,PA,_T,N,GY,2017-09,2.537691,,BRA.M.N.CPI.PA._T.N.GY
BRA,Brazil,M,N,CPI,PA,_T,N,GY,2017-10,2.701321,,BRA.M.N.CPI.PA._T.N.GY
BRA,Brazil,M,N,CPI,PA,_T,N,GY,2017-11,2.803785,,BRA.M.N.CPI.PA._T.N.GY
BRA,Brazil,M,N,CPI,PA,_T,N,GY,2017-12,2.947421,,BRA.M.N.CPI.PA._T.N.GY
BRA,Brazil,M,N,CPI,PA,_T,N,GY,2018-01,2.855116,,BRA.M.N.CPI.PA._T.N.GY
BRA,Brazil,M,N,CPI,PA,_T,N,GY,2018-02,2.844894,,BRA.M.N.CPI.PA._T.N.GY
BRA,Brazil,M,N,CPI,PA,_T,N,GY,2018-03,2.680803,,BRA.M.N.CPI.PA._T.N.GY
BRA,Brazil,M,N,CPI,PA,_T,N,GY,2018-04,2.762797,,BRA.M.N.CPI.PA._T.N.GY
BRA,Brazil,M,N,CPI,PA,_T,N,GY,2018-05,2.855013,,BRA.M.N.CPI.PA._T.N.GY
BRA,Brazil,M,N,CPI,PA,_T,N,GY,2018-06,4.391104,,BRA.M.N.CPI.PA._T.N.GY
BRA,Brazil,M,N,CPI,PA,_T,N,GY,2018-07,4.484844,,BRA.M.N.CPI.PA._T.N.GY
BRA,Brazil,M,N,CPI,PA,_T,N,GY,2018-08,4.193016,,BRA.M.N.CPI.PA._T.N.GY
BRA,Brazil,M,N,CPI,PA,_T,N,GY,2018-09,4.525976,,BRA.M.N.CPI.PA._T.N.GY
BRA,Brazil,M,N,CPI,PA,_T,N,GY,2018-10,4.557029,,BRA.M.N.CPI.PA._T.N.GY
BRA,Brazil,M,N,CPI,PA,_T,N,GY,2018-11,4.046031,,BRA.M.N.CPI.PA._T.N.GY
BRA,Brazil,M,N,CPI,PA,_T,N,GY,2018-12,3.745581,,BRA.M.N.CPI.PA._T.N.GY
BRA,Brazil,M,N,CPI,PA,_T,N,GY,2019-01,3.776528,,BRA.M.N.CPI.PA._T.N.GY
BRA,Brazil,M,N,CPI,PA,_T,N,GY,2019-02,3.890225,,BRA.M.N.CPI.PA._T.N.GY
BRA,Brazil,M,N,CPI,PA,_T,N,GY,2019-03,4.575284,,BRA.M.N.CPI.PA._T.N.GY
BRA,Brazil,M,N,CPI,PA,_T,N,GY,2019-04,4.940506,,BRA.M.N.CPI.PA._T.N.GY
BRA,Brazil,M,N,CPI,PA,_T,N,GY,2019-05,4.658258,,BRA.M.N.CPI.PA._T.N.GY
BRA,Brazil,M,N,CPI,PA,_T,N,GY,2019-06,3.366267,,BRA.M.N.CPI.PA._T.N.GY
BRA,Brazil,M,N,CPI,PA,_T,N,GY,2019-07,3.22202,,BRA.M.N.CPI.PA._T.N.GY
BRA,Brazil,M,N,CPI,PA,_T,N,GY,2019-08,3.428616,,BRA.M.N.CPI.PA._T.N.GY
BRA,Brazil,M,N,CPI,PA,_T,N,GY,2019-09,2.893425,,BRA.M.N.CPI.PA._T.N.GY
BRA,Brazil,M,N,CPI,PA,_T,N,GY,2019-10,2.535029,,BRA.M.N.CPI.PA._T.N.GY
BRA,Brazil,M,N,CPI,PA,_T,N,GY,2019-11,3.274906,,BRA.M.N.CPI.PA._T.N.GY
BRA,Brazil,M,N,CPI,PA,_T,N,GY,2019-12,4.306151,,BRA.M.N.CPI.PA._T.N.GY
BRA,Brazil,M,N,CPI,PA,_T,N,GY,2020-01,4.191771,,BRA.M.N.CPI.PA._T.N.GY
BRA,Brazil,M,N,CPI,PA,_T,N,GY,2020-02,4.005114,,BRA.M.N.CPI.PA._T.N.GY
BRA,Brazil,M,N,CPI,PA,_T,N,GY,2020-03,3.303158,,BRA.M.N.CPI.PA._T.N.GY
BRA,Brazil,M,N,CPI,PA,_T,N,GY,2020-04,2.399279,,BRA.M.N.CPI.PA._T.N.GY
BRA,Brazil,M,N,CPI,PA,_T,N,GY,2020-05,1.877727,,BRA.M.N.CPI.PA._T.N.GY
BRA,Brazil,M,N,CPI,PA,_T,N,GY,2020-06,2.132417,,BRA.M.N.CPI.PA._T.N.GY
BRA,Brazil,M,N,CPI,PA,_T,N,GY,2020-07,2.305625,,BRA.M.N.CPI.PA._T.N.GY
BRA,Brazil,M,N,CPI,PA,_T,N,GY,2020-08,2.438465,,BRA.M.N.CPI.PA._T.N.GY
BRA,Brazil,M,N,CPI,PA,_T,N,GY,2020-09,3.135329,,BRA.M.N.CPI.PA._T.N.GY
BRA,Brazil,M,N,CPI,PA,_T,N,GY,2020-10,3.91835,,BRA.M.N.CPI.PA._T.N.GY
BRA,Brazil,M,N,CPI,PA,_T,N,GY,2020-11,4.311224,,BRA.M.N.CPI.PA._T.N.GY
BRA,Brazil,M,N,CPI,PA,_T,N,GY,2020-12,4.517457,,BRA.M.N.CPI.PA._T.N.GY
BRA,Brazil,M,N,CPI,PA,_T,N,GY,2021-01,4.559198,,BRA.M.N.CPI.PA._T.N.GY
BRA,Brazil,M,N,CPI,PA,_T,N,GY,2021-02,5.195379,,BRA.M.N.CPI.PA._T.N.GY
BRA,Brazil,M,N,CPI,PA,_T,N,GY,2021-03,6.099479,,BRA.M.N.CPI.PA._T.N.GY
BRA,Brazil,M,N,CPI,PA,_T,N,GY,2021-04,6.759304,,BRA.M.N.CPI.PA._T.N.GY
BRA,Brazil,M,N,CPI,PA,_T,N,GY,2021-05,8.056066,,BRA.M.N.CPI.PA._T.N.GY
BRA,Brazil,M,N,CPI,PA,_T,N,GY,2021-06,8.347073,,BRA.M.N.CPI.PA._T.N.GY
BRA,Brazil,M,N,CPI,PA,_T,N,GY,2021-07,8.994823,,BRA.M.N.CPI.PA._T.N.GY
BRA,Brazil,M,N,CPI,PA,_T,N,GY,2021-08,9.679773,,BRA.M.N.CPI.PA._T.N.GY
BRA,Brazil,M,N,CPI,PA,_T,N,GY,2021-09,10.2464,,BRA.M.N.CPI.PA._T.N.GY
BRA,Brazil,M,N,CPI,PA,_T,N,GY,2021-10,10.67262,,BRA.M.N.CPI.PA._T.N.GY
BRA,Brazil,M,N,CPI,PA,_T,N,GY,2021-11,10.7385,,BRA.M.N.CPI.PA._T.N.GY
BRA,Brazil,M,N,CPI,PA,_T,N,GY,2021-12,10.06098,,BRA.M.N.CPI.PA._T.N.GY
BRA,Brazil,M,N,CPI,PA,_T,N,GY,2022-01,10.37943,,BRA.M.N.CPI.PA._T.N.GY
BRA,Brazil,M,N,CPI,PA,_T,N,GY,2022-02,10.54366,,BRA.M.N.CPI.PA._T.N.GY
BRA,Brazil,M,N,CPI,PA,_T,N,GY,2022-03,11.29941,,BRA.M.N.CPI.PA._T.N.GY
BRA,Brazil,M,N,CPI,PA,_T,N,GY,2022-04,12.13163,,BRA.M.N.CPI.PA._T.N.GY
BRA,Brazil,M,N,CPI,PA,_T,N,GY,2022-05,11.73121,,BRA.M.N.CPI.PA._T.N.GY
BRA,Brazil,M,N,CPI,PA,_T,N,GY,2022-06,11.88687,,BRA.M.N.CPI.PA._T.N.GY
BRA,Brazil,M,N,CPI,PA,_T,N,GY,2022-07,10.0694,,BRA.M.N.CPI.PA._T.N.GY
BRA,Brazil,M,N,CPI,PA,_T,N,GY,2022-08,8.727291,,BRA.M.N.CPI.PA._T.N.GY
BRA,Brazil,M,N,CPI,PA,_T,N,GY,2022-09,7.168825,,BRA.M.N.CPI.PA._T.N.GY
BRA,Brazil,M,N,CPI,PA,_T,N,GY,2022-10,6.470372,,BRA.M.N.CPI.PA._T.N.GY
BRA,Brazil,M,N,CPI,PA,_T,N,GY,2022-11,5.900729,,BRA.M.N.CPI.PA._T.N.GY
BRA,Brazil,M,N,CPI,PA,_T,N,GY,2022-12,5.785093,,BRA.M.N.CPI.PA._T.N.GY
BRA,Brazil,M,N,CPI,PA,_T,N,GY,2023-01,5.774497,,BRA.M.N.CPI.PA._T.N.GY
BRA,Brazil,M,N,CPI,PA,_T,N,GY,2023-02,5.596405,,BRA.M.N.CPI.PA._T.N.GY
BRA,Brazil,M,N,CPI,PA,_T,N,GY,2023-03,4.65078,,BRA.M.N.CPI.PA._T.N.GY
BRA,Brazil,M,N,CPI,PA,_T,N,GY,2023-04,4.184788,,BRA.M.N.CPI.PA._T.N.GY
BRA,Brazil,M,N,CPI,PA,_T,N,GY,2023-05,3.935829,,BRA.M.N.CPI.PA._T.N.GY
BRA,Brazil,M,N,CPI,PA,_T,N,GY,2023-06,3.161474,,BRA.M.N.CPI.PA._T.N.GY
BRA,Brazil,M,N,CPI,PA,_T,N,GY,2023-07,3.992389,,BRA.M.N.CPI.PA._T.N.GY
BRA,Brazil,M,N,CPI,PA,_T,N,GY,2023-08,4.60817,,BRA.M.N.CPI.PA._T.N.GY
BRA,Brazil,M,N,CPI,PA,_T,N,GY,2023-09,5.18528,,BRA.M.N.CPI.PA._T.N.GY
BRA,Brazil,M,N,CPI,PA,_T,N,GY,2023-10,4.819185,,BRA.M.N.CPI.PA._T.N.GY
BRA,Brazil,M,N,CPI,PA,_T,N,GY,2023-11,4.683566,,BRA.M.N.CPI.PA._T.N.GY
BRA,Brazil,M,N,CPI,PA,_T,N,GY,2023-12,4.62119,,BRA.M.N.CPI.PA._T.N.GY
BRA,Brazil,M,N,CPI,PA,_T,N,GY,2024-01,4.506791,,BRA.M.N.CPI.PA._T.N.GY
BRA,Brazil,M,N,CPI,PA,_T,N,GY,2024-02,4.496371,,BRA.M.N.CPI.PA._T.N.GY
BRA,Brazil,M,N,CPI,PA,_T,N,GY,2024-03,3.925612,,BRA.M.N.CPI.PA._T.N.GY
BRA,Brazil,M,N,CPI,PA,_T,N,GY,2024-04,3.687975,,BRA.M.N.CPI.PA._T.N.GY
BRA,Brazil,M,N,CPI,PA,_T,N,GY,2024-05,3.926017,,BRA.M.N.CPI.PA._T.N.GY
BRA,Brazil,M,N,CPI,PA,_T,N,GY,2024-06,4.227659,,BRA.M.N.CPI.PA._T.N.GY
BRA,Brazil,M,N,CPI,PA,_T,N,GY,2024-07,4.498391,,BRA.M.N.CPI.PA._T.N.GY
BRA,Brazil,M,N,CPI,PA,_T,N,GY,2024-08,4.23774,,BRA.M.N.CPI.PA._T.N.GY
BRA,Brazil,M,N,CPI,PA,_T,N,GY,2024-09,4.424788,,BRA.M.N.CPI.PA._T.N.GY
BRA,Brazil,M,N,CPI,PA,_T,N,GY,2024-10,4.758112,,BRA.M.N.CPI.PA._T.N.GY
BRA,Brazil,M,N,CPI,PA,_T,N,GY,2024-11,4.87295,,BRA.M.N.CPI.PA._T.N.GY
BRA,Brazil,M,N,CPI,PA,_T,N,GY,2024-12,4.831197,,BRA.M.N.CPI.PA._T.N.GY
BRA,Brazil,M,N,CPI,PA,_T,N,GY,2025-01,4.559729,,BRA.M.N.CPI.PA._T.N.GY
BRA,Brazil,M,N,CPI,PA,_T,N,GY,2025-02,5.057617,,BRA.M.N.CPI.PA._T.N.GY
BRA,Brazil,M,N,CPI,PA,_T,N,GY,2025-03,5.477251,,BRA.M.N.CPI.PA._T.N.GY
BRA,Brazil,M,N,CPI,PA,_T,N,GY,2025-04,5.529902,,BRA.M.N.CPI.PA._T.N.GY
BRA,Brazil,M,N,CPI,PA,_T,N,GY,2025-05,5.319794,,BRA.M.N.CPI.PA._T.N.GY
BRA,Brazil,M,N,CPI,PA,_T,N,GY,2025-06,5.351285,,BRA.M.N.CPI.PA._T.N.GY
BRA,Brazil,M,N,CPI,PA,_T,N,GY,2025-07,5.225255,,BRA.M.N.CPI.PA._T.N.GY
BRA,Brazil,M,N,CPI,PA,_T,N,GY,2025-08,5.13041,,BRA.M.N.CPI.PA._T.N.GY
BRA,Brazil,M,N,CPI,PA,_T,N,GY,2025-09,5.172249,,BRA.M.N.CPI.PA._T.N.GY
BRA,Brazil,M,N,CPI,PA,_T,N,GY,2025-10,4.680707,,BRA.M.N.CPI.PA._T.N.GY
BRA,Brazil,M,N,CPI,PA,_T,N,GY,2025-11,4.461782,,BRA.M.N.CPI.PA._T.N.GY
BRA,Brazil,M,N,CPI,PA,_T,N,GY,2025-12,4.264348,,BRA.M.N.CPI.PA._T.N.GY
BRA,Brazil,M,N,CPI,PA,_T,N,GY,2026-01,4.441314,,BRA.M.N.CPI.PA._T.N.GY
BRA,Brazil,M,N,CPI,PA,_T,N,GY,2026-02,3.812337,,BRA.M.N.CPI.PA._T.N.GY
BRA,Brazil,M,N,CPI,PA,_T,N,GY,2026-03,4.14264,,BRA.M.N.CPI.PA._T.N.GY
BRA,Brazil,M,N,CPI,PA,_T,N,GY,2026-04,4.39151,,BRA.M.N.CPI.PA._T.N.GY
BRA,Brazil,M,N,CPI,PA,_T,N,GY,2026-05,4.724719,,BRA.M.N.CPI.PA._T.N.GY
CHN,China (People’s Republic of),M,N,CPI,PA,_T,N,GY,2015-01,0.8,,CHN.M.N.CPI.PA._T.N.GY
CHN,China (People’s Republic of),M,N,CPI,PA,_T,N,GY,2015-02,1.4,,CHN.M.N.CPI.PA._T.N.GY
CHN,China (People’s Republic of),M,N,CPI,PA,_T,N,GY,2015-03,1.4,,CHN.M.N.CPI.PA._T.N.GY
CHN,China (People’s Republic of),M,N,CPI,PA,_T,N,GY,2015-04,1.5,,CHN.M.N.CPI.PA._T.N.GY
CHN,China (People’s Republic of),M,N,CPI,PA,_T,N,GY,2015-05,1.2,,CHN.M.N.CPI.PA._T.N.GY
CHN,China (People’s Republic of),M,N,CPI,PA,_T,N,GY,2015-06,1.4,,CHN.M.N.CPI.PA._T.N.GY
CHN,China (People’s Republic of),M,N,CPI,PA,_T,N,GY,2015-07,1.6,,CHN.M.N.CPI.PA._T.N.GY
CHN,China (People’s Republic of),M,N,CPI,PA,_T,N,GY,2015-08,2.0,,CHN.M.N.CPI.PA._T.N.GY
CHN,China (People’s Republic of),M,N,CPI,PA,_T,N,GY,2015-09,1.6,,CHN.M.N.CPI.PA._T.N.GY
CHN,China (People’s Republic of),M,N,CPI,PA,_T,N,GY,2015-10,1.3,,CHN.M.N.CPI.PA._T.N.GY
CHN,China (People’s Republic of),M,N,CPI,PA,_T,N,GY,2015-11,1.5,,CHN.M.N.CPI.PA._T.N.GY
CHN,China (People’s Republic of),M,N,CPI,PA,_T,N,GY,2015-12,1.6,,CHN.M.N.CPI.PA._T.N.GY
CHN,China (People’s Republic of),M,N,CPI,PA,_T,N,GY,2016-01,1.8,,CHN.M.N.CPI.PA._T.N.GY
CHN,China (People’s Republic of),M,N,CPI,PA,_T,N,GY,2016-02,2.3,,CHN.M.N.CPI.PA._T.N.GY
CHN,China (People’s Republic of),M,N,CPI,PA,_T,N,GY,2016-03,2.3,,CHN.M.N.CPI.PA._T.N.GY
CHN,China (People’s Republic of),M,N,CPI,PA,_T,N,GY,2016-04,2.3,,CHN.M.N.CPI.PA._T.N.GY
CHN,China (People’s Republic of),M,N,CPI,PA,_T,N,GY,2016-05,2.0,,CHN.M.N.CPI.PA._T.N.GY
CHN,China (People’s Republic of),M,N,CPI,PA,_T,N,GY,2016-06,1.9,,CHN.M.N.CPI.PA._T.N.GY
CHN,China (People’s Republic of),M,N,CPI,PA,_T,N,GY,2016-07,1.8,,CHN.M.N.CPI.PA._T.N.GY
CHN,China (People’s Republic of),M,N,CPI,PA,_T,N,GY,2016-08,1.3,,CHN.M.N.CPI.PA._T.N.GY
CHN,China (People’s Republic of),M,N,CPI,PA,_T,N,GY,2016-09,1.9,,CHN.M.N.CPI.PA._T.N.GY
CHN,China (People’s Republic of),M,N,CPI,PA,_T,N,GY,2016-10,2.1,,CHN.M.N.CPI.PA._T.N.GY
CHN,China (People’s Republic of),M,N,CPI,PA,_T,N,GY,2016-11,2.3,,CHN.M.N.CPI.PA._T.N.GY
CHN,China (People’s Republic of),M,N,CPI,PA,_T,N,GY,2016-12,2.1,,CHN.M.N.CPI.PA._T.N.GY
CHN,China (People’s Republic of),M,N,CPI,PA,_T,N,GY,2017-01,2.5,,CHN.M.N.CPI.PA._T.N.GY
CHN,China (People’s Republic of),M,N,CPI,PA,_T,N,GY,2017-02,0.8,,CHN.M.N.CPI.PA._T.N.GY
CHN,China (People’s Republic of),M,N,CPI,PA,_T,N,GY,2017-03,0.9,,CHN.M.N.CPI.PA._T.N.GY
CHN,China (People’s Republic of),M,N,CPI,PA,_T,N,GY,2017-04,1.2,,CHN.M.N.CPI.PA._T.N.GY
CHN,China (People’s Republic of),M,N,CPI,PA,_T,N,GY,2017-05,1.5,,CHN.M.N.CPI.PA._T.N.GY
CHN,China (People’s Republic of),M,N,CPI,PA,_T,N,GY,2017-06,1.5,,CHN.M.N.CPI.PA._T.N.GY
CHN,China (People’s Republic of),M,N,CPI,PA,_T,N,GY,2017-07,1.4,,CHN.M.N.CPI.PA._T.N.GY
CHN,China (People’s Republic of),M,N,CPI,PA,_T,N,GY,2017-08,1.8,,CHN.M.N.CPI.PA._T.N.GY
CHN,China (People’s Republic of),M,N,CPI,PA,_T,N,GY,2017-09,1.6,,CHN.M.N.CPI.PA._T.N.GY
CHN,China (People’s Republic of),M,N,CPI,PA,_T,N,GY,2017-10,1.9,,CHN.M.N.CPI.PA._T.N.GY
CHN,China (People’s Republic of),M,N,CPI,PA,_T,N,GY,2017-11,1.7,,CHN.M.N.CPI.PA._T.N.GY
CHN,China (People’s Republic of),M,N,CPI,PA,_T,N,GY,2017-12,1.8,,CHN.M.N.CPI.PA._T.N.GY
CHN,China (People’s Republic of),M,N,CPI,PA,_T,N,GY,2018-01,1.5,,CHN.M.N.CPI.PA._T.N.GY
CHN,China (People’s Republic of),M,N,CPI,PA,_T,N,GY,2018-02,2.9,,CHN.M.N.CPI.PA._T.N.GY
CHN,China (People’s Republic of),M,N,CPI,PA,_T,N,GY,2018-03,2.1,,CHN.M.N.CPI.PA._T.N.GY
CHN,China (People’s Republic of),M,N,CPI,PA,_T,N,GY,2018-04,1.8,,CHN.M.N.CPI.PA._T.N.GY
CHN,China (People’s Republic of),M,N,CPI,PA,_T,N,GY,2018-05,1.8,,CHN.M.N.CPI.PA._T.N.GY
CHN,China (People’s Republic of),M,N,CPI,PA,_T,N,GY,2018-06,1.9,,CHN.M.N.CPI.PA._T.N.GY
CHN,China (People’s Republic of),M,N,CPI,PA,_T,N,GY,2018-07,2.1,,CHN.M.N.CPI.PA._T.N.GY
CHN,China (People’s Republic of),M,N,CPI,PA,_T,N,GY,2018-08,2.3,,CHN.M.N.CPI.PA._T.N.GY
CHN,China (People’s Republic of),M,N,CPI,PA,_T,N,GY,2018-09,2.5,,CHN.M.N.CPI.PA._T.N.GY
CHN,China (People’s Republic of),M,N,CPI,PA,_T,N,GY,2018-10,2.5,,CHN.M.N.CPI.PA._T.N.GY
CHN,China (People’s Republic of),M,N,CPI,PA,_T,N,GY,2018-11,2.2,,CHN.M.N.CPI.PA._T.N.GY
CHN,China (People’s Republic of),M,N,CPI,PA,_T,N,GY,2018-12,1.9,,CHN.M.N.CPI.PA._T.N.GY
CHN,China (People’s Republic of),M,N,CPI,PA,_T,N,GY,2019-01,1.7,,CHN.M.N.CPI.PA._T.N.GY
CHN,China (People’s Republic of),M,N,CPI,PA,_T,N,GY,2019-02,1.5,,CHN.M.N.CPI.PA._T.N.GY
CHN,China (People’s Republic of),M,N,CPI,PA,_T,N,GY,2019-03,2.3,,CHN.M.N.CPI.PA._T.N.GY
CHN,China (People’s Republic of),M,N,CPI,PA,_T,N,GY,2019-04,2.5,,CHN.M.N.CPI.PA._T.N.GY
CHN,China (People’s Republic of),M,N,CPI,PA,_T,N,GY,2019-05,2.7,,CHN.M.N.CPI.PA._T.N.GY
CHN,China (People’s Republic of),M,N,CPI,PA,_T,N,GY,2019-06,2.7,,CHN.M.N.CPI.PA._T.N.GY
CHN,China (People’s Republic of),M,N,CPI,PA,_T,N,GY,2019-07,2.8,,CHN.M.N.CPI.PA._T.N.GY
CHN,China (People’s Republic of),M,N,CPI,PA,_T,N,GY,2019-08,2.8,,CHN.M.N.CPI.PA._T.N.GY
CHN,China (People’s Republic of),M,N,CPI,PA,_T,N,GY,2019-09,3.0,,CHN.M.N.CPI.PA._T.N.GY
CHN,China (People’s Republic of),M,N,CPI,PA,_T,N,GY,2019-10,3.8,,CHN.M.N.CPI.PA._T.N.GY
CHN,China (People’s Republic of),M,N,CPI,PA,_T,N,GY,2019-11,4.5,,CHN.M.N.CPI.PA._T.N.GY
CHN,China (People’s Republic of),M,N,CPI,PA,_T,N,GY,2019-12,4.5,,CHN.M.N.CPI.PA._T.N.GY
CHN,China (People’s Republic of),M,N,CPI,PA,_T,N,GY,2020-01,5.4,,CHN.M.N.CPI.PA._T.N.GY
CHN,China (People’s Republic of),M,N,CPI,PA,_T,N,GY,2020-02,5.2,,CHN.M.N.CPI.PA._T.N.GY
CHN,China (People’s Republic of),M,N,CPI,PA,_T,N,GY,2020-03,4.3,,CHN.M.N.CPI.PA._T.N.GY
CHN,China (People’s Republic of),M,N,CPI,PA,_T,N,GY,2020-04,3.3,,CHN.M.N.CPI.PA._T.N.GY
CHN,China (People’s Republic of),M,N,CPI,PA,_T,N,GY,2020-05,2.4,,CHN.M.N.CPI.PA._T.N.GY
CHN,China (People’s Republic of),M,N,CPI,PA,_T,N,GY,2020-06,2.5,,CHN.M.N.CPI.PA._T.N.GY
CHN,China (People’s Republic of),M,N,CPI,PA,_T,N,GY,2020-07,2.7,,CHN.M.N.CPI.PA._T.N.GY
CHN,China (People’s Republic of),M,N,CPI,PA,_T,N,GY,2020-08,2.4,,CHN.M.N.CPI.PA._T.N.GY
CHN,China (People’s Republic of),M,N,CPI,PA,_T,N,GY,2020-09,1.7,,CHN.M.N.CPI.PA._T.N.GY
CHN,China (People’s Republic of),M,N,CPI,PA,_T,N,GY,2020-10,0.5,,CHN.M.N.CPI.PA._T.N.GY
CHN,China (People’s Republic of),M,N,CPI,PA,_T,N,GY,2020-11,-0.5,,CHN.M.N.CPI.PA._T.N.GY
CHN,China (People’s Republic of),M,N,CPI,PA,_T,N,GY,2020-12,0.2,,CHN.M.N.CPI.PA._T.N.GY
CHN,China (People’s Republic of),M,N,CPI,PA,_T,N,GY,2021-01,-0.3,,CHN.M.N.CPI.PA._T.N.GY
CHN,China (People’s Republic of),M,N,CPI,PA,_T,N,GY,2021-02,-0.2,,CHN.M.N.CPI.PA._T.N.GY
CHN,China (People’s Republic of),M,N,CPI,PA,_T,N,GY,2021-03,0.4,,CHN.M.N.CPI.PA._T.N.GY
CHN,China (People’s Republic of),M,N,CPI,PA,_T,N,GY,2021-04,0.9,,CHN.M.N.CPI.PA._T.N.GY
CHN,China (People’s Republic of),M,N,CPI,PA,_T,N,GY,2021-05,1.3,,CHN.M.N.CPI.PA._T.N.GY
CHN,China (People’s Republic of),M,N,CPI,PA,_T,N,GY,2021-06,1.1,,CHN.M.N.CPI.PA._T.N.GY
CHN,China (People’s Republic of),M,N,CPI,PA,_T,N,GY,2021-07,1.0,,CHN.M.N.CPI.PA._T.N.GY
CHN,China (People’s Republic of),M,N,CPI,PA,_T,N,GY,2021-08,0.8,,CHN.M.N.CPI.PA._T.N.GY
CHN,China (People’s Republic of),M,N,CPI,PA,_T,N,GY,2021-09,0.7,,CHN.M.N.CPI.PA._T.N.GY
CHN,China (People’s Republic of),M,N,CPI,PA,_T,N,GY,2021-10,1.5,,CHN.M.N.CPI.PA._T.N.GY
CHN,China (People’s Republic of),M,N,CPI,PA,_T,N,GY,2021-11,2.3,,CHN.M.N.CPI.PA._T.N.GY
CHN,China (People’s Republic of),M,N,CPI,PA,_T,N,GY,2021-12,1.5,,CHN.M.N.CPI.PA._T.N.GY
CHN,China (People’s Republic of),M,N,CPI,PA,_T,N,GY,2022-01,0.9,,CHN.M.N.CPI.PA._T.N.GY
CHN,China (People’s Republic of),M,N,CPI,PA,_T,N,GY,2022-02,0.9,,CHN.M.N.CPI.PA._T.N.GY
CHN,China (People’s Republic of),M,N,CPI,PA,_T,N,GY,2022-03,1.5,,CHN.M.N.CPI.PA._T.N.GY
CHN,China (People’s Republic of),M,N,CPI,PA,_T,N,GY,2022-04,2.1,,CHN.M.N.CPI.PA._T.N.GY
CHN,China (People’s Republic of),M,N,CPI,PA,_T,N,GY,2022-05,2.1,,CHN.M.N.CPI.PA._T.N.GY
CHN,China (People’s Republic of),M,N,CPI,PA,_T,N,GY,2022-06,2.5,,CHN.M.N.CPI.PA._T.N.GY
CHN,China (People’s Republic of),M,N,CPI,PA,_T,N,GY,2022-07,2.7,,CHN.M.N.CPI.PA._T.N.GY
CHN,China (People’s Republic of),M,N,CPI,PA,_T,N,GY,2022-08,2.5,,CHN.M.N.CPI.PA._T.N.GY
CHN,China (People’s Republic of),M,N,CPI,PA,_T,N,GY,2022-09,2.8,,CHN.M.N.CPI.PA._T.N.GY
CHN,China (People’s Republic of),M,N,CPI,PA,_T,N,GY,2022-10,2.1,,CHN.M.N.CPI.PA._T.N.GY
CHN,China (People’s Republic of),M,N,CPI,PA,_T,N,GY,2022-11,1.6,,CHN.M.N.CPI.PA._T.N.GY
CHN,China (People’s Republic of),M,N,CPI,PA,_T,N,GY,2022-12,1.8,,CHN.M.N.CPI.PA._T.N.GY
CHN,China (People’s Republic of),M,N,CPI,PA,_T,N,GY,2023-01,2.1,,CHN.M.N.CPI.PA._T.N.GY
CHN,China (People’s Republic of),M,N,CPI,PA,_T,N,GY,2023-02,1.0,,CHN.M.N.CPI.PA._T.N.GY
CHN,China (People’s Republic of),M,N,CPI,PA,_T,N,GY,2023-03,0.7,,CHN.M.N.CPI.PA._T.N.GY
CHN,China (People’s Republic of),M,N,CPI,PA,_T,N,GY,2023-04,0.1,,CHN.M.N.CPI.PA._T.N.GY
CHN,China (People’s Republic of),M,N,CPI,PA,_T,N,GY,2023-05,0.2,,CHN.M.N.CPI.PA._T.N.GY
CHN,China (People’s Republic of),M,N,CPI,PA,_T,N,GY,2023-06,0.0,,CHN.M.N.CPI.PA._T.N.GY
CHN,China (People’s Republic of),M,N,CPI,PA,_T,N,GY,2023-07,-0.3,,CHN.M.N.CPI.PA._T.N.GY
CHN,China (People’s Republic of),M,N,CPI,PA,_T,N,GY,2023-08,0.1,,CHN.M.N.CPI.PA._T.N.GY
CHN,China (People’s Republic of),M,N,CPI,PA,_T,N,GY,2023-09,0.0,,CHN.M.N.CPI.PA._T.N.GY
CHN,China (People’s Republic of),M,N,CPI,PA,_T,N,GY,2023-10,-0.2,,CHN.M.N.CPI.PA._T.N.GY
CHN,China (People’s Republic of),M,N,CPI,PA,_T,N,GY,2023-11,-0.5,,CHN.M.N.CPI.PA._T.N.GY
CHN,China (People’s Republic of),M,N,CPI,PA,_T,N,GY,2023-12,-0.3,,CHN.M.N.CPI.PA._T.N.GY
CHN,China (People’s Republic of),M,N,CPI,PA,_T,N,GY,2024-01,-0.8,,CHN.M.N.CPI.PA._T.N.GY
CHN,China (People’s Republic of),M,N,CPI,PA,_T,N,GY,2024-02,0.7,,CHN.M.N.CPI.PA._T.N.GY
CHN,China (People’s Republic of),M,N,CPI,PA,_T,N,GY,2024-03,0.1,,CHN.M.N.CPI.PA._T.N.GY
CHN,China (People’s Republic of),M,N,CPI,PA,_T,N,GY,2024-04,0.3,,CHN.M.N.CPI.PA._T.N.GY
CHN,China (People’s Republic of),M,N,CPI,PA,_T,N,GY,2024-05,0.3,,CHN.M.N.CPI.PA._T.N.GY
CHN,China (People’s Republic of),M,N,CPI,PA,_T,N,GY,2024-06,0.2,,CHN.M.N.CPI.PA._T.N.GY
CHN,China (People’s Republic of),M,N,CPI,PA,_T,N,GY,2024-07,0.5,,CHN.M.N.CPI.PA._T.N.GY
CHN,China (People’s Republic of),M,N,CPI,PA,_T,N,GY,2024-08,0.6,,CHN.M.N.CPI.PA._T.N.GY
CHN,China (People’s Republic of),M,N,CPI,PA,_T,N,GY,2024-09,0.4,,CHN.M.N.CPI.PA._T.N.GY
CHN,China (People’s Republic of),M,N,CPI,PA,_T,N,GY,2024-10,0.3,,CHN.M.N.CPI.PA._T.N.GY
CHN,China (People’s Republic of),M,N,CPI,PA,_T,N,GY,2024-11,0.2,,CHN.M.N.CPI.PA._T.N.GY
CHN,China (People’s Republic of),M,N,CPI,PA,_T,N,GY,2024-12,0.1,,CHN.M.N.CPI.PA._T.N.GY
CHN,China (People’s Republic of),M,N,CPI,PA,_T,N,GY,2025-01,0.5,,CHN.M.N.CPI.PA._T.N.GY
CHN,China (People’s Republic of),M,N,CPI,PA,_T,N,GY,2025-02,-0.7,,CHN.M.N.CPI.PA._T.N.GY
CHN,China (People’s Republic of),M,N,CPI,PA,_T,N,GY,2025-03,-0.1,,CHN.M.N.CPI.PA._T.N.GY
CHN,China (People’s Republic of),M,N,CPI,PA,_T,N,GY,2025-04,-0.1,,CHN.M.N.CPI.PA._T.N.GY
CHN,China (People’s Republic of),M,N,CPI,PA,_T,N,GY,2025-05,-0.1,,CHN.M.N.CPI.PA._T.N.GY
CHN,China (People’s Republic of),M,N,CPI,PA,_T,N,GY,2025-06,0.1,,CHN.M.N.CPI.PA._T.N.GY
CHN,China (People’s Republic of),M,N,CPI,PA,_T,N,GY,2025-07,0.0,,CHN.M.N.CPI.PA._T.N.GY
CHN,China (People’s Republic of),M,N,CPI,PA,_T,N,GY,2025-08,-0.4,,CHN.M.N.CPI.PA._T.N.GY
CHN,China (People’s Republic of),M,N,CPI,PA,_T,N,GY,2025-09,-0.3,,CHN.M.N.CPI.PA._T.N.GY
CHN,China (People’s Republic of),M,N,CPI,PA,_T,N,GY,2025-10,0.2,,CHN.M.N.CPI.PA._T.N.GY
CHN,China (People’s Republic of),M,N,CPI,PA,_T,N,GY,2025-11,0.7,,CHN.M.N.CPI.PA._T.N.GY
CHN,China (People’s Republic of),M,N,CPI,PA,_T,N,GY,2025-12,0.8,,CHN.M.N.CPI.PA._T.N.GY
CHN,China (People’s Republic of),M,N,CPI,PA,_T,N,GY,2026-01,0.2,,CHN.M.N.CPI.PA._T.N.GY
CHN,China (People’s Republic of),M,N,CPI,PA,_T,N,GY,2026-02,1.3,,CHN.M.N.CPI.PA._T.N.GY
CHN,China (People’s Republic of),M,N,CPI,PA,_T,N,GY,2026-03,1.0,,CHN.M.N.CPI.PA._T.N.GY
CHN,China (People’s Republic of),M,N,CPI,PA,_T,N,GY,2026-04,1.2,,CHN.M.N.CPI.PA._T.N.GY
CHN,China (People’s Republic of),M,N,CPI,PA,_T,N,GY,2026-05,1.2,,CHN.M.N.CPI.PA._T.N.GY
ARG,Argentina,M,N,CPI,PA,_T,N,GY,2017-12,24.7956,,ARG.M.N.CPI.PA._T.N.GY
ARG,Argentina,M,N,CPI,PA,_T,N,GY,2018-01,25.00623,,ARG.M.N.CPI.PA._T.N.GY
ARG,Argentina,M,N,CPI,PA,_T,N,GY,2018-02,25.43711,,ARG.M.N.CPI.PA._T.N.GY
ARG,Argentina,M,N,CPI,PA,_T,N,GY,2018-03,25.39652,,ARG.M.N.CPI.PA._T.N.GY
ARG,Argentina,M,N,CPI,PA,_T,N,GY,2018-04,25.49816,,ARG.M.N.CPI.PA._T.N.GY
ARG,Argentina,M,N,CPI,PA,_T,N,GY,2018-05,26.29076,,ARG.M.N.CPI.PA._T.N.GY
ARG,Argentina,M,N,CPI,PA,_T,N,GY,2018-06,29.4665,,ARG.M.N.CPI.PA._T.N.GY
ARG,Argentina,M,N,CPI,PA,_T,N,GY,2018-07,31.20916,,ARG.M.N.CPI.PA._T.N.GY
ARG,Argentina,M,N,CPI,PA,_T,N,GY,2018-08,34.42611,,ARG.M.N.CPI.PA._T.N.GY
ARG,Argentina,M,N,CPI,PA,_T,N,GY,2018-09,40.54234,,ARG.M.N.CPI.PA._T.N.GY
ARG,Argentina,M,N,CPI,PA,_T,N,GY,2018-10,45.90969,,ARG.M.N.CPI.PA._T.N.GY
ARG,Argentina,M,N,CPI,PA,_T,N,GY,2018-11,48.46918,,ARG.M.N.CPI.PA._T.N.GY
ARG,Argentina,M,N,CPI,PA,_T,N,GY,2018-12,47.64559,,ARG.M.N.CPI.PA._T.N.GY
ARG,Argentina,M,N,CPI,PA,_T,N,GY,2019-01,49.31258,,ARG.M.N.CPI.PA._T.N.GY
ARG,Argentina,M,N,CPI,PA,_T,N,GY,2019-02,51.27571,,ARG.M.N.CPI.PA._T.N.GY
ARG,Argentina,M,N,CPI,PA,_T,N,GY,2019-03,54.73234,,ARG.M.N.CPI.PA._T.N.GY
ARG,Argentina,M,N,CPI,PA,_T,N,GY,2019-04,55.79512,,ARG.M.N.CPI.PA._T.N.GY
ARG,Argentina,M,N,CPI,PA,_T,N,GY,2019-05,57.29651,,ARG.M.N.CPI.PA._T.N.GY
ARG,Argentina,M,N,CPI,PA,_T,N,GY,2019-06,55.7519,,ARG.M.N.CPI.PA._T.N.GY
ARG,Argentina,M,N,CPI,PA,_T,N,GY,2019-07,54.38664,,ARG.M.N.CPI.PA._T.N.GY
ARG,Argentina,M,N,CPI,PA,_T,N,GY,2019-08,54.48256,,ARG.M.N.CPI.PA._T.N.GY
ARG,Argentina,M,N,CPI,PA,_T,N,GY,2019-09,53.54201,,ARG.M.N.CPI.PA._T.N.GY
ARG,Argentina,M,N,CPI,PA,_T,N,GY,2019-10,50.48531,,ARG.M.N.CPI.PA._T.N.GY
ARG,Argentina,M,N,CPI,PA,_T,N,GY,2019-11,52.09175,,ARG.M.N.CPI.PA._T.N.GY
ARG,Argentina,M,N,CPI,PA,_T,N,GY,2019-12,53.8324,,ARG.M.N.CPI.PA._T.N.GY
ARG,Argentina,M,N,CPI,PA,_T,N,GY,2020-01,52.85573,,ARG.M.N.CPI.PA._T.N.GY
ARG,Argentina,M,N,CPI,PA,_T,N,GY,2020-02,50.27489,,ARG.M.N.CPI.PA._T.N.GY
ARG,Argentina,M,N,CPI,PA,_T,N,GY,2020-03,48.35686,,ARG.M.N.CPI.PA._T.N.GY
ARG,Argentina,M,N,CPI,PA,_T,N,GY,2020-04,45.56293,,ARG.M.N.CPI.PA._T.N.GY
ARG,Argentina,M,N,CPI,PA,_T,N,GY,2020-05,43.42123,,ARG.M.N.CPI.PA._T.N.GY
ARG,Argentina,M,N,CPI,PA,_T,N,GY,2020-06,42.75875,,ARG.M.N.CPI.PA._T.N.GY
ARG,Argentina,M,N,CPI,PA,_T,N,GY,2020-07,42.39043,,ARG.M.N.CPI.PA._T.N.GY
ARG,Argentina,M,N,CPI,PA,_T,N,GY,2020-08,40.67294,,ARG.M.N.CPI.PA._T.N.GY
ARG,Argentina,M,N,CPI,PA,_T,N,GY,2020-09,36.62072,,ARG.M.N.CPI.PA._T.N.GY
ARG,Argentina,M,N,CPI,PA,_T,N,GY,2020-10,37.23904,,ARG.M.N.CPI.PA._T.N.GY
ARG,Argentina,M,N,CPI,PA,_T,N,GY,2020-11,35.79782,,ARG.M.N.CPI.PA._T.N.GY
ARG,Argentina,M,N,CPI,PA,_T,N,GY,2020-12,36.14059,,ARG.M.N.CPI.PA._T.N.GY
ARG,Argentina,M,N,CPI,PA,_T,N,GY,2021-01,38.53198,,ARG.M.N.CPI.PA._T.N.GY
ARG,Argentina,M,N,CPI,PA,_T,N,GY,2021-02,40.65178,,ARG.M.N.CPI.PA._T.N.GY
ARG,Argentina,M,N,CPI,PA,_T,N,GY,2021-03,42.64885,,ARG.M.N.CPI.PA._T.N.GY
ARG,Argentina,M,N,CPI,PA,_T,N,GY,2021-04,46.28015,,ARG.M.N.CPI.PA._T.N.GY
ARG,Argentina,M,N,CPI,PA,_T,N,GY,2021-05,48.84473,,ARG.M.N.CPI.PA._T.N.GY
ARG,Argentina,M,N,CPI,PA,_T,N,GY,2021-06,50.20008,,ARG.M.N.CPI.PA._T.N.GY
ARG,Argentina,M,N,CPI,PA,_T,N,GY,2021-07,51.76617,,ARG.M.N.CPI.PA._T.N.GY
ARG,Argentina,M,N,CPI,PA,_T,N,GY,2021-08,51.42389,,ARG.M.N.CPI.PA._T.N.GY
ARG,Argentina,M,N,CPI,PA,_T,N,GY,2021-09,52.47122,,ARG.M.N.CPI.PA._T.N.GY
ARG,Argentina,M,N,CPI,PA,_T,N,GY,2021-10,52.11165,,ARG.M.N.CPI.PA._T.N.GY
ARG,Argentina,M,N,CPI,PA,_T,N,GY,2021-11,51.18235,,ARG.M.N.CPI.PA._T.N.GY
ARG,Argentina,M,N,CPI,PA,_T,N,GY,2021-12,50.94164,,ARG.M.N.CPI.PA._T.N.GY
ARG,Argentina,M,N,CPI,PA,_T,N,GY,2022-01,50.69016,,ARG.M.N.CPI.PA._T.N.GY
ARG,Argentina,M,N,CPI,PA,_T,N,GY,2022-02,52.31926,,ARG.M.N.CPI.PA._T.N.GY
ARG,Argentina,M,N,CPI,PA,_T,N,GY,2022-03,55.10663,,ARG.M.N.CPI.PA._T.N.GY
ARG,Argentina,M,N,CPI,PA,_T,N,GY,2022-04,58.03801,,ARG.M.N.CPI.PA._T.N.GY
ARG,Argentina,M,N,CPI,PA,_T,N,GY,2022-05,60.67993,,ARG.M.N.CPI.PA._T.N.GY
ARG,Argentina,M,N,CPI,PA,_T,N,GY,2022-06,63.98258,,ARG.M.N.CPI.PA._T.N.GY
ARG,Argentina,M,N,CPI,PA,_T,N,GY,2022-07,71.00246,,ARG.M.N.CPI.PA._T.N.GY
ARG,Argentina,M,N,CPI,PA,_T,N,GY,2022-08,78.51527,,ARG.M.N.CPI.PA._T.N.GY
ARG,Argentina,M,N,CPI,PA,_T,N,GY,2022-09,83.02998,,ARG.M.N.CPI.PA._T.N.GY
ARG,Argentina,M,N,CPI,PA,_T,N,GY,2022-10,88.03568,,ARG.M.N.CPI.PA._T.N.GY
ARG,Argentina,M,N,CPI,PA,_T,N,GY,2022-11,92.41278,,ARG.M.N.CPI.PA._T.N.GY
ARG,Argentina,M,N,CPI,PA,_T,N,GY,2022-12,94.79318,,ARG.M.N.CPI.PA._T.N.GY
ARG,Argentina,M,N,CPI,PA,_T,N,GY,2023-01,98.82909,,ARG.M.N.CPI.PA._T.N.GY
ARG,Argentina,M,N,CPI,PA,_T,N,GY,2023-02,102.5008,,ARG.M.N.CPI.PA._T.N.GY
ARG,Argentina,M,N,CPI,PA,_T,N,GY,2023-03,104.2965,,ARG.M.N.CPI.PA._T.N.GY
ARG,Argentina,M,N,CPI,PA,_T,N,GY,2023-04,108.8341,,ARG.M.N.CPI.PA._T.N.GY
ARG,Argentina,M,N,CPI,PA,_T,N,GY,2023-05,114.2463,,ARG.M.N.CPI.PA._T.N.GY
ARG,Argentina,M,N,CPI,PA,_T,N,GY,2023-06,115.5803,,ARG.M.N.CPI.PA._T.N.GY
ARG,Argentina,M,N,CPI,PA,_T,N,GY,2023-07,113.45,,ARG.M.N.CPI.PA._T.N.GY
ARG,Argentina,M,N,CPI,PA,_T,N,GY,2023-08,124.3675,,ARG.M.N.CPI.PA._T.N.GY
ARG,Argentina,M,N,CPI,PA,_T,N,GY,2023-09,138.2824,,ARG.M.N.CPI.PA._T.N.GY
ARG,Argentina,M,N,CPI,PA,_T,N,GY,2023-10,142.6615,,ARG.M.N.CPI.PA._T.N.GY
ARG,Argentina,M,N,CPI,PA,_T,N,GY,2023-11,160.9208,,ARG.M.N.CPI.PA._T.N.GY
ARG,Argentina,M,N,CPI,PA,_T,N,GY,2023-12,211.4076,,ARG.M.N.CPI.PA._T.N.GY
ARG,Argentina,M,N,CPI,PA,_T,N,GY,2024-01,254.2483,,ARG.M.N.CPI.PA._T.N.GY
ARG,Argentina,M,N,CPI,PA,_T,N,GY,2024-02,276.2184,,ARG.M.N.CPI.PA._T.N.GY
ARG,Argentina,M,N,CPI,PA,_T,N,GY,2024-03,287.8691,,ARG.M.N.CPI.PA._T.N.GY
ARG,Argentina,M,N,CPI,PA,_T,N,GY,2024-04,289.4049,,ARG.M.N.CPI.PA._T.N.GY
ARG,Argentina,M,N,CPI,PA,_T,N,GY,2024-05,276.4103,,ARG.M.N.CPI.PA._T.N.GY
ARG,Argentina,M,N,CPI,PA,_T,N,GY,2024-06,271.5297,,ARG.M.N.CPI.PA._T.N.GY
ARG,Argentina,M,N,CPI,PA,_T,N,GY,2024-07,263.4457,,ARG.M.N.CPI.PA._T.N.GY
ARG,Argentina,M,N,CPI,PA,_T,N,GY,2024-08,236.7166,,ARG.M.N.CPI.PA._T.N.GY
ARG,Argentina,M,N,CPI,PA,_T,N,GY,2024-09,209.0011,,ARG.M.N.CPI.PA._T.N.GY
ARG,Argentina,M,N,CPI,PA,_T,N,GY,2024-10,192.995,,ARG.M.N.CPI.PA._T.N.GY
ARG,Argentina,M,N,CPI,PA,_T,N,GY,2024-11,166.025,,ARG.M.N.CPI.PA._T.N.GY
ARG,Argentina,M,N,CPI,PA,_T,N,GY,2024-12,117.7636,,ARG.M.N.CPI.PA._T.N.GY
ARG,Argentina,M,N,CPI,PA,_T,N,GY,2025-01,84.53751,,ARG.M.N.CPI.PA._T.N.GY
ARG,Argentina,M,N,CPI,PA,_T,N,GY,2025-02,66.87415,,ARG.M.N.CPI.PA._T.N.GY
ARG,Argentina,M,N,CPI,PA,_T,N,GY,2025-03,55.93002,,ARG.M.N.CPI.PA._T.N.GY
ARG,Argentina,M,N,CPI,PA,_T,N,GY,2025-04,47.26027,,ARG.M.N.CPI.PA._T.N.GY
ARG,Argentina,M,N,CPI,PA,_T,N,GY,2025-05,43.47866,,ARG.M.N.CPI.PA._T.N.GY
ARG,Argentina,M,N,CPI,PA,_T,N,GY,2025-06,39.42012,,ARG.M.N.CPI.PA._T.N.GY
ARG,Argentina,M,N,CPI,PA,_T,N,GY,2025-07,36.56654,,ARG.M.N.CPI.PA._T.N.GY
ARG,Argentina,M,N,CPI,PA,_T,N,GY,2025-08,33.55593,,ARG.M.N.CPI.PA._T.N.GY
ARG,Argentina,M,N,CPI,PA,_T,N,GY,2025-09,31.75756,,ARG.M.N.CPI.PA._T.N.GY
ARG,Argentina,M,N,CPI,PA,_T,N,GY,2025-10,31.30876,,ARG.M.N.CPI.PA._T.N.GY
ARG,Argentina,M,N,CPI,PA,_T,N,GY,2025-11,31.36819,,ARG.M.N.CPI.PA._T.N.GY
ARG,Argentina,M,N,CPI,PA,_T,N,GY,2025-12,31.54876,,ARG.M.N.CPI.PA._T.N.GY
ARG,Argentina,M,N,CPI,PA,_T,N,GY,2026-01,32.41181,,ARG.M.N.CPI.PA._T.N.GY
ARG,Argentina,M,N,CPI,PA,_T,N,GY,2026-02,33.05148,,ARG.M.N.CPI.PA._T.N.GY
ARG,Argentina,M,N,CPI,PA,_T,N,GY,2026-03,32.60675,,ARG.M.N.CPI.PA._T.N.GY
ARG,Argentina,M,N,CPI,PA,_T,N,GY,2026-04,32.35045,,ARG.M.N.CPI.PA._T.N.GY
ARG,Argentina,M,N,CPI,PA,_T,N,GY,2026-05,33.19652,,ARG.M.N.CPI.PA._T.N.GY
G7,G7,M,N,CPI,PA,_T,N,GY,2016-07,0.574308,,G7.M.N.CPI.PA._T.N.GY
G7,G7,M,N,CPI,PA,_T,N,GY,2016-08,0.6756539,,G7.M.N.CPI.PA._T.N.GY
G7,G7,M,N,CPI,PA,_T,N,GY,2016-09,0.9880238,,G7.M.N.CPI.PA._T.N.GY
G7,G7,M,N,CPI,PA,_T,N,GY,2016-10,1.161654,,G7.M.N.CPI.PA._T.N.GY
G7,G7,M,N,CPI,PA,_T,N,GY,2016-11,1.279284,,G7.M.N.CPI.PA._T.N.GY
G7,G7,M,N,CPI,PA,_T,N,GY,2016-12,1.585382,,G7.M.N.CPI.PA._T.N.GY
G7,G7,M,N,CPI,PA,_T,N,GY,2017-01,1.954836,,G7.M.N.CPI.PA._T.N.GY
G7,G7,M,N,CPI,PA,_T,N,GY,2017-02,2.140133,,G7.M.N.CPI.PA._T.N.GY
G7,G7,M,N,CPI,PA,_T,N,GY,2017-03,1.849147,,G7.M.N.CPI.PA._T.N.GY
G7,G7,M,N,CPI,PA,_T,N,GY,2017-04,1.855082,,G7.M.N.CPI.PA._T.N.GY
G7,G7,M,N,CPI,PA,_T,N,GY,2017-05,1.584965,,G7.M.N.CPI.PA._T.N.GY
G7,G7,M,N,CPI,PA,_T,N,GY,2017-06,1.424512,,G7.M.N.CPI.PA._T.N.GY
G7,G7,M,N,CPI,PA,_T,N,GY,2017-07,1.489548,,G7.M.N.CPI.PA._T.N.GY
G7,G7,M,N,CPI,PA,_T,N,GY,2017-08,1.694548,,G7.M.N.CPI.PA._T.N.GY
G7,G7,M,N,CPI,PA,_T,N,GY,2017-09,1.871928,,G7.M.N.CPI.PA._T.N.GY
G7,G7,M,N,CPI,PA,_T,N,GY,2017-10,1.661974,,G7.M.N.CPI.PA._T.N.GY
G7,G7,M,N,CPI,PA,_T,N,GY,2017-11,1.854349,,G7.M.N.CPI.PA._T.N.GY
G7,G7,M,N,CPI,PA,_T,N,GY,2017-12,1.825495,,G7.M.N.CPI.PA._T.N.GY
G7,G7,M,N,CPI,PA,_T,N,GY,2018-01,1.842741,,G7.M.N.CPI.PA._T.N.GY
G7,G7,M,N,CPI,PA,_T,N,GY,2018-02,1.879411,,G7.M.N.CPI.PA._T.N.GY
G7,G7,M,N,CPI,PA,_T,N,GY,2018-03,1.999812,,G7.M.N.CPI.PA._T.N.GY
G7,G7,M,N,CPI,PA,_T,N,GY,2018-04,1.95184,,G7.M.N.CPI.PA._T.N.GY
G7,G7,M,N,CPI,PA,_T,N,GY,2018-05,2.287608,,G7.M.N.CPI.PA._T.N.GY
G7,G7,M,N,CPI,PA,_T,N,GY,2018-06,2.336325,,G7.M.N.CPI.PA._T.N.GY
G7,G7,M,N,CPI,PA,_T,N,GY,2018-07,2.455324,,G7.M.N.CPI.PA._T.N.GY
G7,G7,M,N,CPI,PA,_T,N,GY,2018-08,2.35422,,G7.M.N.CPI.PA._T.N.GY
G7,G7,M,N,CPI,PA,_T,N,GY,2018-09,2.059288,,G7.M.N.CPI.PA._T.N.GY
G7,G7,M,N,CPI,PA,_T,N,GY,2018-10,2.279855,,G7.M.N.CPI.PA._T.N.GY
G7,G7,M,N,CPI,PA,_T,N,GY,2018-11,1.935591,,G7.M.N.CPI.PA._T.N.GY
G7,G7,M,N,CPI,PA,_T,N,GY,2018-12,1.633295,,G7.M.N.CPI.PA._T.N.GY
G7,G7,M,N,CPI,PA,_T,N,GY,2019-01,1.343574,,G7.M.N.CPI.PA._T.N.GY
G7,G7,M,N,CPI,PA,_T,N,GY,2019-02,1.349549,,G7.M.N.CPI.PA._T.N.GY
G7,G7,M,N,CPI,PA,_T,N,GY,2019-03,1.564851,,G7.M.N.CPI.PA._T.N.GY
G7,G7,M,N,CPI,PA,_T,N,GY,2019-04,1.784793,,G7.M.N.CPI.PA._T.N.GY
G7,G7,M,N,CPI,PA,_T,N,GY,2019-05,1.558805,,G7.M.N.CPI.PA._T.N.GY
G7,G7,M,N,CPI,PA,_T,N,GY,2019-06,1.489562,,G7.M.N.CPI.PA._T.N.GY
G7,G7,M,N,CPI,PA,_T,N,GY,2019-07,1.562483,,G7.M.N.CPI.PA._T.N.GY
G7,G7,M,N,CPI,PA,_T,N,GY,2019-08,1.449359,,G7.M.N.CPI.PA._T.N.GY
G7,G7,M,N,CPI,PA,_T,N,GY,2019-09,1.380818,,G7.M.N.CPI.PA._T.N.GY
G7,G7,M,N,CPI,PA,_T,N,GY,2019-10,1.372562,,G7.M.N.CPI.PA._T.N.GY
G7,G7,M,N,CPI,PA,_T,N,GY,2019-11,1.591887,,G7.M.N.CPI.PA._T.N.GY
G7,G7,M,N,CPI,PA,_T,N,GY,2019-12,1.825844,,G7.M.N.CPI.PA._T.N.GY
G7,G7,M,N,CPI,PA,_T,N,GY,2020-01,1.998624,,G7.M.N.CPI.PA._T.N.GY
G7,G7,M,N,CPI,PA,_T,N,GY,2020-02,1.849984,,G7.M.N.CPI.PA._T.N.GY
G7,G7,M,N,CPI,PA,_T,N,GY,2020-03,1.259582,,G7.M.N.CPI.PA._T.N.GY
G7,G7,M,N,CPI,PA,_T,N,GY,2020-04,0.3461572,,G7.M.N.CPI.PA._T.N.GY
G7,G7,M,N,CPI,PA,_T,N,GY,2020-05,0.1736845,,G7.M.N.CPI.PA._T.N.GY
G7,G7,M,N,CPI,PA,_T,N,GY,2020-06,0.4897065,,G7.M.N.CPI.PA._T.N.GY
G7,G7,M,N,CPI,PA,_T,N,GY,2020-07,0.5964918,,G7.M.N.CPI.PA._T.N.GY
G7,G7,M,N,CPI,PA,_T,N,GY,2020-08,0.6858063,,G7.M.N.CPI.PA._T.N.GY
G7,G7,M,N,CPI,PA,_T,N,GY,2020-09,0.7151656,,G7.M.N.CPI.PA._T.N.GY
G7,G7,M,N,CPI,PA,_T,N,GY,2020-10,0.6118985,,G7.M.N.CPI.PA._T.N.GY
G7,G7,M,N,CPI,PA,_T,N,GY,2020-11,0.6200219,,G7.M.N.CPI.PA._T.N.GY
G7,G7,M,N,CPI,PA,_T,N,GY,2020-12,0.6787177,,G7.M.N.CPI.PA._T.N.GY
G7,G7,M,N,CPI,PA,_T,N,GY,2021-01,1.008026,,G7.M.N.CPI.PA._T.N.GY
G7,G7,M,N,CPI,PA,_T,N,GY,2021-02,1.207701,,G7.M.N.CPI.PA._T.N.GY
G7,G7,M,N,CPI,PA,_T,N,GY,2021-03,1.894403,,G7.M.N.CPI.PA._T.N.GY
G7,G7,M,N,CPI,PA,_T,N,GY,2021-04,2.829354,,G7.M.N.CPI.PA._T.N.GY
G7,G7,M,N,CPI,PA,_T,N,GY,2021-05,3.428258,,G7.M.N.CPI.PA._T.N.GY
G7,G7,M,N,CPI,PA,_T,N,GY,2021-06,3.711541,,G7.M.N.CPI.PA._T.N.GY
G7,G7,M,N,CPI,PA,_T,N,GY,2021-07,3.869996,,G7.M.N.CPI.PA._T.N.GY
G7,G7,M,N,CPI,PA,_T,N,GY,2021-08,3.941244,,G7.M.N.CPI.PA._T.N.GY
G7,G7,M,N,CPI,PA,_T,N,GY,2021-09,4.163626,,G7.M.N.CPI.PA._T.N.GY
G7,G7,M,N,CPI,PA,_T,N,GY,2021-10,4.784675,,G7.M.N.CPI.PA._T.N.GY
G7,G7,M,N,CPI,PA,_T,N,GY,2021-11,5.309251,,G7.M.N.CPI.PA._T.N.GY
G7,G7,M,N,CPI,PA,_T,N,GY,2021-12,5.500789,,G7.M.N.CPI.PA._T.N.GY
G7,G7,M,N,CPI,PA,_T,N,GY,2022-01,5.72033,,G7.M.N.CPI.PA._T.N.GY
G7,G7,M,N,CPI,PA,_T,N,GY,2022-02,6.187223,,G7.M.N.CPI.PA._T.N.GY
G7,G7,M,N,CPI,PA,_T,N,GY,2022-03,6.926795,,G7.M.N.CPI.PA._T.N.GY
G7,G7,M,N,CPI,PA,_T,N,GY,2022-04,7.044348,,G7.M.N.CPI.PA._T.N.GY
G7,G7,M,N,CPI,PA,_T,N,GY,2022-05,7.418267,,G7.M.N.CPI.PA._T.N.GY
G7,G7,M,N,CPI,PA,_T,N,GY,2022-06,7.805237,,G7.M.N.CPI.PA._T.N.GY
G7,G7,M,N,CPI,PA,_T,N,GY,2022-07,7.546125,,G7.M.N.CPI.PA._T.N.GY
G7,G7,M,N,CPI,PA,_T,N,GY,2022-08,7.435737,,G7.M.N.CPI.PA._T.N.GY
G7,G7,M,N,CPI,PA,_T,N,GY,2022-09,7.5653,,G7.M.N.CPI.PA._T.N.GY
G7,G7,M,N,CPI,PA,_T,N,GY,2022-10,7.649684,,G7.M.N.CPI.PA._T.N.GY
G7,G7,M,N,CPI,PA,_T,N,GY,2022-11,7.263303,,G7.M.N.CPI.PA._T.N.GY
G7,G7,M,N,CPI,PA,_T,N,GY,2022-12,6.786957,,G7.M.N.CPI.PA._T.N.GY
G7,G7,M,N,CPI,PA,_T,N,GY,2023-01,6.715242,,G7.M.N.CPI.PA._T.N.GY
G7,G7,M,N,CPI,PA,_T,N,GY,2023-02,6.351648,,G7.M.N.CPI.PA._T.N.GY
G7,G7,M,N,CPI,PA,_T,N,GY,2023-03,5.454367,,G7.M.N.CPI.PA._T.N.GY
G7,G7,M,N,CPI,PA,_T,N,GY,2023-04,5.392743,,G7.M.N.CPI.PA._T.N.GY
G7,G7,M,N,CPI,PA,_T,N,GY,2023-05,4.640407,,G7.M.N.CPI.PA._T.N.GY
G7,G7,M,N,CPI,PA,_T,N,GY,2023-06,3.877457,,G7.M.N.CPI.PA._T.N.GY
G7,G7,M,N,CPI,PA,_T,N,GY,2023-07,3.894856,,G7.M.N.CPI.PA._T.N.GY
G7,G7,M,N,CPI,PA,_T,N,GY,2023-08,4.194492,,G7.M.N.CPI.PA._T.N.GY
G7,G7,M,N,CPI,PA,_T,N,GY,2023-09,4.056,,G7.M.N.CPI.PA._T.N.GY
G7,G7,M,N,CPI,PA,_T,N,GY,2023-10,3.357785,,G7.M.N.CPI.PA._T.N.GY
G7,G7,M,N,CPI,PA,_T,N,GY,2023-11,3.068963,,G7.M.N.CPI.PA._T.N.GY
G7,G7,M,N,CPI,PA,_T,N,GY,2023-12,3.234831,,G7.M.N.CPI.PA._T.N.GY
G7,G7,M,N,CPI,PA,_T,N,GY,2024-01,2.918586,,G7.M.N.CPI.PA._T.N.GY
G7,G7,M,N,CPI,PA,_T,N,GY,2024-02,2.938604,,G7.M.N.CPI.PA._T.N.GY
G7,G7,M,N,CPI,PA,_T,N,GY,2024-03,3.060314,,G7.M.N.CPI.PA._T.N.GY
G7,G7,M,N,CPI,PA,_T,N,GY,2024-04,2.896665,,G7.M.N.CPI.PA._T.N.GY
G7,G7,M,N,CPI,PA,_T,N,GY,2024-05,2.872501,,G7.M.N.CPI.PA._T.N.GY
G7,G7,M,N,CPI,PA,_T,N,GY,2024-06,2.676223,,G7.M.N.CPI.PA._T.N.GY
G7,G7,M,N,CPI,PA,_T,N,GY,2024-07,2.683799,,G7.M.N.CPI.PA._T.N.GY
G7,G7,M,N,CPI,PA,_T,N,GY,2024-08,2.409046,,G7.M.N.CPI.PA._T.N.GY
G7,G7,M,N,CPI,PA,_T,N,GY,2024-09,2.16352,,G7.M.N.CPI.PA._T.N.GY
G7,G7,M,N,CPI,PA,_T,N,GY,2024-10,2.345919,,G7.M.N.CPI.PA._T.N.GY
G7,G7,M,N,CPI,PA,_T,N,GY,2024-11,2.561707,,G7.M.N.CPI.PA._T.N.GY
G7,G7,M,N,CPI,PA,_T,N,GY,2024-12,2.751394,,G7.M.N.CPI.PA._T.N.GY
G7,G7,M,N,CPI,PA,_T,N,GY,2025-01,2.885157,,G7.M.N.CPI.PA._T.N.GY
G7,G7,M,N,CPI,PA,_T,N,GY,2025-02,2.704934,,G7.M.N.CPI.PA._T.N.GY
G7,G7,M,N,CPI,PA,_T,N,GY,2025-03,2.435202,,G7.M.N.CPI.PA._T.N.GY
G7,G7,M,N,CPI,PA,_T,N,GY,2025-04,2.423388,,G7.M.N.CPI.PA._T.N.GY
G7,G7,M,N,CPI,PA,_T,N,GY,2025-05,2.404021,,G7.M.N.CPI.PA._T.N.GY
G7,G7,M,N,CPI,PA,_T,N,GY,2025-06,2.589809,,G7.M.N.CPI.PA._T.N.GY
G7,G7,M,N,CPI,PA,_T,N,GY,2025-07,2.594947,,G7.M.N.CPI.PA._T.N.GY
G7,G7,M,N,CPI,PA,_T,N,GY,2025-08,2.684848,,G7.M.N.CPI.PA._T.N.GY
G7,G7,M,N,CPI,PA,_T,N,GY,2025-09,2.799393,,G7.M.N.CPI.PA._T.N.GY
G7,G7,M,N,CPI,PA,_T,N,GY,2025-11,2.529273,,G7.M.N.CPI.PA._T.N.GY
G7,G7,M,N,CPI,PA,_T,N,GY,2025-12,2.375702,,G7.M.N.CPI.PA._T.N.GY
G7,G7,M,N,CPI,PA,_T,N,GY,2026-01,2.110935,,G7.M.N.CPI.PA._T.N.GY
G7,G7,M,N,CPI,PA,_T,N,GY,2026-02,2.146336,,G7.M.N.CPI.PA._T.N.GY
G7,G7,M,N,CPI,PA,_T,N,GY,2026-03,2.815347,,G7.M.N.CPI.PA._T.N.GY
G7,G7,M,N,CPI,PA,_T,N,GY,2026-04,3.208548,,G7.M.N.CPI.PA._T.N.GY
G7,G7,M,N,CPI,PA,_T,N,GY,2026-05,3.515784,,G7.M.N.CPI.PA._T.N.GY
G7,G7,M,N,CPI,PA,_T,N,GY,2026-06,3.014019,,G7.M.N.CPI.PA._T.N.GY
G7,G7,M,N,CPI,PA,_T,N,GY,2026-07,3.02415,,G7.M.N.CPI.PA._T.N.GY
G20,G20,M,N,CPI,PA,_T,N,GY,2015-01,2.15314,,G20.M.N.CPI.PA._T.N.GY
G20,G20,M,N,CPI,PA,_T,N,GY,2015-02,2.293561,,G20.M.N.CPI.PA._T.N.GY
G20,G20,M,N,CPI,PA,_T,N,GY,2015-03,2.345269,,G20.M.N.CPI.PA._T.N.GY
G20,G20,M,N,CPI,PA,_T,N,GY,2015-04,2.226663,,G20.M.N.CPI.PA._T.N.GY
G20,G20,M,N,CPI,PA,_T,N,GY,2015-05,2.306021,,G20.M.N.CPI.PA._T.N.GY
G20,G20,M,N,CPI,PA,_T,N,GY,2015-06,2.34343,,G20.M.N.CPI.PA._T.N.GY
G20,G20,M,N,CPI,PA,_T,N,GY,2015-07,2.316355,,G20.M.N.CPI.PA._T.N.GY
G20,G20,M,N,CPI,PA,_T,N,GY,2015-08,2.327854,,G20.M.N.CPI.PA._T.N.GY
G20,G20,M,N,CPI,PA,_T,N,GY,2015-09,2.213748,,G20.M.N.CPI.PA._T.N.GY
G20,G20,M,N,CPI,PA,_T,N,GY,2015-10,2.352582,,G20.M.N.CPI.PA._T.N.GY
G20,G20,M,N,CPI,PA,_T,N,GY,2015-11,2.458862,,G20.M.N.CPI.PA._T.N.GY
G20,G20,M,N,CPI,PA,_T,N,GY,2015-12,2.420743,,G20.M.N.CPI.PA._T.N.GY
G20,G20,M,N,CPI,PA,_T,N,GY,2016-01,2.556915,,G20.M.N.CPI.PA._T.N.GY
G20,G20,M,N,CPI,PA,_T,N,GY,2016-02,2.358846,,G20.M.N.CPI.PA._T.N.GY
G20,G20,M,N,CPI,PA,_T,N,GY,2016-03,2.198364,,G20.M.N.CPI.PA._T.N.GY
G20,G20,M,N,CPI,PA,_T,N,GY,2016-04,2.199893,,G20.M.N.CPI.PA._T.N.GY
G20,G20,M,N,CPI,PA,_T,N,GY,2016-05,2.184722,,G20.M.N.CPI.PA._T.N.GY
G20,G20,M,N,CPI,PA,_T,N,GY,2016-06,2.162636,,G20.M.N.CPI.PA._T.N.GY
G20,G20,M,N,CPI,PA,_T,N,GY,2016-07,2.132667,,G20.M.N.CPI.PA._T.N.GY
G20,G20,M,N,CPI,PA,_T,N,GY,2016-08,2.024292,,G20.M.N.CPI.PA._T.N.GY
G20,G20,M,N,CPI,PA,_T,N,GY,2016-09,2.158182,,G20.M.N.CPI.PA._T.N.GY
G20,G20,M,N,CPI,PA,_T,N,GY,2016-10,2.211035,,G20.M.N.CPI.PA._T.N.GY
G20,G20,M,N,CPI,PA,_T,N,GY,2016-11,2.181337,,G20.M.N.CPI.PA._T.N.GY
G20,G20,M,N,CPI,PA,_T,N,GY,2016-12,2.269125,,G20.M.N.CPI.PA._T.N.GY
G20,G20,M,N,CPI,PA,_T,N,GY,2017-01,2.585288,,G20.M.N.CPI.PA._T.N.GY
G20,G20,M,N,CPI,PA,_T,N,GY,2017-02,2.470845,,G20.M.N.CPI.PA._T.N.GY
G20,G20,M,N,CPI,PA,_T,N,GY,2017-03,2.332288,,G20.M.N.CPI.PA._T.N.GY
G20,G20,M,N,CPI,PA,_T,N,GY,2017-04,2.368852,,G20.M.N.CPI.PA._T.N.GY
G20,G20,M,N,CPI,PA,_T,N,GY,2017-05,2.18645,,G20.M.N.CPI.PA._T.N.GY
G20,G20,M,N,CPI,PA,_T,N,GY,2017-06,2.063629,,G20.M.N.CPI.PA._T.N.GY
G20,G20,M,N,CPI,PA,_T,N,GY,2017-07,2.053243,,G20.M.N.CPI.PA._T.N.GY
G20,G20,M,N,CPI,PA,_T,N,GY,2017-08,2.287878,,G20.M.N.CPI.PA._T.N.GY
G20,G20,M,N,CPI,PA,_T,N,GY,2017-09,2.37624,,G20.M.N.CPI.PA._T.N.GY
G20,G20,M,N,CPI,PA,_T,N,GY,2017-10,2.332719,,G20.M.N.CPI.PA._T.N.GY
G20,G20,M,N,CPI,PA,_T,N,GY,2017-11,2.492068,,G20.M.N.CPI.PA._T.N.GY
G20,G20,M,N,CPI,PA,_T,N,GY,2017-12,2.465758,,G20.M.N.CPI.PA._T.N.GY
G20,G20,M,N,CPI,PA,_T,N,GY,2018-01,2.674857,,G20.M.N.CPI.PA._T.N.GY
G20,G20,M,N,CPI,PA,_T,N,GY,2018-02,2.885159,,G20.M.N.CPI.PA._T.N.GY
G20,G20,M,N,CPI,PA,_T,N,GY,2018-03,2.764701,,G20.M.N.CPI.PA._T.N.GY
G20,G20,M,N,CPI,PA,_T,N,GY,2018-04,2.695478,,G20.M.N.CPI.PA._T.N.GY
G20,G20,M,N,CPI,PA,_T,N,GY,2018-05,2.88836,,G20.M.N.CPI.PA._T.N.GY
G20,G20,M,N,CPI,PA,_T,N,GY,2018-06,3.101868,,G20.M.N.CPI.PA._T.N.GY
G20,G20,M,N,CPI,PA,_T,N,GY,2018-07,3.432864,,G20.M.N.CPI.PA._T.N.GY
G20,G20,M,N,CPI,PA,_T,N,GY,2018-08,3.498525,,G20.M.N.CPI.PA._T.N.GY
G20,G20,M,N,CPI,PA,_T,N,GY,2018-09,3.615684,,G20.M.N.CPI.PA._T.N.GY
G20,G20,M,N,CPI,PA,_T,N,GY,2018-10,3.798064,,G20.M.N.CPI.PA._T.N.GY
G20,G20,M,N,CPI,PA,_T,N,GY,2018-11,3.463746,,G20.M.N.CPI.PA._T.N.GY
G20,G20,M,N,CPI,PA,_T,N,GY,2018-12,3.270392,,G20.M.N.CPI.PA._T.N.GY
G20,G20,M,N,CPI,PA,_T,N,GY,2019-01,3.164,,G20.M.N.CPI.PA._T.N.GY
G20,G20,M,N,CPI,PA,_T,N,GY,2019-02,3.176302,,G20.M.N.CPI.PA._T.N.GY
G20,G20,M,N,CPI,PA,_T,N,GY,2019-03,3.532746,,G20.M.N.CPI.PA._T.N.GY
G20,G20,M,N,CPI,PA,_T,N,GY,2019-04,3.800524,,G20.M.N.CPI.PA._T.N.GY
G20,G20,M,N,CPI,PA,_T,N,GY,2019-05,3.733872,,G20.M.N.CPI.PA._T.N.GY
G20,G20,M,N,CPI,PA,_T,N,GY,2019-06,3.537703,,G20.M.N.CPI.PA._T.N.GY
G20,G20,M,N,CPI,PA,_T,N,GY,2019-07,3.342484,,G20.M.N.CPI.PA._T.N.GY
G20,G20,M,N,CPI,PA,_T,N,GY,2019-08,3.29811,,G20.M.N.CPI.PA._T.N.GY
G20,G20,M,N,CPI,PA,_T,N,GY,2019-09,3.168355,,G20.M.N.CPI.PA._T.N.GY
G20,G20,M,N,CPI,PA,_T,N,GY,2019-10,3.268747,,G20.M.N.CPI.PA._T.N.GY
G20,G20,M,N,CPI,PA,_T,N,GY,2019-11,3.700271,,G20.M.N.CPI.PA._T.N.GY
G20,G20,M,N,CPI,PA,_T,N,GY,2019-12,3.991036,,G20.M.N.CPI.PA._T.N.GY
G20,G20,M,N,CPI,PA,_T,N,GY,2020-01,4.064606,,G20.M.N.CPI.PA._T.N.GY
G20,G20,M,N,CPI,PA,_T,N,GY,2020-02,3.875387,,G20.M.N.CPI.PA._T.N.GY
G20,G20,M,N,CPI,PA,_T,N,GY,2020-03,3.222129,,G20.M.N.CPI.PA._T.N.GY
G20,G20,M,N,CPI,PA,_T,N,GY,2020-04,2.435303,,G20.M.N.CPI.PA._T.N.GY
G20,G20,M,N,CPI,PA,_T,N,GY,2020-05,2.1148,,G20.M.N.CPI.PA._T.N.GY
G20,G20,M,N,CPI,PA,_T,N,GY,2020-06,2.352982,,G20.M.N.CPI.PA._T.N.GY
G20,G20,M,N,CPI,PA,_T,N,GY,2020-07,2.449409,,G20.M.N.CPI.PA._T.N.GY
G20,G20,M,N,CPI,PA,_T,N,GY,2020-08,2.539754,,G20.M.N.CPI.PA._T.N.GY
G20,G20,M,N,CPI,PA,_T,N,GY,2020-09,2.403901,,G20.M.N.CPI.PA._T.N.GY
G20,G20,M,N,CPI,PA,_T,N,GY,2020-10,2.211924,,G20.M.N.CPI.PA._T.N.GY
G20,G20,M,N,CPI,PA,_T,N,GY,2020-11,1.986116,,G20.M.N.CPI.PA._T.N.GY
G20,G20,M,N,CPI,PA,_T,N,GY,2020-12,2.019366,,G20.M.N.CPI.PA._T.N.GY
G20,G20,M,N,CPI,PA,_T,N,GY,2021-01,2.175706,,G20.M.N.CPI.PA._T.N.GY
G20,G20,M,N,CPI,PA,_T,N,GY,2021-02,2.413962,,G20.M.N.CPI.PA._T.N.GY
G20,G20,M,N,CPI,PA,_T,N,GY,2021-03,3.086776,,G20.M.N.CPI.PA._T.N.GY
G20,G20,M,N,CPI,PA,_T,N,GY,2021-04,3.764479,,G20.M.N.CPI.PA._T.N.GY
G20,G20,M,N,CPI,PA,_T,N,GY,2021-05,4.28875,,G20.M.N.CPI.PA._T.N.GY
G20,G20,M,N,CPI,PA,_T,N,GY,2021-06,4.395813,,G20.M.N.CPI.PA._T.N.GY
G20,G20,M,N,CPI,PA,_T,N,GY,2021-07,4.523116,,G20.M.N.CPI.PA._T.N.GY
G20,G20,M,N,CPI,PA,_T,N,GY,2021-08,4.434379,,G20.M.N.CPI.PA._T.N.GY
G20,G20,M,N,CPI,PA,_T,N,GY,2021-09,4.586928,,G20.M.N.CPI.PA._T.N.GY
G20,G20,M,N,CPI,PA,_T,N,GY,2021-10,5.213959,,G20.M.N.CPI.PA._T.N.GY
G20,G20,M,N,CPI,PA,_T,N,GY,2021-11,5.849686,,G20.M.N.CPI.PA._T.N.GY
G20,G20,M,N,CPI,PA,_T,N,GY,2021-12,6.116239,,G20.M.N.CPI.PA._T.N.GY
G20,G20,M,N,CPI,PA,_T,N,GY,2022-01,6.448158,,G20.M.N.CPI.PA._T.N.GY
G20,G20,M,N,CPI,PA,_T,N,GY,2022-02,6.768061,,G20.M.N.CPI.PA._T.N.GY
G20,G20,M,N,CPI,PA,_T,N,GY,2022-03,7.889353,,G20.M.N.CPI.PA._T.N.GY
G20,G20,M,N,CPI,PA,_T,N,GY,2022-04,8.512401,,G20.M.N.CPI.PA._T.N.GY
G20,G20,M,N,CPI,PA,_T,N,GY,2022-05,8.845308,,G20.M.N.CPI.PA._T.N.GY
G20,G20,M,N,CPI,PA,_T,N,GY,2022-06,9.233652,,G20.M.N.CPI.PA._T.N.GY
G20,G20,M,N,CPI,PA,_T,N,GY,2022-07,9.195208,,G20.M.N.CPI.PA._T.N.GY
G20,G20,M,N,CPI,PA,_T,N,GY,2022-08,9.171371,,G20.M.N.CPI.PA._T.N.GY
G20,G20,M,N,CPI,PA,_T,N,GY,2022-09,9.481356,,G20.M.N.CPI.PA._T.N.GY
G20,G20,M,N,CPI,PA,_T,N,GY,2022-10,9.410877,,G20.M.N.CPI.PA._T.N.GY
G20,G20,M,N,CPI,PA,_T,N,GY,2022-11,8.974793,,G20.M.N.CPI.PA._T.N.GY
G20,G20,M,N,CPI,PA,_T,N,GY,2022-12,8.478861,,G20.M.N.CPI.PA._T.N.GY
G20,G20,M,N,CPI,PA,_T,N,GY,2023-01,8.431634,,G20.M.N.CPI.PA._T.N.GY
G20,G20,M,N,CPI,PA,_T,N,GY,2023-02,8.035616,,G20.M.N.CPI.PA._T.N.GY
G20,G20,M,N,CPI,PA,_T,N,GY,2023-03,6.936593,,G20.M.N.CPI.PA._T.N.GY
G20,G20,M,N,CPI,PA,_T,N,GY,2023-04,6.476716,,G20.M.N.CPI.PA._T.N.GY
G20,G20,M,N,CPI,PA,_T,N,GY,2023-05,5.946219,,G20.M.N.CPI.PA._T.N.GY
G20,G20,M,N,CPI,PA,_T,N,GY,2023-06,5.560704,,G20.M.N.CPI.PA._T.N.GY
G20,G20,M,N,CPI,PA,_T,N,GY,2023-07,5.935591,,G20.M.N.CPI.PA._T.N.GY
G20,G20,M,N,CPI,PA,_T,N,GY,2023-08,6.456074,,G20.M.N.CPI.PA._T.N.GY
G20,G20,M,N,CPI,PA,_T,N,GY,2023-09,6.289442,,G20.M.N.CPI.PA._T.N.GY
G20,G20,M,N,CPI,PA,_T,N,GY,2023-10,5.917751,,G20.M.N.CPI.PA._T.N.GY
G20,G20,M,N,CPI,PA,_T,N,GY,2023-11,6.041808,,G20.M.N.CPI.PA._T.N.GY
G20,G20,M,N,CPI,PA,_T,N,GY,2023-12,6.828426,,G20.M.N.CPI.PA._T.N.GY
G20,G20,M,N,CPI,PA,_T,N,GY,2024-01,6.683102,,G20.M.N.CPI.PA._T.N.GY
G20,G20,M,N,CPI,PA,_T,N,GY,2024-02,7.117812,,G20.M.N.CPI.PA._T.N.GY
G20,G20,M,N,CPI,PA,_T,N,GY,2024-03,7.034162,,G20.M.N.CPI.PA._T.N.GY
G20,G20,M,N,CPI,PA,_T,N,GY,2024-04,6.991996,,G20.M.N.CPI.PA._T.N.GY
G20,G20,M,N,CPI,PA,_T,N,GY,2024-05,7.088699,,G20.M.N.CPI.PA._T.N.GY
G20,G20,M,N,CPI,PA,_T,N,GY,2024-06,6.899809,,G20.M.N.CPI.PA._T.N.GY
G20,G20,M,N,CPI,PA,_T,N,GY,2024-07,6.611352,,G20.M.N.CPI.PA._T.N.GY
G20,G20,M,N,CPI,PA,_T,N,GY,2024-08,6.129466,,G20.M.N.CPI.PA._T.N.GY
G20,G20,M,N,CPI,PA,_T,N,GY,2024-09,5.86718,,G20.M.N.CPI.PA._T.N.GY
G20,G20,M,N,CPI,PA,_T,N,GY,2024-10,5.80465,,G20.M.N.CPI.PA._T.N.GY
G20,G20,M,N,CPI,PA,_T,N,GY,2024-11,5.554881,,G20.M.N.CPI.PA._T.N.GY
G20,G20,M,N,CPI,PA,_T,N,GY,2024-12,4.92243,,G20.M.N.CPI.PA._T.N.GY
G20,G20,M,N,CPI,PA,_T,N,GY,2025-01,4.751687,,G20.M.N.CPI.PA._T.N.GY
G20,G20,M,N,CPI,PA,_T,N,GY,2025-02,4.179879,,G20.M.N.CPI.PA._T.N.GY
G20,G20,M,N,CPI,PA,_T,N,GY,2025-03,4.111696,,G20.M.N.CPI.PA._T.N.GY
G20,G20,M,N,CPI,PA,_T,N,GY,2025-04,3.998585,,G20.M.N.CPI.PA._T.N.GY
G20,G20,M,N,CPI,PA,_T,N,GY,2025-05,3.834886,,G20.M.N.CPI.PA._T.N.GY
G20,G20,M,N,CPI,PA,_T,N,GY,2025-06,3.841804,,G20.M.N.CPI.PA._T.N.GY
G20,G20,M,N,CPI,PA,_T,N,GY,2025-07,3.744983,,G20.M.N.CPI.PA._T.N.GY
G20,G20,M,N,CPI,PA,_T,N,GY,2025-08,3.657673,,G20.M.N.CPI.PA._T.N.GY
G20,G20,M,N,CPI,PA,_T,N,GY,2025-09,3.671516,,G20.M.N.CPI.PA._T.N.GY
G20,G20,M,N,CPI,PA,_T,N,GY,2025-11,3.525089,,G20.M.N.CPI.PA._T.N.GY
G20,G20,M,N,CPI,PA,_T,N,GY,2025-12,3.457006,,G20.M.N.CPI.PA._T.N.GY
G20,G20,M,N,CPI,PA,_T,N,GY,2026-01,3.300934,,G20.M.N.CPI.PA._T.N.GY
G20,G20,M,N,CPI,PA,_T,N,GY,2026-02,3.575269,,G20.M.N.CPI.PA._T.N.GY
G20,G20,M,N,CPI,PA,_T,N,GY,2026-03,3.865398,,G20.M.N.CPI.PA._T.N.GY
G20,G20,M,N,CPI,PA,_T,N,GY,2026-04,4.117494,,G20.M.N.CPI.PA._T.N.GY
G20,G20,M,N,CPI,PA,_T,N,GY,2026-05,4.324424,,G20.M.N.CPI.PA._T.N.GY
G20,G20,M,N,CPI,PA,_T,N,GY,2026-06,4.056039,,G20.M.N.CPI.PA._T.N.GY
G20,G20,M,N,CPI,PA,_T,N,GY,2026-07,3.891396,,G20.M.N.CPI.PA._T.N.GY
OECD,OECD,M,N,CPI,PA,_T,N,GY,2015-01,0.5934491,,OECD.M.N.CPI.PA._T.N.GY
OECD,OECD,M,N,CPI,PA,_T,N,GY,2015-02,0.6485484,,OECD.M.N.CPI.PA._T.N.GY
OECD,OECD,M,N,CPI,PA,_T,N,GY,2015-03,0.694124,,OECD.M.N.CPI.PA._T.N.GY
OECD,OECD,M,N,CPI,PA,_T,N,GY,2015-04,0.5542037,,OECD.M.N.CPI.PA._T.N.GY
OECD,OECD,M,N,CPI,PA,_T,N,GY,2015-05,0.6864201,,OECD.M.N.CPI.PA._T.N.GY
OECD,OECD,M,N,CPI,PA,_T,N,GY,2015-06,0.6977863,,OECD.M.N.CPI.PA._T.N.GY
OECD,OECD,M,N,CPI,PA,_T,N,GY,2015-07,0.6842759,,OECD.M.N.CPI.PA._T.N.GY
OECD,OECD,M,N,CPI,PA,_T,N,GY,2015-08,0.6697032,,OECD.M.N.CPI.PA._T.N.GY
OECD,OECD,M,N,CPI,PA,_T,N,GY,2015-09,0.5326623,,OECD.M.N.CPI.PA._T.N.GY
OECD,OECD,M,N,CPI,PA,_T,N,GY,2015-10,0.6780346,,OECD.M.N.CPI.PA._T.N.GY
OECD,OECD,M,N,CPI,PA,_T,N,GY,2015-11,0.8035205,,OECD.M.N.CPI.PA._T.N.GY
OECD,OECD,M,N,CPI,PA,_T,N,GY,2015-12,0.950911,,OECD.M.N.CPI.PA._T.N.GY
OECD,OECD,M,N,CPI,PA,_T,N,GY,2016-01,1.27715,,OECD.M.N.CPI.PA._T.N.GY
OECD,OECD,M,N,CPI,PA,_T,N,GY,2016-02,1.060531,,OECD.M.N.CPI.PA._T.N.GY
OECD,OECD,M,N,CPI,PA,_T,N,GY,2016-03,0.9360791,,OECD.M.N.CPI.PA._T.N.GY
OECD,OECD,M,N,CPI,PA,_T,N,GY,2016-04,0.9523739,,OECD.M.N.CPI.PA._T.N.GY
OECD,OECD,M,N,CPI,PA,_T,N,GY,2016-05,0.924161,,OECD.M.N.CPI.PA._T.N.GY
OECD,OECD,M,N,CPI,PA,_T,N,GY,2016-06,0.9993901,,OECD.M.N.CPI.PA._T.N.GY
OECD,OECD,M,N,CPI,PA,_T,N,GY,2016-07,0.9872009,,OECD.M.N.CPI.PA._T.N.GY
OECD,OECD,M,N,CPI,PA,_T,N,GY,2016-08,1.04991,,OECD.M.N.CPI.PA._T.N.GY
OECD,OECD,M,N,CPI,PA,_T,N,GY,2016-09,1.288823,,OECD.M.N.CPI.PA._T.N.GY
OECD,OECD,M,N,CPI,PA,_T,N,GY,2016-10,1.452238,,OECD.M.N.CPI.PA._T.N.GY
OECD,OECD,M,N,CPI,PA,_T,N,GY,2016-11,1.547191,,OECD.M.N.CPI.PA._T.N.GY
OECD,OECD,M,N,CPI,PA,_T,N,GY,2016-12,1.875377,,OECD.M.N.CPI.PA._T.N.GY
OECD,OECD,M,N,CPI,PA,_T,N,GY,2017-01,2.352355,,OECD.M.N.CPI.PA._T.N.GY
OECD,OECD,M,N,CPI,PA,_T,N,GY,2017-02,2.541037,,OECD.M.N.CPI.PA._T.N.GY
OECD,OECD,M,N,CPI,PA,_T,N,GY,2017-03,2.349847,,OECD.M.N.CPI.PA._T.N.GY
OECD,OECD,M,N,CPI,PA,_T,N,GY,2017-04,2.388367,,OECD.M.N.CPI.PA._T.N.GY
OECD,OECD,M,N,CPI,PA,_T,N,GY,2017-05,2.16392,,OECD.M.N.CPI.PA._T.N.GY
OECD,OECD,M,N,CPI,PA,_T,N,GY,2017-06,1.978545,,OECD.M.N.CPI.PA._T.N.GY
OECD,OECD,M,N,CPI,PA,_T,N,GY,2017-07,2.015321,,OECD.M.N.CPI.PA._T.N.GY
OECD,OECD,M,N,CPI,PA,_T,N,GY,2017-08,2.232367,,OECD.M.N.CPI.PA._T.N.GY
OECD,OECD,M,N,CPI,PA,_T,N,GY,2017-09,2.366577,,OECD.M.N.CPI.PA._T.N.GY
OECD,OECD,M,N,CPI,PA,_T,N,GY,2017-10,2.225943,,OECD.M.N.CPI.PA._T.N.GY
OECD,OECD,M,N,CPI,PA,_T,N,GY,2017-11,2.413985,,OECD.M.N.CPI.PA._T.N.GY
OECD,OECD,M,N,CPI,PA,_T,N,GY,2017-12,2.344555,,OECD.M.N.CPI.PA._T.N.GY
OECD,OECD,M,N,CPI,PA,_T,N,GY,2018-01,2.19702,,OECD.M.N.CPI.PA._T.N.GY
OECD,OECD,M,N,CPI,PA,_T,N,GY,2018-02,2.212928,,OECD.M.N.CPI.PA._T.N.GY
OECD,OECD,M,N,CPI,PA,_T,N,GY,2018-03,2.281662,,OECD.M.N.CPI.PA._T.N.GY
OECD,OECD,M,N,CPI,PA,_T,N,GY,2018-04,2.264936,,OECD.M.N.CPI.PA._T.N.GY
OECD,OECD,M,N,CPI,PA,_T,N,GY,2018-05,2.601681,,OECD.M.N.CPI.PA._T.N.GY
OECD,OECD,M,N,CPI,PA,_T,N,GY,2018-06,2.775435,,OECD.M.N.CPI.PA._T.N.GY
OECD,OECD,M,N,CPI,PA,_T,N,GY,2018-07,2.874402,,OECD.M.N.CPI.PA._T.N.GY
OECD,OECD,M,N,CPI,PA,_T,N,GY,2018-08,2.874859,,OECD.M.N.CPI.PA._T.N.GY
OECD,OECD,M,N,CPI,PA,_T,N,GY,2018-09,2.894414,,OECD.M.N.CPI.PA._T.N.GY
OECD,OECD,M,N,CPI,PA,_T,N,GY,2018-10,3.079072,,OECD.M.N.CPI.PA._T.N.GY
OECD,OECD,M,N,CPI,PA,_T,N,GY,2018-11,2.676367,,OECD.M.N.CPI.PA._T.N.GY
OECD,OECD,M,N,CPI,PA,_T,N,GY,2018-12,2.365469,,OECD.M.N.CPI.PA._T.N.GY
OECD,OECD,M,N,CPI,PA,_T,N,GY,2019-01,2.091171,,OECD.M.N.CPI.PA._T.N.GY
OECD,OECD,M,N,CPI,PA,_T,N,GY,2019-02,2.073522,,OECD.M.N.CPI.PA._T.N.GY
OECD,OECD,M,N,CPI,PA,_T,N,GY,2019-03,2.263722,,OECD.M.N.CPI.PA._T.N.GY
OECD,OECD,M,N,CPI,PA,_T,N,GY,2019-04,2.463241,,OECD.M.N.CPI.PA._T.N.GY
OECD,OECD,M,N,CPI,PA,_T,N,GY,2019-05,2.24306,,OECD.M.N.CPI.PA._T.N.GY
OECD,OECD,M,N,CPI,PA,_T,N,GY,2019-06,2.070374,,OECD.M.N.CPI.PA._T.N.GY
OECD,OECD,M,N,CPI,PA,_T,N,GY,2019-07,2.137129,,OECD.M.N.CPI.PA._T.N.GY
OECD,OECD,M,N,CPI,PA,_T,N,GY,2019-08,1.955397,,OECD.M.N.CPI.PA._T.N.GY
OECD,OECD,M,N,CPI,PA,_T,N,GY,2019-09,1.670261,,OECD.M.N.CPI.PA._T.N.GY
OECD,OECD,M,N,CPI,PA,_T,N,GY,2019-10,1.644008,,OECD.M.N.CPI.PA._T.N.GY
OECD,OECD,M,N,CPI,PA,_T,N,GY,2019-11,1.888812,,OECD.M.N.CPI.PA._T.N.GY
OECD,OECD,M,N,CPI,PA,_T,N,GY,2019-12,2.153179,,OECD.M.N.CPI.PA._T.N.GY
OECD,OECD,M,N,CPI,PA,_T,N,GY,2020-01,2.36317,,OECD.M.N.CPI.PA._T.N.GY
OECD,OECD,M,N,CPI,PA,_T,N,GY,2020-02,2.25042,,OECD.M.N.CPI.PA._T.N.GY
OECD,OECD,M,N,CPI,PA,_T,N,GY,2020-03,1.738942,,OECD.M.N.CPI.PA._T.N.GY
OECD,OECD,M,N,CPI,PA,_T,N,GY,2020-04,0.8383664,,OECD.M.N.CPI.PA._T.N.GY
OECD,OECD,M,N,CPI,PA,_T,N,GY,2020-05,0.7055882,,OECD.M.N.CPI.PA._T.N.GY
OECD,OECD,M,N,CPI,PA,_T,N,GY,2020-06,1.043672,,OECD.M.N.CPI.PA._T.N.GY
OECD,OECD,M,N,CPI,PA,_T,N,GY,2020-07,1.132158,,OECD.M.N.CPI.PA._T.N.GY
OECD,OECD,M,N,CPI,PA,_T,N,GY,2020-08,1.206628,,OECD.M.N.CPI.PA._T.N.GY
OECD,OECD,M,N,CPI,PA,_T,N,GY,2020-09,1.245015,,OECD.M.N.CPI.PA._T.N.GY
OECD,OECD,M,N,CPI,PA,_T,N,GY,2020-10,1.139012,,OECD.M.N.CPI.PA._T.N.GY
OECD,OECD,M,N,CPI,PA,_T,N,GY,2020-11,1.16729,,OECD.M.N.CPI.PA._T.N.GY
OECD,OECD,M,N,CPI,PA,_T,N,GY,2020-12,1.219539,,OECD.M.N.CPI.PA._T.N.GY
OECD,OECD,M,N,CPI,PA,_T,N,GY,2021-01,1.56447,,OECD.M.N.CPI.PA._T.N.GY
OECD,OECD,M,N,CPI,PA,_T,N,GY,2021-02,1.746491,,OECD.M.N.CPI.PA._T.N.GY
OECD,OECD,M,N,CPI,PA,_T,N,GY,2021-03,2.384285,,OECD.M.N.CPI.PA._T.N.GY
OECD,OECD,M,N,CPI,PA,_T,N,GY,2021-04,3.313922,,OECD.M.N.CPI.PA._T.N.GY
OECD,OECD,M,N,CPI,PA,_T,N,GY,2021-05,3.797513,,OECD.M.N.CPI.PA._T.N.GY
OECD,OECD,M,N,CPI,PA,_T,N,GY,2021-06,4.012404,,OECD.M.N.CPI.PA._T.N.GY
OECD,OECD,M,N,CPI,PA,_T,N,GY,2021-07,4.210643,,OECD.M.N.CPI.PA._T.N.GY
OECD,OECD,M,N,CPI,PA,_T,N,GY,2021-08,4.33045,,OECD.M.N.CPI.PA._T.N.GY
OECD,OECD,M,N,CPI,PA,_T,N,GY,2021-09,4.580333,,OECD.M.N.CPI.PA._T.N.GY
OECD,OECD,M,N,CPI,PA,_T,N,GY,2021-10,5.199859,,OECD.M.N.CPI.PA._T.N.GY
OECD,OECD,M,N,CPI,PA,_T,N,GY,2021-11,5.806115,,OECD.M.N.CPI.PA._T.N.GY
OECD,OECD,M,N,CPI,PA,_T,N,GY,2021-12,6.482686,,OECD.M.N.CPI.PA._T.N.GY
OECD,OECD,M,N,CPI,PA,_T,N,GY,2022-01,7.085182,,OECD.M.N.CPI.PA._T.N.GY
OECD,OECD,M,N,CPI,PA,_T,N,GY,2022-02,7.671588,,OECD.M.N.CPI.PA._T.N.GY
OECD,OECD,M,N,CPI,PA,_T,N,GY,2022-03,8.64625,,OECD.M.N.CPI.PA._T.N.GY
OECD,OECD,M,N,CPI,PA,_T,N,GY,2022-04,9.08762,,OECD.M.N.CPI.PA._T.N.GY
OECD,OECD,M,N,CPI,PA,_T,N,GY,2022-05,9.578816,,OECD.M.N.CPI.PA._T.N.GY
OECD,OECD,M,N,CPI,PA,_T,N,GY,2022-06,10.20132,,OECD.M.N.CPI.PA._T.N.GY
OECD,OECD,M,N,CPI,PA,_T,N,GY,2022-07,10.17275,,OECD.M.N.CPI.PA._T.N.GY
OECD,OECD,M,N,CPI,PA,_T,N,GY,2022-08,10.18452,,OECD.M.N.CPI.PA._T.N.GY
OECD,OECD,M,N,CPI,PA,_T,N,GY,2022-09,10.44644,,OECD.M.N.CPI.PA._T.N.GY
OECD,OECD,M,N,CPI,PA,_T,N,GY,2022-10,10.5604,,OECD.M.N.CPI.PA._T.N.GY
OECD,OECD,M,N,CPI,PA,_T,N,GY,2022-11,10.17308,,OECD.M.N.CPI.PA._T.N.GY
OECD,OECD,M,N,CPI,PA,_T,N,GY,2022-12,9.304311,,OECD.M.N.CPI.PA._T.N.GY
OECD,OECD,M,N,CPI,PA,_T,N,GY,2023-01,9.094258,,OECD.M.N.CPI.PA._T.N.GY
OECD,OECD,M,N,CPI,PA,_T,N,GY,2023-02,8.76812,,OECD.M.N.CPI.PA._T.N.GY
OECD,OECD,M,N,CPI,PA,_T,N,GY,2023-03,7.718062,,OECD.M.N.CPI.PA._T.N.GY
OECD,OECD,M,N,CPI,PA,_T,N,GY,2023-04,7.341786,,OECD.M.N.CPI.PA._T.N.GY
OECD,OECD,M,N,CPI,PA,_T,N,GY,2023-05,6.499587,,OECD.M.N.CPI.PA._T.N.GY
OECD,OECD,M,N,CPI,PA,_T,N,GY,2023-06,5.704361,,OECD.M.N.CPI.PA._T.N.GY
OECD,OECD,M,N,CPI,PA,_T,N,GY,2023-07,5.942982,,OECD.M.N.CPI.PA._T.N.GY
OECD,OECD,M,N,CPI,PA,_T,N,GY,2023-08,6.502768,,OECD.M.N.CPI.PA._T.N.GY
OECD,OECD,M,N,CPI,PA,_T,N,GY,2023-09,6.371587,,OECD.M.N.CPI.PA._T.N.GY
OECD,OECD,M,N,CPI,PA,_T,N,GY,2023-10,5.777645,,OECD.M.N.CPI.PA._T.N.GY
OECD,OECD,M,N,CPI,PA,_T,N,GY,2023-11,5.588343,,OECD.M.N.CPI.PA._T.N.GY
OECD,OECD,M,N,CPI,PA,_T,N,GY,2023-12,5.794059,,OECD.M.N.CPI.PA._T.N.GY
OECD,OECD,M,N,CPI,PA,_T,N,GY,2024-01,5.504272,,OECD.M.N.CPI.PA._T.N.GY
OECD,OECD,M,N,CPI,PA,_T,N,GY,2024-02,5.514871,,OECD.M.N.CPI.PA._T.N.GY
OECD,OECD,M,N,CPI,PA,_T,N,GY,2024-03,5.61932,,OECD.M.N.CPI.PA._T.N.GY
OECD,OECD,M,N,CPI,PA,_T,N,GY,2024-04,5.552901,,OECD.M.N.CPI.PA._T.N.GY
OECD,OECD,M,N,CPI,PA,_T,N,GY,2024-05,5.703851,,OECD.M.N.CPI.PA._T.N.GY
OECD,OECD,M,N,CPI,PA,_T,N,GY,2024-06,5.460131,,OECD.M.N.CPI.PA._T.N.GY
OECD,OECD,M,N,CPI,PA,_T,N,GY,2024-07,5.219138,,OECD.M.N.CPI.PA._T.N.GY
OECD,OECD,M,N,CPI,PA,_T,N,GY,2024-08,4.614302,,OECD.M.N.CPI.PA._T.N.GY
OECD,OECD,M,N,CPI,PA,_T,N,GY,2024-09,4.279225,,OECD.M.N.CPI.PA._T.N.GY
OECD,OECD,M,N,CPI,PA,_T,N,GY,2024-10,4.369967,,OECD.M.N.CPI.PA._T.N.GY
OECD,OECD,M,N,CPI,PA,_T,N,GY,2024-11,4.473723,,OECD.M.N.CPI.PA._T.N.GY
OECD,OECD,M,N,CPI,PA,_T,N,GY,2024-12,4.507207,,OECD.M.N.CPI.PA._T.N.GY
OECD,OECD,M,N,CPI,PA,_T,N,GY,2025-01,4.544171,,OECD.M.N.CPI.PA._T.N.GY
OECD,OECD,M,N,CPI,PA,_T,N,GY,2025-02,4.325713,,OECD.M.N.CPI.PA._T.N.GY
OECD,OECD,M,N,CPI,PA,_T,N,GY,2025-03,4.04874,,OECD.M.N.CPI.PA._T.N.GY
OECD,OECD,M,N,CPI,PA,_T,N,GY,2025-04,3.999434,,OECD.M.N.CPI.PA._T.N.GY
OECD,OECD,M,N,CPI,PA,_T,N,GY,2025-05,3.880497,,OECD.M.N.CPI.PA._T.N.GY
OECD,OECD,M,N,CPI,PA,_T,N,GY,2025-06,4.014195,,OECD.M.N.CPI.PA._T.N.GY
OECD,OECD,M,N,CPI,PA,_T,N,GY,2025-07,3.932217,,OECD.M.N.CPI.PA._T.N.GY
OECD,OECD,M,N,CPI,PA,_T,N,GY,2025-08,3.956472,,OECD.M.N.CPI.PA._T.N.GY
OECD,OECD,M,N,CPI,PA,_T,N,GY,2025-09,4.062277,,OECD.M.N.CPI.PA._T.N.GY
OECD,OECD,M,N,CPI,PA,_T,N,GY,2025-11,3.750321,,OECD.M.N.CPI.PA._T.N.GY
OECD,OECD,M,N,CPI,PA,_T,N,GY,2025-12,3.611752,,OECD.M.N.CPI.PA._T.N.GY
OECD,OECD,M,N,CPI,PA,_T,N,GY,2026-01,3.346331,,OECD.M.N.CPI.PA._T.N.GY
OECD,OECD,M,N,CPI,PA,_T,N,GY,2026-02,3.407104,,OECD.M.N.CPI.PA._T.N.GY
OECD,OECD,M,N,CPI,PA,_T,N,GY,2026-03,3.990225,,OECD.M.N.CPI.PA._T.N.GY
OECD,OECD,M,N,CPI,PA,_T,N,GY,2026-04,4.373273,,OECD.M.N.CPI.PA._T.N.GY
OECD,OECD,M,N,CPI,PA,_T,N,GY,2026-05,4.607454,,OECD.M.N.CPI.PA._T.N.GY
OECD,OECD,M,N,CPI,PA,_T,N,GY,2026-06,4.175356,,OECD.M.N.CPI.PA._T.N.GY
OECD,OECD,M,N,CPI,PA,_T,N,GY,2026-07,4.143476,,OECD.M.N.CPI.PA._T.N.GY
G7,G7,M,N,CPI,PA,_T,N,GY,2025-10,2.664154,,G7.M.N.CPI.PA._T.N.GY
ARG,Argentina,M,N,CPI,PA,_T,N,GY,2026-06,33.54773,,ARG.M.N.CPI.PA._T.N.GY
BRA,Brazil,M,N,CPI,PA,_T,N,GY,2026-06,4.641069,,BRA.M.N.CPI.PA._T.N.GY
CHN,China (People’s Republic of),M,N,CPI,PA,_T,N,GY,2026-06,1.0,,CHN.M.N.CPI.PA._T.N.GY
KOR,Korea,M,N,CPI,PA,_T,N,GY,2026-06,3.163958,,KOR.M.N.CPI.PA._T.N.GY
ARG,Argentina,M,N,CPI,PA,_T,N,GY,2026-07,33.82568,,ARG.M.N.CPI.PA._T.N.GY
BRA,Brazil,M,N,CPI,PA,_T,N,GY,2026-07,4.442865,,BRA.M.N.CPI.PA._T.N.GY
CHN,China (People’s Republic of),M,N,CPI,PA,_T,N,GY,2026-07,0.5,,CHN.M.N.CPI.PA._T.N.GY
KOR,Korea,M,N,CPI,PA,_T,N,GY,2026-07,2.789221,,KOR.M.N.CPI.PA._T.N.GY
AUS,Australia,M,N,CPI,PA,_T,N,GY,2025-04,2.365145,,AUS.M.N.CPI.PA._T.N.GY
AUS,Australia,M,N,CPI,PA,_T,N,GY,2025-05,2.110845,,AUS.M.N.CPI.PA._T.N.GY
AUS,Australia,M,N,CPI,PA,_T,N,GY,2025-06,1.88562,,AUS.M.N.CPI.PA._T.N.GY
AUS,Australia,M,N,CPI,PA,_T,N,GY,2025-07,2.955462,,AUS.M.N.CPI.PA._T.N.GY
AUS,Australia,M,N,CPI,PA,_T,N,GY,2025-08,3.171313,,AUS.M.N.CPI.PA._T.N.GY
AUS,Australia,M,N,CPI,PA,_T,N,GY,2025-09,3.584007,,AUS.M.N.CPI.PA._T.N.GY
AUS,Australia,M,N,CPI,PA,_T,N,GY,2025-10,3.810216,,AUS.M.N.CPI.PA._T.N.GY
AUS,Australia,M,N,CPI,PA,_T,N,GY,2025-11,3.444352,,AUS.M.N.CPI.PA._T.N.GY
AUS,Australia,M,N,CPI,PA,_T,N,GY,2025-12,3.761176,,AUS.M.N.CPI.PA._T.N.GY
AUS,Australia,M,N,CPI,PA,_T,N,GY,2026-01,3.843001,,AUS.M.N.CPI.PA._T.N.GY
AUS,Australia,M,N,CPI,PA,_T,N,GY,2026-02,3.726835,,AUS.M.N.CPI.PA._T.N.GY
AUS,Australia,M,N,CPI,PA,_T,N,GY,2026-03,4.573295,,AUS.M.N.CPI.PA._T.N.GY
AUS,Australia,M,N,CPI,PA,_T,N,GY,2026-04,4.175111,,AUS.M.N.CPI.PA._T.N.GY
AUS,Australia,M,N,CPI,PA,_T,N,GY,2026-05,3.961303,,AUS.M.N.CPI.PA._T.N.GY
COL,Colombia,M,N,CPI,PA,_T,N,GY,2015-01,3.815261,,COL.M.N.CPI.PA._T.N.GY
COL,Colombia,M,N,CPI,PA,_T,N,GY,2015-02,4.355371,,COL.M.N.CPI.PA._T.N.GY
COL,Colombia,M,N,CPI,PA,_T,N,GY,2015-03,4.55449,,COL.M.N.CPI.PA._T.N.GY
COL,Colombia,M,N,CPI,PA,_T,N,GY,2015-04,4.636958,,COL.M.N.CPI.PA._T.N.GY
COL,Colombia,M,N,CPI,PA,_T,N,GY,2015-05,4.400308,,COL.M.N.CPI.PA._T.N.GY
COL,Colombia,M,N,CPI,PA,_T,N,GY,2015-06,4.422205,,COL.M.N.CPI.PA._T.N.GY
COL,Colombia,M,N,CPI,PA,_T,N,GY,2015-07,4.458109,,COL.M.N.CPI.PA._T.N.GY
COL,Colombia,M,N,CPI,PA,_T,N,GY,2015-08,4.747294,,COL.M.N.CPI.PA._T.N.GY
COL,Colombia,M,N,CPI,PA,_T,N,GY,2015-09,5.353647,,COL.M.N.CPI.PA._T.N.GY
COL,Colombia,M,N,CPI,PA,_T,N,GY,2015-10,5.897349,,COL.M.N.CPI.PA._T.N.GY
COL,Colombia,M,N,CPI,PA,_T,N,GY,2015-11,6.39002,,COL.M.N.CPI.PA._T.N.GY
COL,Colombia,M,N,CPI,PA,_T,N,GY,2015-12,6.771054,,COL.M.N.CPI.PA._T.N.GY
COL,Colombia,M,N,CPI,PA,_T,N,GY,2016-01,7.459423,,COL.M.N.CPI.PA._T.N.GY
COL,Colombia,M,N,CPI,PA,_T,N,GY,2016-02,7.590622,,COL.M.N.CPI.PA._T.N.GY
COL,Colombia,M,N,CPI,PA,_T,N,GY,2016-03,7.976525,,COL.M.N.CPI.PA._T.N.GY
COL,Colombia,M,N,CPI,PA,_T,N,GY,2016-04,7.933898,,COL.M.N.CPI.PA._T.N.GY
COL,Colombia,M,N,CPI,PA,_T,N,GY,2016-05,8.200082,,COL.M.N.CPI.PA._T.N.GY
COL,Colombia,M,N,CPI,PA,_T,N,GY,2016-06,8.600918,,COL.M.N.CPI.PA._T.N.GY
COL,Colombia,M,N,CPI,PA,_T,N,GY,2016-07,8.960837,,COL.M.N.CPI.PA._T.N.GY
COL,Colombia,M,N,CPI,PA,_T,N,GY,2016-08,8.096013,,COL.M.N.CPI.PA._T.N.GY
COL,Colombia,M,N,CPI,PA,_T,N,GY,2016-09,7.270965,,COL.M.N.CPI.PA._T.N.GY
COL,Colombia,M,N,CPI,PA,_T,N,GY,2016-10,6.48371,,COL.M.N.CPI.PA._T.N.GY
COL,Colombia,M,N,CPI,PA,_T,N,GY,2016-11,5.96634,,COL.M.N.CPI.PA._T.N.GY
COL,Colombia,M,N,CPI,PA,_T,N,GY,2016-12,5.747127,,COL.M.N.CPI.PA._T.N.GY
COL,Colombia,M,N,CPI,PA,_T,N,GY,2017-01,5.47034,,COL.M.N.CPI.PA._T.N.GY
COL,Colombia,M,N,CPI,PA,_T,N,GY,2017-02,5.185071,,COL.M.N.CPI.PA._T.N.GY
COL,Colombia,M,N,CPI,PA,_T,N,GY,2017-03,4.692643,,COL.M.N.CPI.PA._T.N.GY
COL,Colombia,M,N,CPI,PA,_T,N,GY,2017-04,4.661792,,COL.M.N.CPI.PA._T.N.GY
COL,Colombia,M,N,CPI,PA,_T,N,GY,2017-05,4.36529,,COL.M.N.CPI.PA._T.N.GY
COL,Colombia,M,N,CPI,PA,_T,N,GY,2017-06,3.990044,,COL.M.N.CPI.PA._T.N.GY
COL,Colombia,M,N,CPI,PA,_T,N,GY,2017-07,3.399115,,COL.M.N.CPI.PA._T.N.GY
COL,Colombia,M,N,CPI,PA,_T,N,GY,2017-08,3.869025,,COL.M.N.CPI.PA._T.N.GY
COL,Colombia,M,N,CPI,PA,_T,N,GY,2017-09,3.968971,,COL.M.N.CPI.PA._T.N.GY
COL,Colombia,M,N,CPI,PA,_T,N,GY,2017-10,4.046722,,COL.M.N.CPI.PA._T.N.GY
COL,Colombia,M,N,CPI,PA,_T,N,GY,2017-11,4.117425,,COL.M.N.CPI.PA._T.N.GY
COL,Colombia,M,N,CPI,PA,_T,N,GY,2017-12,4.085457,,COL.M.N.CPI.PA._T.N.GY
COL,Colombia,M,N,CPI,PA,_T,N,GY,2018-01,3.672924,,COL.M.N.CPI.PA._T.N.GY
COL,Colombia,M,N,CPI,PA,_T,N,GY,2018-02,3.372025,,COL.M.N.CPI.PA._T.N.GY
COL,Colombia,M,N,CPI,PA,_T,N,GY,2018-03,3.136882,,COL.M.N.CPI.PA._T.N.GY
COL,Colombia,M,N,CPI,PA,_T,N,GY,2018-04,3.129549,,COL.M.N.CPI.PA._T.N.GY
COL,Colombia,M,N,CPI,PA,_T,N,GY,2018-05,3.158812,,COL.M.N.CPI.PA._T.N.GY
COL,Colombia,M,N,CPI,PA,_T,N,GY,2018-06,3.198665,,COL.M.N.CPI.PA._T.N.GY
COL,Colombia,M,N,CPI,PA,_T,N,GY,2018-07,3.120464,,COL.M.N.CPI.PA._T.N.GY
COL,Colombia,M,N,CPI,PA,_T,N,GY,2018-08,3.101674,,COL.M.N.CPI.PA._T.N.GY
COL,Colombia,M,N,CPI,PA,_T,N,GY,2018-09,3.22347,,COL.M.N.CPI.PA._T.N.GY
COL,Colombia,M,N,CPI,PA,_T,N,GY,2018-10,3.331643,,COL.M.N.CPI.PA._T.N.GY
COL,Colombia,M,N,CPI,PA,_T,N,GY,2018-11,3.267785,,COL.M.N.CPI.PA._T.N.GY
COL,Colombia,M,N,CPI,PA,_T,N,GY,2018-12,3.183291,,COL.M.N.CPI.PA._T.N.GY
COL,Colombia,M,N,CPI,PA,_T,N,GY,2019-01,3.154547,,COL.M.N.CPI.PA._T.N.GY
COL,Colombia,M,N,CPI,PA,_T,N,GY,2019-02,3.017505,,COL.M.N.CPI.PA._T.N.GY
COL,Colombia,M,N,CPI,PA,_T,N,GY,2019-03,3.215506,,COL.M.N.CPI.PA._T.N.GY
COL,Colombia,M,N,CPI,PA,_T,N,GY,2019-04,3.251561,,COL.M.N.CPI.PA._T.N.GY
COL,Colombia,M,N,CPI,PA,_T,N,GY,2019-05,3.313986,,COL.M.N.CPI.PA._T.N.GY
COL,Colombia,M,N,CPI,PA,_T,N,GY,2019-06,3.429982,,COL.M.N.CPI.PA._T.N.GY
COL,Colombia,M,N,CPI,PA,_T,N,GY,2019-07,3.787821,,COL.M.N.CPI.PA._T.N.GY
COL,Colombia,M,N,CPI,PA,_T,N,GY,2019-08,3.751524,,COL.M.N.CPI.PA._T.N.GY
COL,Colombia,M,N,CPI,PA,_T,N,GY,2019-09,3.820726,,COL.M.N.CPI.PA._T.N.GY
COL,Colombia,M,N,CPI,PA,_T,N,GY,2019-10,3.861479,,COL.M.N.CPI.PA._T.N.GY
COL,Colombia,M,N,CPI,PA,_T,N,GY,2019-11,3.846737,,COL.M.N.CPI.PA._T.N.GY
COL,Colombia,M,N,CPI,PA,_T,N,GY,2019-12,3.804302,,COL.M.N.CPI.PA._T.N.GY
COL,Colombia,M,N,CPI,PA,_T,N,GY,2020-01,3.622284,,COL.M.N.CPI.PA._T.N.GY
COL,Colombia,M,N,CPI,PA,_T,N,GY,2020-02,3.720052,,COL.M.N.CPI.PA._T.N.GY
COL,Colombia,M,N,CPI,PA,_T,N,GY,2020-03,3.855482,,COL.M.N.CPI.PA._T.N.GY
COL,Colombia,M,N,CPI,PA,_T,N,GY,2020-04,3.505172,,COL.M.N.CPI.PA._T.N.GY
COL,Colombia,M,N,CPI,PA,_T,N,GY,2020-05,2.851895,,COL.M.N.CPI.PA._T.N.GY
COL,Colombia,M,N,CPI,PA,_T,N,GY,2020-06,2.191811,,COL.M.N.CPI.PA._T.N.GY
COL,Colombia,M,N,CPI,PA,_T,N,GY,2020-07,1.969922,,COL.M.N.CPI.PA._T.N.GY
COL,Colombia,M,N,CPI,PA,_T,N,GY,2020-08,1.878103,,COL.M.N.CPI.PA._T.N.GY
COL,Colombia,M,N,CPI,PA,_T,N,GY,2020-09,1.967422,,COL.M.N.CPI.PA._T.N.GY
COL,Colombia,M,N,CPI,PA,_T,N,GY,2020-10,1.748137,,COL.M.N.CPI.PA._T.N.GY
COL,Colombia,M,N,CPI,PA,_T,N,GY,2020-11,1.489473,,COL.M.N.CPI.PA._T.N.GY
COL,Colombia,M,N,CPI,PA,_T,N,GY,2020-12,1.610449,,COL.M.N.CPI.PA._T.N.GY
COL,Colombia,M,N,CPI,PA,_T,N,GY,2021-01,1.597207,,COL.M.N.CPI.PA._T.N.GY
COL,Colombia,M,N,CPI,PA,_T,N,GY,2021-02,1.563101,,COL.M.N.CPI.PA._T.N.GY
COL,Colombia,M,N,CPI,PA,_T,N,GY,2021-03,1.50655,,COL.M.N.CPI.PA._T.N.GY
COL,Colombia,M,N,CPI,PA,_T,N,GY,2021-04,1.947777,,COL.M.N.CPI.PA._T.N.GY
COL,Colombia,M,N,CPI,PA,_T,N,GY,2021-05,3.295664,,COL.M.N.CPI.PA._T.N.GY
COL,Colombia,M,N,CPI,PA,_T,N,GY,2021-06,3.634762,,COL.M.N.CPI.PA._T.N.GY
COL,Colombia,M,N,CPI,PA,_T,N,GY,2021-07,3.970092,,COL.M.N.CPI.PA._T.N.GY
COL,Colombia,M,N,CPI,PA,_T,N,GY,2021-08,4.441022,,COL.M.N.CPI.PA._T.N.GY
COL,Colombia,M,N,CPI,PA,_T,N,GY,2021-09,4.510173,,COL.M.N.CPI.PA._T.N.GY
COL,Colombia,M,N,CPI,PA,_T,N,GY,2021-10,4.583541,,COL.M.N.CPI.PA._T.N.GY
COL,Colombia,M,N,CPI,PA,_T,N,GY,2021-11,5.258945,,COL.M.N.CPI.PA._T.N.GY
COL,Colombia,M,N,CPI,PA,_T,N,GY,2021-12,5.62267,,COL.M.N.CPI.PA._T.N.GY
COL,Colombia,M,N,CPI,PA,_T,N,GY,2022-01,6.944602,,COL.M.N.CPI.PA._T.N.GY
COL,Colombia,M,N,CPI,PA,_T,N,GY,2022-02,8.005195,,COL.M.N.CPI.PA._T.N.GY
COL,Colombia,M,N,CPI,PA,_T,N,GY,2022-03,8.527874,,COL.M.N.CPI.PA._T.N.GY
COL,Colombia,M,N,CPI,PA,_T,N,GY,2022-04,9.2341,,COL.M.N.CPI.PA._T.N.GY
COL,Colombia,M,N,CPI,PA,_T,N,GY,2022-05,9.066776,,COL.M.N.CPI.PA._T.N.GY
COL,Colombia,M,N,CPI,PA,_T,N,GY,2022-06,9.673833,,COL.M.N.CPI.PA._T.N.GY
COL,Colombia,M,N,CPI,PA,_T,N,GY,2022-07,10.20582,,COL.M.N.CPI.PA._T.N.GY
COL,Colombia,M,N,CPI,PA,_T,N,GY,2022-08,10.83597,,COL.M.N.CPI.PA._T.N.GY
COL,Colombia,M,N,CPI,PA,_T,N,GY,2022-09,11.43989,,COL.M.N.CPI.PA._T.N.GY
COL,Colombia,M,N,CPI,PA,_T,N,GY,2022-10,12.22175,,COL.M.N.CPI.PA._T.N.GY
COL,Colombia,M,N,CPI,PA,_T,N,GY,2022-11,12.53146,,COL.M.N.CPI.PA._T.N.GY
COL,Colombia,M,N,CPI,PA,_T,N,GY,2022-12,13.12247,,COL.M.N.CPI.PA._T.N.GY
COL,Colombia,M,N,CPI,PA,_T,N,GY,2023-01,13.25198,,COL.M.N.CPI.PA._T.N.GY
COL,Colombia,M,N,CPI,PA,_T,N,GY,2023-02,13.27902,,COL.M.N.CPI.PA._T.N.GY
COL,Colombia,M,N,CPI,PA,_T,N,GY,2023-03,13.34433,,COL.M.N.CPI.PA._T.N.GY
COL,Colombia,M,N,CPI,PA,_T,N,GY,2023-04,12.82287,,COL.M.N.CPI.PA._T.N.GY
COL,Colombia,M,N,CPI,PA,_T,N,GY,2023-05,12.36026,,COL.M.N.CPI.PA._T.N.GY
COL,Colombia,M,N,CPI,PA,_T,N,GY,2023-06,12.12962,,COL.M.N.CPI.PA._T.N.GY
COL,Colombia,M,N,CPI,PA,_T,N,GY,2023-07,11.78492,,COL.M.N.CPI.PA._T.N.GY
COL,Colombia,M,N,CPI,PA,_T,N,GY,2023-08,11.42734,,COL.M.N.CPI.PA._T.N.GY
COL,Colombia,M,N,CPI,PA,_T,N,GY,2023-09,10.99432,,COL.M.N.CPI.PA._T.N.GY
COL,Colombia,M,N,CPI,PA,_T,N,GY,2023-10,10.47863,,COL.M.N.CPI.PA._T.N.GY
COL,Colombia,M,N,CPI,PA,_T,N,GY,2023-11,10.14863,,COL.M.N.CPI.PA._T.N.GY
COL,Colombia,M,N,CPI,PA,_T,N,GY,2023-12,9.276055,,COL.M.N.CPI.PA._T.N.GY
COL,Colombia,M,N,CPI,PA,_T,N,GY,2024-01,8.346567,,COL.M.N.CPI.PA._T.N.GY
COL,Colombia,M,N,CPI,PA,_T,N,GY,2024-02,7.737382,,COL.M.N.CPI.PA._T.N.GY
COL,Colombia,M,N,CPI,PA,_T,N,GY,2024-03,7.362685,,COL.M.N.CPI.PA._T.N.GY
COL,Colombia,M,N,CPI,PA,_T,N,GY,2024-04,7.163281,,COL.M.N.CPI.PA._T.N.GY
COL,Colombia,M,N,CPI,PA,_T,N,GY,2024-05,7.156924,,COL.M.N.CPI.PA._T.N.GY
COL,Colombia,M,N,CPI,PA,_T,N,GY,2024-06,7.182466,,COL.M.N.CPI.PA._T.N.GY
COL,Colombia,M,N,CPI,PA,_T,N,GY,2024-07,6.860041,,COL.M.N.CPI.PA._T.N.GY
COL,Colombia,M,N,CPI,PA,_T,N,GY,2024-08,6.120451,,COL.M.N.CPI.PA._T.N.GY
COL,Colombia,M,N,CPI,PA,_T,N,GY,2024-09,5.808777,,COL.M.N.CPI.PA._T.N.GY
COL,Colombia,M,N,CPI,PA,_T,N,GY,2024-10,5.406128,,COL.M.N.CPI.PA._T.N.GY
COL,Colombia,M,N,CPI,PA,_T,N,GY,2024-11,5.197362,,COL.M.N.CPI.PA._T.N.GY
COL,Colombia,M,N,CPI,PA,_T,N,GY,2024-12,5.203063,,COL.M.N.CPI.PA._T.N.GY
COL,Colombia,M,N,CPI,PA,_T,N,GY,2025-01,5.22298,,COL.M.N.CPI.PA._T.N.GY
COL,Colombia,M,N,CPI,PA,_T,N,GY,2025-02,5.276587,,COL.M.N.CPI.PA._T.N.GY
COL,Colombia,M,N,CPI,PA,_T,N,GY,2025-03,5.089996,,COL.M.N.CPI.PA._T.N.GY
COL,Colombia,M,N,CPI,PA,_T,N,GY,2025-04,5.162292,,COL.M.N.CPI.PA._T.N.GY
COL,Colombia,M,N,CPI,PA,_T,N,GY,2025-05,5.052109,,COL.M.N.CPI.PA._T.N.GY
COL,Colombia,M,N,CPI,PA,_T,N,GY,2025-06,4.820067,,COL.M.N.CPI.PA._T.N.GY
COL,Colombia,M,N,CPI,PA,_T,N,GY,2025-07,4.900466,,COL.M.N.CPI.PA._T.N.GY
COL,Colombia,M,N,CPI,PA,_T,N,GY,2025-08,5.095577,,COL.M.N.CPI.PA._T.N.GY
COL,Colombia,M,N,CPI,PA,_T,N,GY,2025-09,5.176739,,COL.M.N.CPI.PA._T.N.GY
COL,Colombia,M,N,CPI,PA,_T,N,GY,2025-10,5.512228,,COL.M.N.CPI.PA._T.N.GY
COL,Colombia,M,N,CPI,PA,_T,N,GY,2025-11,5.301071,,COL.M.N.CPI.PA._T.N.GY
COL,Colombia,M,N,CPI,PA,_T,N,GY,2025-12,5.099884,,COL.M.N.CPI.PA._T.N.GY
COL,Colombia,M,N,CPI,PA,_T,N,GY,2026-01,5.353601,,COL.M.N.CPI.PA._T.N.GY
COL,Colombia,M,N,CPI,PA,_T,N,GY,2026-02,5.290032,,COL.M.N.CPI.PA._T.N.GY
COL,Colombia,M,N,CPI,PA,_T,N,GY,2026-03,5.558911,,COL.M.N.CPI.PA._T.N.GY
ISR,Israel,M,N,CPI,PA,_T,N,GY,2015-01,-0.4576659,,ISR.M.N.CPI.PA._T.N.GY
ISR,Israel,M,N,CPI,PA,_T,N,GY,2015-02,-1.030928,,ISR.M.N.CPI.PA._T.N.GY
ISR,Israel,M,N,CPI,PA,_T,N,GY,2015-03,-0.9142857,,ISR.M.N.CPI.PA._T.N.GY
ISR,Israel,M,N,CPI,PA,_T,N,GY,2015-04,-0.456621,,ISR.M.N.CPI.PA._T.N.GY
ISR,Israel,M,N,CPI,PA,_T,N,GY,2015-05,-0.3420753,,ISR.M.N.CPI.PA._T.N.GY
ISR,Israel,M,N,CPI,PA,_T,N,GY,2015-06,-0.4545455,,ISR.M.N.CPI.PA._T.N.GY
ISR,Israel,M,N,CPI,PA,_T,N,GY,2015-07,-0.3405221,,ISR.M.N.CPI.PA._T.N.GY
ISR,Israel,M,N,CPI,PA,_T,N,GY,2015-08,-0.4545455,,ISR.M.N.CPI.PA._T.N.GY
ISR,Israel,M,N,CPI,PA,_T,N,GY,2015-09,-0.4561003,,ISR.M.N.CPI.PA._T.N.GY
ISR,Israel,M,N,CPI,PA,_T,N,GY,2015-10,-0.6818182,,ISR.M.N.CPI.PA._T.N.GY
ISR,Israel,M,N,CPI,PA,_T,N,GY,2015-11,-0.9111617,,ISR.M.N.CPI.PA._T.N.GY
ISR,Israel,M,N,CPI,PA,_T,N,GY,2015-12,-0.9111617,,ISR.M.N.CPI.PA._T.N.GY
ISR,Israel,M,N,CPI,PA,_T,N,GY,2016-01,-0.5747126,,ISR.M.N.CPI.PA._T.N.GY
ISR,Israel,M,N,CPI,PA,_T,N,GY,2016-02,-0.2314815,,ISR.M.N.CPI.PA._T.N.GY
ISR,Israel,M,N,CPI,PA,_T,N,GY,2016-03,-0.8073817,,ISR.M.N.CPI.PA._T.N.GY
ISR,Israel,M,N,CPI,PA,_T,N,GY,2016-04,-0.9174312,,ISR.M.N.CPI.PA._T.N.GY
ISR,Israel,M,N,CPI,PA,_T,N,GY,2016-05,-0.8009154,,ISR.M.N.CPI.PA._T.N.GY
ISR,Israel,M,N,CPI,PA,_T,N,GY,2016-06,-0.6849315,,ISR.M.N.CPI.PA._T.N.GY
ISR,Israel,M,N,CPI,PA,_T,N,GY,2016-07,-0.5694761,,ISR.M.N.CPI.PA._T.N.GY
ISR,Israel,M,N,CPI,PA,_T,N,GY,2016-08,-0.6849315,,ISR.M.N.CPI.PA._T.N.GY
ISR,Israel,M,N,CPI,PA,_T,N,GY,2016-09,-0.3436426,,ISR.M.N.CPI.PA._T.N.GY
ISR,Israel,M,N,CPI,PA,_T,N,GY,2016-10,-0.3432494,,ISR.M.N.CPI.PA._T.N.GY
ISR,Israel,M,N,CPI,PA,_T,N,GY,2016-11,-0.2298851,,ISR.M.N.CPI.PA._T.N.GY
ISR,Israel,M,N,CPI,PA,_T,N,GY,2016-12,-0.2298851,,ISR.M.N.CPI.PA._T.N.GY
ISR,Israel,M,N,CPI,PA,_T,N,GY,2017-01,0.1156069,,ISR.M.N.CPI.PA._T.N.GY
ISR,Israel,M,N,CPI,PA,_T,N,GY,2017-02,0.4640371,,ISR.M.N.CPI.PA._T.N.GY
ISR,Israel,M,N,CPI,PA,_T,N,GY,2017-03,1.046512,,ISR.M.N.CPI.PA._T.N.GY
ISR,Israel,M,N,CPI,PA,_T,N,GY,2017-04,0.6944444,,ISR.M.N.CPI.PA._T.N.GY
ISR,Israel,M,N,CPI,PA,_T,N,GY,2017-05,0.8073817,,ISR.M.N.CPI.PA._T.N.GY
ISR,Israel,M,N,CPI,PA,_T,N,GY,2017-06,-0.2298851,,ISR.M.N.CPI.PA._T.N.GY
ISR,Israel,M,N,CPI,PA,_T,N,GY,2017-07,-0.6872852,,ISR.M.N.CPI.PA._T.N.GY
ISR,Israel,M,N,CPI,PA,_T,N,GY,2017-08,0.0,,ISR.M.N.CPI.PA._T.N.GY
ISR,Israel,M,N,CPI,PA,_T,N,GY,2017-09,0.0,,ISR.M.N.CPI.PA._T.N.GY
ISR,Israel,M,N,CPI,PA,_T,N,GY,2017-10,0.2296211,,ISR.M.N.CPI.PA._T.N.GY
ISR,Israel,M,N,CPI,PA,_T,N,GY,2017-11,0.2304147,,ISR.M.N.CPI.PA._T.N.GY
ISR,Israel,M,N,CPI,PA,_T,N,GY,2017-12,0.3456221,,ISR.M.N.CPI.PA._T.N.GY
ISR,Israel,M,N,CPI,PA,_T,N,GY,2018-01,0.1154734,,ISR.M.N.CPI.PA._T.N.GY
ISR,Israel,M,N,CPI,PA,_T,N,GY,2018-02,0.2309469,,ISR.M.N.CPI.PA._T.N.GY
ISR,Israel,M,N,CPI,PA,_T,N,GY,2018-03,0.1150748,,ISR.M.N.CPI.PA._T.N.GY
ISR,Israel,M,N,CPI,PA,_T,N,GY,2018-04,0.4597701,,ISR.M.N.CPI.PA._T.N.GY
ISR,Israel,M,N,CPI,PA,_T,N,GY,2018-05,0.4576659,,ISR.M.N.CPI.PA._T.N.GY
ISR,Israel,M,N,CPI,PA,_T,N,GY,2018-06,1.267281,,ISR.M.N.CPI.PA._T.N.GY
ISR,Israel,M,N,CPI,PA,_T,N,GY,2018-07,1.384083,,ISR.M.N.CPI.PA._T.N.GY
ISR,Israel,M,N,CPI,PA,_T,N,GY,2018-08,1.149425,,ISR.M.N.CPI.PA._T.N.GY
ISR,Israel,M,N,CPI,PA,_T,N,GY,2018-09,1.264368,,ISR.M.N.CPI.PA._T.N.GY
ISR,Israel,M,N,CPI,PA,_T,N,GY,2018-10,1.145475,,ISR.M.N.CPI.PA._T.N.GY
ISR,Israel,M,N,CPI,PA,_T,N,GY,2018-11,1.264368,,ISR.M.N.CPI.PA._T.N.GY
ISR,Israel,M,N,CPI,PA,_T,N,GY,2018-12,0.8036739,,ISR.M.N.CPI.PA._T.N.GY
ISR,Israel,M,N,CPI,PA,_T,N,GY,2019-01,1.153403,,ISR.M.N.CPI.PA._T.N.GY
ISR,Israel,M,N,CPI,PA,_T,N,GY,2019-02,1.152074,,ISR.M.N.CPI.PA._T.N.GY
ISR,Israel,M,N,CPI,PA,_T,N,GY,2019-03,1.494253,,ISR.M.N.CPI.PA._T.N.GY
ISR,Israel,M,N,CPI,PA,_T,N,GY,2019-04,1.258581,,ISR.M.N.CPI.PA._T.N.GY
ISR,Israel,M,N,CPI,PA,_T,N,GY,2019-05,1.480638,,ISR.M.N.CPI.PA._T.N.GY
ISR,Israel,M,N,CPI,PA,_T,N,GY,2019-06,0.7963595,,ISR.M.N.CPI.PA._T.N.GY
ISR,Israel,M,N,CPI,PA,_T,N,GY,2019-07,0.4550626,,ISR.M.N.CPI.PA._T.N.GY
ISR,Israel,M,N,CPI,PA,_T,N,GY,2019-08,0.5681818,,ISR.M.N.CPI.PA._T.N.GY
ISR,Israel,M,N,CPI,PA,_T,N,GY,2019-09,0.2270148,,ISR.M.N.CPI.PA._T.N.GY
ISR,Israel,M,N,CPI,PA,_T,N,GY,2019-10,0.4530011,,ISR.M.N.CPI.PA._T.N.GY
ISR,Israel,M,N,CPI,PA,_T,N,GY,2019-11,0.2270148,,ISR.M.N.CPI.PA._T.N.GY
ISR,Israel,M,N,CPI,PA,_T,N,GY,2019-12,0.5694761,,ISR.M.N.CPI.PA._T.N.GY
ISR,Israel,M,N,CPI,PA,_T,N,GY,2020-01,0.3420753,,ISR.M.N.CPI.PA._T.N.GY
ISR,Israel,M,N,CPI,PA,_T,N,GY,2020-02,0.1138952,,ISR.M.N.CPI.PA._T.N.GY
ISR,Israel,M,N,CPI,PA,_T,N,GY,2020-03,0.0,,ISR.M.N.CPI.PA._T.N.GY
ISR,Israel,M,N,CPI,PA,_T,N,GY,2020-04,-0.5649717,,ISR.M.N.CPI.PA._T.N.GY
ISR,Israel,M,N,CPI,PA,_T,N,GY,2020-05,-1.571268,,ISR.M.N.CPI.PA._T.N.GY
ISR,Israel,M,N,CPI,PA,_T,N,GY,2020-06,-1.128668,,ISR.M.N.CPI.PA._T.N.GY
ISR,Israel,M,N,CPI,PA,_T,N,GY,2020-07,-0.5662514,,ISR.M.N.CPI.PA._T.N.GY
ISR,Israel,M,N,CPI,PA,_T,N,GY,2020-08,-0.7909604,,ISR.M.N.CPI.PA._T.N.GY
ISR,Israel,M,N,CPI,PA,_T,N,GY,2020-09,-0.6795017,,ISR.M.N.CPI.PA._T.N.GY
ISR,Israel,M,N,CPI,PA,_T,N,GY,2020-10,-0.789177,,ISR.M.N.CPI.PA._T.N.GY
ISR,Israel,M,N,CPI,PA,_T,N,GY,2020-11,-0.5662514,,ISR.M.N.CPI.PA._T.N.GY
ISR,Israel,M,N,CPI,PA,_T,N,GY,2020-12,-0.6795017,,ISR.M.N.CPI.PA._T.N.GY
ISR,Israel,M,N,CPI,PA,_T,N,GY,2021-01,-0.4545455,,ISR.M.N.CPI.PA._T.N.GY
ISR,Israel,M,N,CPI,PA,_T,N,GY,2021-02,0.0,,ISR.M.N.CPI.PA._T.N.GY
ISR,Israel,M,N,CPI,PA,_T,N,GY,2021-03,0.1132503,,ISR.M.N.CPI.PA._T.N.GY
ISR,Israel,M,N,CPI,PA,_T,N,GY,2021-04,0.7954546,,ISR.M.N.CPI.PA._T.N.GY
ISR,Israel,M,N,CPI,PA,_T,N,GY,2021-05,1.482326,,ISR.M.N.CPI.PA._T.N.GY
ISR,Israel,M,N,CPI,PA,_T,N,GY,2021-06,1.712329,,ISR.M.N.CPI.PA._T.N.GY
ISR,Israel,M,N,CPI,PA,_T,N,GY,2021-07,1.936219,,ISR.M.N.CPI.PA._T.N.GY
ISR,Israel,M,N,CPI,PA,_T,N,GY,2021-08,2.164009,,ISR.M.N.CPI.PA._T.N.GY
ISR,Israel,M,N,CPI,PA,_T,N,GY,2021-09,2.508552,,ISR.M.N.CPI.PA._T.N.GY
ISR,Israel,M,N,CPI,PA,_T,N,GY,2021-10,2.272727,,ISR.M.N.CPI.PA._T.N.GY
ISR,Israel,M,N,CPI,PA,_T,N,GY,2021-11,2.391799,,ISR.M.N.CPI.PA._T.N.GY
ISR,Israel,M,N,CPI,PA,_T,N,GY,2021-12,2.850627,,ISR.M.N.CPI.PA._T.N.GY
ISR,Israel,M,N,CPI,PA,_T,N,GY,2022-01,3.196347,,ISR.M.N.CPI.PA._T.N.GY
ISR,Israel,M,N,CPI,PA,_T,N,GY,2022-02,3.526735,,ISR.M.N.CPI.PA._T.N.GY
ISR,Israel,M,N,CPI,PA,_T,N,GY,2022-03,3.506787,,ISR.M.N.CPI.PA._T.N.GY
ISR,Israel,M,N,CPI,PA,_T,N,GY,2022-04,3.945885,,ISR.M.N.CPI.PA._T.N.GY
ISR,Israel,M,N,CPI,PA,_T,N,GY,2022-05,4.157303,,ISR.M.N.CPI.PA._T.N.GY
ISR,Israel,M,N,CPI,PA,_T,N,GY,2022-06,4.489338,,ISR.M.N.CPI.PA._T.N.GY
ISR,Israel,M,N,CPI,PA,_T,N,GY,2022-07,5.139665,,ISR.M.N.CPI.PA._T.N.GY
ISR,Israel,M,N,CPI,PA,_T,N,GY,2022-08,4.570792,,ISR.M.N.CPI.PA._T.N.GY
ISR,Israel,M,N,CPI,PA,_T,N,GY,2022-09,4.560623,,ISR.M.N.CPI.PA._T.N.GY
ISR,Israel,M,N,CPI,PA,_T,N,GY,2022-10,5.111111,,ISR.M.N.CPI.PA._T.N.GY
ISR,Israel,M,N,CPI,PA,_T,N,GY,2022-11,5.339266,,ISR.M.N.CPI.PA._T.N.GY
ISR,Israel,M,N,CPI,PA,_T,N,GY,2022-12,5.321508,,ISR.M.N.CPI.PA._T.N.GY
ISR,Israel,M,N,CPI,PA,_T,N,GY,2023-01,5.309734,,ISR.M.N.CPI.PA._T.N.GY
ISR,Israel,M,N,CPI,PA,_T,N,GY,2023-02,5.164835,,ISR.M.N.CPI.PA._T.N.GY
ISR,Israel,M,N,CPI,PA,_T,N,GY,2023-03,5.027322,,ISR.M.N.CPI.PA._T.N.GY
ISR,Israel,M,N,CPI,PA,_T,N,GY,2023-04,4.989154,,ISR.M.N.CPI.PA._T.N.GY
ISR,Israel,M,N,CPI,PA,_T,N,GY,2023-05,4.638619,,ISR.M.N.CPI.PA._T.N.GY
ISR,Israel,M,N,CPI,PA,_T,N,GY,2023-06,4.189044,,ISR.M.N.CPI.PA._T.N.GY
ISR,Israel,M,N,CPI,PA,_T,N,GY,2023-07,3.400638,,ISR.M.N.CPI.PA._T.N.GY
ISR,Israel,M,N,CPI,PA,_T,N,GY,2023-08,4.264392,,ISR.M.N.CPI.PA._T.N.GY
ISR,Israel,M,N,CPI,PA,_T,N,GY,2023-09,3.93617,,ISR.M.N.CPI.PA._T.N.GY
ISR,Israel,M,N,CPI,PA,_T,N,GY,2023-10,3.699789,,ISR.M.N.CPI.PA._T.N.GY
ISR,Israel,M,N,CPI,PA,_T,N,GY,2023-11,3.273495,,ISR.M.N.CPI.PA._T.N.GY
ISR,Israel,M,N,CPI,PA,_T,N,GY,2023-12,2.947368,,ISR.M.N.CPI.PA._T.N.GY
ISR,Israel,M,N,CPI,PA,_T,N,GY,2024-01,2.731092,,ISR.M.N.CPI.PA._T.N.GY
ISR,Israel,M,N,CPI,PA,_T,N,GY,2024-02,2.507837,,ISR.M.N.CPI.PA._T.N.GY
ISR,Israel,M,N,CPI,PA,_T,N,GY,2024-03,2.705515,,ISR.M.N.CPI.PA._T.N.GY
ISR,Israel,M,N,CPI,PA,_T,N,GY,2024-04,2.789256,,ISR.M.N.CPI.PA._T.N.GY
ISR,Israel,M,N,CPI,PA,_T,N,GY,2024-05,2.783505,,ISR.M.N.CPI.PA._T.N.GY
ISR,Israel,M,N,CPI,PA,_T,N,GY,2024-06,2.886598,,ISR.M.N.CPI.PA._T.N.GY
ISR,Israel,M,N,CPI,PA,_T,N,GY,2024-07,3.186023,,ISR.M.N.CPI.PA._T.N.GY
ISR,Israel,M,N,CPI,PA,_T,N,GY,2024-08,3.578732,,ISR.M.N.CPI.PA._T.N.GY
ISR,Israel,M,N,CPI,PA,_T,N,GY,2024-09,3.480041,,ISR.M.N.CPI.PA._T.N.GY
ISR,Israel,M,N,CPI,PA,_T,N,GY,2024-10,3.567788,,ISR.M.N.CPI.PA._T.N.GY
ISR,Israel,M,N,CPI,PA,_T,N,GY,2024-11,3.476483,,ISR.M.N.CPI.PA._T.N.GY
ISR,Israel,M,N,CPI,PA,_T,N,GY,2024-12,3.169734,,ISR.M.N.CPI.PA._T.N.GY
ISR,Israel,M,N,CPI,PA,_T,N,GY,2025-01,3.783231,,ISR.M.N.CPI.PA._T.N.GY
ISR,Israel,M,N,CPI,PA,_T,N,GY,2025-02,3.465851,,ISR.M.N.CPI.PA._T.N.GY
ISR,Israel,M,N,CPI,PA,_T,N,GY,2025-03,3.343465,,ISR.M.N.CPI.PA._T.N.GY
ISR,Israel,M,N,CPI,PA,_T,N,GY,2025-04,3.61809,,ISR.M.N.CPI.PA._T.N.GY
ISR,Israel,M,N,CPI,PA,_T,N,GY,2025-05,3.109328,,ISR.M.N.CPI.PA._T.N.GY
ISR,Israel,M,N,CPI,PA,_T,N,GY,2025-06,3.306613,,ISR.M.N.CPI.PA._T.N.GY
ISR,Israel,M,N,CPI,PA,_T,N,GY,2025-07,3.087649,,ISR.M.N.CPI.PA._T.N.GY
ISR,Israel,M,N,CPI,PA,_T,N,GY,2025-08,2.862784,,ISR.M.N.CPI.PA._T.N.GY
ISR,Israel,M,N,CPI,PA,_T,N,GY,2025-09,2.472799,,ISR.M.N.CPI.PA._T.N.GY
ISR,Israel,M,N,CPI,PA,_T,N,GY,2025-10,2.46063,,ISR.M.N.CPI.PA._T.N.GY
ISR,Israel,M,N,CPI,PA,_T,N,GY,2025-11,2.371542,,ISR.M.N.CPI.PA._T.N.GY
ISR,Israel,M,N,CPI,PA,_T,N,GY,2025-12,2.675917,,ISR.M.N.CPI.PA._T.N.GY
ISR,Israel,M,N,CPI,PA,_T,N,GY,2026-01,1.773399,,ISR.M.N.CPI.PA._T.N.GY
ISR,Israel,M,N,CPI,PA,_T,N,GY,2026-02,1.970443,,ISR.M.N.CPI.PA._T.N.GY
ISR,Israel,M,N,CPI,PA,_T,N,GY,2026-03,1.862745,,ISR.M.N.CPI.PA._T.N.GY
ISR,Israel,M,N,CPI,PA,_T,N,GY,2026-04,1.939864,,ISR.M.N.CPI.PA._T.N.GY
ISR,Israel,M,N,CPI,PA,_T,N,GY,2026-05,1.945525,,ISR.M.N.CPI.PA._T.N.GY
DEU,Germany,M,N,CPI,PA,_T,N,GY,2015-01,-0.2832861,,DEU.M.N.CPI.PA._T.N.GY
DEU,Germany,M,N,CPI,PA,_T,N,GY,2015-02,-0.04656311,,DEU.M.N.CPI.PA._T.N.GY
DEU,Germany,M,N,CPI,PA,_T,N,GY,2015-03,0.1747867,,DEU.M.N.CPI.PA._T.N.GY
DEU,Germany,M,N,CPI,PA,_T,N,GY,2015-04,0.8662329,,DEU.M.N.CPI.PA._T.N.GY
DEU,Germany,M,N,CPI,PA,_T,N,GY,2015-05,1.162551,,DEU.M.N.CPI.PA._T.N.GY
DEU,Germany,M,N,CPI,PA,_T,N,GY,2015-06,0.8781202,,DEU.M.N.CPI.PA._T.N.GY
DEU,Germany,M,N,CPI,PA,_T,N,GY,2015-07,0.7956734,,DEU.M.N.CPI.PA._T.N.GY
DEU,Germany,M,N,CPI,PA,_T,N,GY,2015-08,0.7956734,,DEU.M.N.CPI.PA._T.N.GY
DEU,Germany,M,N,CPI,PA,_T,N,GY,2015-09,0.5952844,,DEU.M.N.CPI.PA._T.N.GY
DEU,Germany,M,N,CPI,PA,_T,N,GY,2015-10,0.8781202,,DEU.M.N.CPI.PA._T.N.GY
DEU,Germany,M,N,CPI,PA,_T,N,GY,2015-11,0.1747867,,DEU.M.N.CPI.PA._T.N.GY
DEU,Germany,M,N,CPI,PA,_T,N,GY,2015-12,0.1747867,,DEU.M.N.CPI.PA._T.N.GY
DEU,Germany,M,N,CPI,PA,_T,N,GY,2016-01,0.5076142,,DEU.M.N.CPI.PA._T.N.GY
DEU,Germany,M,N,CPI,PA,_T,N,GY,2016-02,0.1008065,,DEU.M.N.CPI.PA._T.N.GY
DEU,Germany,M,N,CPI,PA,_T,N,GY,2016-03,0.3009027,,DEU.M.N.CPI.PA._T.N.GY
DEU,Germany,M,N,CPI,PA,_T,N,GY,2016-04,-0.0998004,,DEU.M.N.CPI.PA._T.N.GY
DEU,Germany,M,N,CPI,PA,_T,N,GY,2016-05,0.1992032,,DEU.M.N.CPI.PA._T.N.GY
DEU,Germany,M,N,CPI,PA,_T,N,GY,2016-06,0.2988048,,DEU.M.N.CPI.PA._T.N.GY
DEU,Germany,M,N,CPI,PA,_T,N,GY,2016-07,0.4970179,,DEU.M.N.CPI.PA._T.N.GY
DEU,Germany,M,N,CPI,PA,_T,N,GY,2016-08,0.3976143,,DEU.M.N.CPI.PA._T.N.GY
DEU,Germany,M,N,CPI,PA,_T,N,GY,2016-09,0.5976096,,DEU.M.N.CPI.PA._T.N.GY
DEU,Germany,M,N,CPI,PA,_T,N,GY,2016-10,0.7968128,,DEU.M.N.CPI.PA._T.N.GY
DEU,Germany,M,N,CPI,PA,_T,N,GY,2016-11,0.8024072,,DEU.M.N.CPI.PA._T.N.GY
DEU,Germany,M,N,CPI,PA,_T,N,GY,2016-12,1.504514,,DEU.M.N.CPI.PA._T.N.GY
DEU,Germany,M,N,CPI,PA,_T,N,GY,2017-01,1.616162,,DEU.M.N.CPI.PA._T.N.GY
DEU,Germany,M,N,CPI,PA,_T,N,GY,2017-02,1.913394,,DEU.M.N.CPI.PA._T.N.GY
DEU,Germany,M,N,CPI,PA,_T,N,GY,2017-03,1.4,,DEU.M.N.CPI.PA._T.N.GY
DEU,Germany,M,N,CPI,PA,_T,N,GY,2017-04,1.698302,,DEU.M.N.CPI.PA._T.N.GY
DEU,Germany,M,N,CPI,PA,_T,N,GY,2017-05,1.192843,,DEU.M.N.CPI.PA._T.N.GY
DEU,Germany,M,N,CPI,PA,_T,N,GY,2017-06,1.390268,,DEU.M.N.CPI.PA._T.N.GY
DEU,Germany,M,N,CPI,PA,_T,N,GY,2017-07,1.384768,,DEU.M.N.CPI.PA._T.N.GY
DEU,Germany,M,N,CPI,PA,_T,N,GY,2017-08,1.584158,,DEU.M.N.CPI.PA._T.N.GY
DEU,Germany,M,N,CPI,PA,_T,N,GY,2017-09,1.683168,,DEU.M.N.CPI.PA._T.N.GY
DEU,Germany,M,N,CPI,PA,_T,N,GY,2017-10,1.284585,,DEU.M.N.CPI.PA._T.N.GY
DEU,Germany,M,N,CPI,PA,_T,N,GY,2017-11,1.59204,,DEU.M.N.CPI.PA._T.N.GY
DEU,Germany,M,N,CPI,PA,_T,N,GY,2017-12,1.383399,,DEU.M.N.CPI.PA._T.N.GY
DEU,Germany,M,N,CPI,PA,_T,N,GY,2018-01,1.39165,,DEU.M.N.CPI.PA._T.N.GY
DEU,Germany,M,N,CPI,PA,_T,N,GY,2018-02,1.086957,,DEU.M.N.CPI.PA._T.N.GY
DEU,Germany,M,N,CPI,PA,_T,N,GY,2018-03,1.47929,,DEU.M.N.CPI.PA._T.N.GY
DEU,Germany,M,N,CPI,PA,_T,N,GY,2018-04,1.277014,,DEU.M.N.CPI.PA._T.N.GY
DEU,Germany,M,N,CPI,PA,_T,N,GY,2018-05,2.062868,,DEU.M.N.CPI.PA._T.N.GY
DEU,Germany,M,N,CPI,PA,_T,N,GY,2018-06,1.860921,,DEU.M.N.CPI.PA._T.N.GY
DEU,Germany,M,N,CPI,PA,_T,N,GY,2018-07,1.853659,,DEU.M.N.CPI.PA._T.N.GY
DEU,Germany,M,N,CPI,PA,_T,N,GY,2018-08,1.851852,,DEU.M.N.CPI.PA._T.N.GY
DEU,Germany,M,N,CPI,PA,_T,N,GY,2018-09,1.94742,,DEU.M.N.CPI.PA._T.N.GY
DEU,Germany,M,N,CPI,PA,_T,N,GY,2018-10,2.341463,,DEU.M.N.CPI.PA._T.N.GY
DEU,Germany,M,N,CPI,PA,_T,N,GY,2018-11,2.056807,,DEU.M.N.CPI.PA._T.N.GY
DEU,Germany,M,N,CPI,PA,_T,N,GY,2018-12,1.559454,,DEU.M.N.CPI.PA._T.N.GY
DEU,Germany,M,N,CPI,PA,_T,N,GY,2019-01,1.372549,,DEU.M.N.CPI.PA._T.N.GY
DEU,Germany,M,N,CPI,PA,_T,N,GY,2019-02,1.466276,,DEU.M.N.CPI.PA._T.N.GY
DEU,Germany,M,N,CPI,PA,_T,N,GY,2019-03,1.263363,,DEU.M.N.CPI.PA._T.N.GY
DEU,Germany,M,N,CPI,PA,_T,N,GY,2019-04,2.036857,,DEU.M.N.CPI.PA._T.N.GY
DEU,Germany,M,N,CPI,PA,_T,N,GY,2019-05,1.443696,,DEU.M.N.CPI.PA._T.N.GY
DEU,Germany,M,N,CPI,PA,_T,N,GY,2019-06,1.634615,,DEU.M.N.CPI.PA._T.N.GY
DEU,Germany,M,N,CPI,PA,_T,N,GY,2019-07,1.724138,,DEU.M.N.CPI.PA._T.N.GY
DEU,Germany,M,N,CPI,PA,_T,N,GY,2019-08,1.435407,,DEU.M.N.CPI.PA._T.N.GY
DEU,Germany,M,N,CPI,PA,_T,N,GY,2019-09,1.241643,,DEU.M.N.CPI.PA._T.N.GY
DEU,Germany,M,N,CPI,PA,_T,N,GY,2019-10,1.143947,,DEU.M.N.CPI.PA._T.N.GY
DEU,Germany,M,N,CPI,PA,_T,N,GY,2019-11,1.055662,,DEU.M.N.CPI.PA._T.N.GY
DEU,Germany,M,N,CPI,PA,_T,N,GY,2019-12,1.535509,,DEU.M.N.CPI.PA._T.N.GY
DEU,Germany,M,N,CPI,PA,_T,N,GY,2020-01,1.740812,,DEU.M.N.CPI.PA._T.N.GY
DEU,Germany,M,N,CPI,PA,_T,N,GY,2020-02,1.653403,,DEU.M.N.CPI.PA._T.N.GY
DEU,Germany,M,N,CPI,PA,_T,N,GY,2020-03,1.465503,,DEU.M.N.CPI.PA._T.N.GY
DEU,Germany,M,N,CPI,PA,_T,N,GY,2020-04,0.6012024,,DEU.M.N.CPI.PA._T.N.GY
DEU,Germany,M,N,CPI,PA,_T,N,GY,2020-05,0.4103083,,DEU.M.N.CPI.PA._T.N.GY
DEU,Germany,M,N,CPI,PA,_T,N,GY,2020-06,0.225048,,DEU.M.N.CPI.PA._T.N.GY
DEU,Germany,M,N,CPI,PA,_T,N,GY,2020-07,-1.040877,,DEU.M.N.CPI.PA._T.N.GY
DEU,Germany,M,N,CPI,PA,_T,N,GY,2020-08,-0.8541611,,DEU.M.N.CPI.PA._T.N.GY
DEU,Germany,M,N,CPI,PA,_T,N,GY,2020-09,-0.8541611,,DEU.M.N.CPI.PA._T.N.GY
DEU,Germany,M,N,CPI,PA,_T,N,GY,2020-10,-0.7489059,,DEU.M.N.CPI.PA._T.N.GY
DEU,Germany,M,N,CPI,PA,_T,N,GY,2020-11,-0.195072,,DEU.M.N.CPI.PA._T.N.GY
DEU,Germany,M,N,CPI,PA,_T,N,GY,2020-12,-0.5671077,,DEU.M.N.CPI.PA._T.N.GY
DEU,Germany,M,N,CPI,PA,_T,N,GY,2021-01,1.202405,,DEU.M.N.CPI.PA._T.N.GY
DEU,Germany,M,N,CPI,PA,_T,N,GY,2021-02,1.498502,,DEU.M.N.CPI.PA._T.N.GY
DEU,Germany,M,N,CPI,PA,_T,N,GY,2021-03,1.794616,,DEU.M.N.CPI.PA._T.N.GY
DEU,Germany,M,N,CPI,PA,_T,N,GY,2021-04,1.992032,,DEU.M.N.CPI.PA._T.N.GY
DEU,Germany,M,N,CPI,PA,_T,N,GY,2021-05,2.191235,,DEU.M.N.CPI.PA._T.N.GY
DEU,Germany,M,N,CPI,PA,_T,N,GY,2021-06,2.38806,,DEU.M.N.CPI.PA._T.N.GY
DEU,Germany,M,N,CPI,PA,_T,N,GY,2021-07,3.711133,,DEU.M.N.CPI.PA._T.N.GY
DEU,Germany,M,N,CPI,PA,_T,N,GY,2021-08,3.811434,,DEU.M.N.CPI.PA._T.N.GY
DEU,Germany,M,N,CPI,PA,_T,N,GY,2021-09,4.112337,,DEU.M.N.CPI.PA._T.N.GY
DEU,Germany,M,N,CPI,PA,_T,N,GY,2021-10,4.404405,,DEU.M.N.CPI.PA._T.N.GY
DEU,Germany,M,N,CPI,PA,_T,N,GY,2021-11,4.814443,,DEU.M.N.CPI.PA._T.N.GY
DEU,Germany,M,N,CPI,PA,_T,N,GY,2021-12,4.90982,,DEU.M.N.CPI.PA._T.N.GY
DEU,Germany,M,N,CPI,PA,_T,N,GY,2022-01,4.158416,,DEU.M.N.CPI.PA._T.N.GY
DEU,Germany,M,N,CPI,PA,_T,N,GY,2022-02,4.330709,,DEU.M.N.CPI.PA._T.N.GY
DEU,Germany,M,N,CPI,PA,_T,N,GY,2022-03,5.876592,,DEU.M.N.CPI.PA._T.N.GY
DEU,Germany,M,N,CPI,PA,_T,N,GY,2022-04,6.25,,DEU.M.N.CPI.PA._T.N.GY
DEU,Germany,M,N,CPI,PA,_T,N,GY,2022-05,7.017544,,DEU.M.N.CPI.PA._T.N.GY
DEU,Germany,M,N,CPI,PA,_T,N,GY,2022-06,6.705539,,DEU.M.N.CPI.PA._T.N.GY
DEU,Germany,M,N,CPI,PA,_T,N,GY,2022-07,6.673114,,DEU.M.N.CPI.PA._T.N.GY
DEU,Germany,M,N,CPI,PA,_T,N,GY,2022-08,6.956522,,DEU.M.N.CPI.PA._T.N.GY
DEU,Germany,M,N,CPI,PA,_T,N,GY,2022-09,8.574182,,DEU.M.N.CPI.PA._T.N.GY
DEU,Germany,M,N,CPI,PA,_T,N,GY,2022-10,8.820709,,DEU.M.N.CPI.PA._T.N.GY
DEU,Germany,M,N,CPI,PA,_T,N,GY,2022-11,8.803827,,DEU.M.N.CPI.PA._T.N.GY
DEU,Germany,M,N,CPI,PA,_T,N,GY,2022-12,8.118434,,DEU.M.N.CPI.PA._T.N.GY
DEU,Germany,M,N,CPI,PA,_T,N,GY,2023-01,8.65019,,DEU.M.N.CPI.PA._T.N.GY
DEU,Germany,M,N,CPI,PA,_T,N,GY,2023-02,8.679245,,DEU.M.N.CPI.PA._T.N.GY
DEU,Germany,M,N,CPI,PA,_T,N,GY,2023-03,7.400555,,DEU.M.N.CPI.PA._T.N.GY
DEU,Germany,M,N,CPI,PA,_T,N,GY,2023-04,7.169117,,DEU.M.N.CPI.PA._T.N.GY
DEU,Germany,M,N,CPI,PA,_T,N,GY,2023-05,6.102004,,DEU.M.N.CPI.PA._T.N.GY
DEU,Germany,M,N,CPI,PA,_T,N,GY,2023-06,6.375227,,DEU.M.N.CPI.PA._T.N.GY
DEU,Germany,M,N,CPI,PA,_T,N,GY,2023-07,6.165005,,DEU.M.N.CPI.PA._T.N.GY
DEU,Germany,M,N,CPI,PA,_T,N,GY,2023-08,6.142728,,DEU.M.N.CPI.PA._T.N.GY
DEU,Germany,M,N,CPI,PA,_T,N,GY,2023-09,4.525289,,DEU.M.N.CPI.PA._T.N.GY
DEU,Germany,M,N,CPI,PA,_T,N,GY,2023-10,3.788546,,DEU.M.N.CPI.PA._T.N.GY
DEU,Germany,M,N,CPI,PA,_T,N,GY,2023-11,3.166227,,DEU.M.N.CPI.PA._T.N.GY
DEU,Germany,M,N,CPI,PA,_T,N,GY,2023-12,3.710247,,DEU.M.N.CPI.PA._T.N.GY
DEU,Germany,M,N,CPI,PA,_T,N,GY,2024-01,2.887139,,DEU.M.N.CPI.PA._T.N.GY
DEU,Germany,M,N,CPI,PA,_T,N,GY,2024-02,2.517361,,DEU.M.N.CPI.PA._T.N.GY
DEU,Germany,M,N,CPI,PA,_T,N,GY,2024-03,2.153316,,DEU.M.N.CPI.PA._T.N.GY
DEU,Germany,M,N,CPI,PA,_T,N,GY,2024-04,2.229846,,DEU.M.N.CPI.PA._T.N.GY
DEU,Germany,M,N,CPI,PA,_T,N,GY,2024-05,2.403434,,DEU.M.N.CPI.PA._T.N.GY
DEU,Germany,M,N,CPI,PA,_T,N,GY,2024-06,2.226027,,DEU.M.N.CPI.PA._T.N.GY
DEU,Germany,M,N,CPI,PA,_T,N,GY,2024-07,2.305722,,DEU.M.N.CPI.PA._T.N.GY
DEU,Germany,M,N,CPI,PA,_T,N,GY,2024-08,1.87234,,DEU.M.N.CPI.PA._T.N.GY
DEU,Germany,M,N,CPI,PA,_T,N,GY,2024-09,1.612903,,DEU.M.N.CPI.PA._T.N.GY
DEU,Germany,M,N,CPI,PA,_T,N,GY,2024-10,2.037351,,DEU.M.N.CPI.PA._T.N.GY
DEU,Germany,M,N,CPI,PA,_T,N,GY,2024-11,2.216539,,DEU.M.N.CPI.PA._T.N.GY
DEU,Germany,M,N,CPI,PA,_T,N,GY,2024-12,2.640545,,DEU.M.N.CPI.PA._T.N.GY
DEU,Germany,M,N,CPI,PA,_T,N,GY,2025-01,2.295918,,DEU.M.N.CPI.PA._T.N.GY
DEU,Germany,M,N,CPI,PA,_T,N,GY,2025-02,2.286198,,DEU.M.N.CPI.PA._T.N.GY
DEU,Germany,M,N,CPI,PA,_T,N,GY,2025-03,2.192243,,DEU.M.N.CPI.PA._T.N.GY
DEU,Germany,M,N,CPI,PA,_T,N,GY,2025-04,2.097316,,DEU.M.N.CPI.PA._T.N.GY
DEU,Germany,M,N,CPI,PA,_T,N,GY,2025-05,2.095557,,DEU.M.N.CPI.PA._T.N.GY
DEU,Germany,M,N,CPI,PA,_T,N,GY,2025-06,2.01005,,DEU.M.N.CPI.PA._T.N.GY
DEU,Germany,M,N,CPI,PA,_T,N,GY,2025-07,2.003339,,DEU.M.N.CPI.PA._T.N.GY
DEU,Germany,M,N,CPI,PA,_T,N,GY,2025-08,2.172097,,DEU.M.N.CPI.PA._T.N.GY
DEU,Germany,M,N,CPI,PA,_T,N,GY,2025-09,2.422724,,DEU.M.N.CPI.PA._T.N.GY
DEU,Germany,M,N,CPI,PA,_T,N,GY,2025-10,2.329451,,DEU.M.N.CPI.PA._T.N.GY
DEU,Germany,M,N,CPI,PA,_T,N,GY,2025-11,2.335279,,DEU.M.N.CPI.PA._T.N.GY
DEU,Germany,M,N,CPI,PA,_T,N,GY,2025-12,1.825726,,DEU.M.N.CPI.PA._T.N.GY
DEU,Germany,M,N,CPI,PA,_T,N,GY,2026-01,2.078138,,DEU.M.N.CPI.PA._T.N.GY
DEU,Germany,M,N,CPI,PA,_T,N,GY,2026-02,1.903973,,DEU.M.N.CPI.PA._T.N.GY
DEU,Germany,M,N,CPI,PA,_T,N,GY,2026-03,2.722772,,DEU.M.N.CPI.PA._T.N.GY
DEU,Germany,M,N,CPI,PA,_T,N,GY,2026-04,2.875924,,DEU.M.N.CPI.PA._T.N.GY
DEU,Germany,M,N,CPI,PA,_T,N,GY,2026-05,2.627258,,DEU.M.N.CPI.PA._T.N.GY
CAN,Canada,M,N,CPI,PA,_T,N,GY,2015-01,0.9748172,,CAN.M.N.CPI.PA._T.N.GY
CAN,Canada,M,N,CPI,PA,_T,N,GY,2015-02,1.047542,,CAN.M.N.CPI.PA._T.N.GY
CAN,Canada,M,N,CPI,PA,_T,N,GY,2015-03,1.201923,,CAN.M.N.CPI.PA._T.N.GY
CAN,Canada,M,N,CPI,PA,_T,N,GY,2015-04,0.798722,,CAN.M.N.CPI.PA._T.N.GY
CAN,Canada,M,N,CPI,PA,_T,N,GY,2015-05,0.8744038,,CAN.M.N.CPI.PA._T.N.GY
CAN,Canada,M,N,CPI,PA,_T,N,GY,2015-06,1.032565,,CAN.M.N.CPI.PA._T.N.GY
CAN,Canada,M,N,CPI,PA,_T,N,GY,2015-07,1.272872,,CAN.M.N.CPI.PA._T.N.GY
CAN,Canada,M,N,CPI,PA,_T,N,GY,2015-08,1.272872,,CAN.M.N.CPI.PA._T.N.GY
CAN,Canada,M,N,CPI,PA,_T,N,GY,2015-09,1.033386,,CAN.M.N.CPI.PA._T.N.GY
CAN,Canada,M,N,CPI,PA,_T,N,GY,2015-10,1.032565,,CAN.M.N.CPI.PA._T.N.GY
CAN,Canada,M,N,CPI,PA,_T,N,GY,2015-11,1.355662,,CAN.M.N.CPI.PA._T.N.GY
CAN,Canada,M,N,CPI,PA,_T,N,GY,2015-12,1.606426,,CAN.M.N.CPI.PA._T.N.GY
CAN,Canada,M,N,CPI,PA,_T,N,GY,2016-01,2.011263,,CAN.M.N.CPI.PA._T.N.GY
CAN,Canada,M,N,CPI,PA,_T,N,GY,2016-02,1.355662,,CAN.M.N.CPI.PA._T.N.GY
CAN,Canada,M,N,CPI,PA,_T,N,GY,2016-03,1.266825,,CAN.M.N.CPI.PA._T.N.GY
CAN,Canada,M,N,CPI,PA,_T,N,GY,2016-04,1.664025,,CAN.M.N.CPI.PA._T.N.GY
CAN,Canada,M,N,CPI,PA,_T,N,GY,2016-05,1.497242,,CAN.M.N.CPI.PA._T.N.GY
CAN,Canada,M,N,CPI,PA,_T,N,GY,2016-06,1.493711,,CAN.M.N.CPI.PA._T.N.GY
CAN,Canada,M,N,CPI,PA,_T,N,GY,2016-07,1.256873,,CAN.M.N.CPI.PA._T.N.GY
CAN,Canada,M,N,CPI,PA,_T,N,GY,2016-08,1.099764,,CAN.M.N.CPI.PA._T.N.GY
CAN,Canada,M,N,CPI,PA,_T,N,GY,2016-09,1.33753,,CAN.M.N.CPI.PA._T.N.GY
CAN,Canada,M,N,CPI,PA,_T,N,GY,2016-10,1.493711,,CAN.M.N.CPI.PA._T.N.GY
CAN,Canada,M,N,CPI,PA,_T,N,GY,2016-11,1.180173,,CAN.M.N.CPI.PA._T.N.GY
CAN,Canada,M,N,CPI,PA,_T,N,GY,2016-12,1.501976,,CAN.M.N.CPI.PA._T.N.GY
CAN,Canada,M,N,CPI,PA,_T,N,GY,2017-01,2.129338,,CAN.M.N.CPI.PA._T.N.GY
CAN,Canada,M,N,CPI,PA,_T,N,GY,2017-02,2.045633,,CAN.M.N.CPI.PA._T.N.GY
CAN,Canada,M,N,CPI,PA,_T,N,GY,2017-03,1.563722,,CAN.M.N.CPI.PA._T.N.GY
CAN,Canada,M,N,CPI,PA,_T,N,GY,2017-04,1.636789,,CAN.M.N.CPI.PA._T.N.GY
CAN,Canada,M,N,CPI,PA,_T,N,GY,2017-05,1.319876,,CAN.M.N.CPI.PA._T.N.GY
CAN,Canada,M,N,CPI,PA,_T,N,GY,2017-06,1.006971,,CAN.M.N.CPI.PA._T.N.GY
CAN,Canada,M,N,CPI,PA,_T,N,GY,2017-07,1.163693,,CAN.M.N.CPI.PA._T.N.GY
CAN,Canada,M,N,CPI,PA,_T,N,GY,2017-08,1.398601,,CAN.M.N.CPI.PA._T.N.GY
CAN,Canada,M,N,CPI,PA,_T,N,GY,2017-09,1.552795,,CAN.M.N.CPI.PA._T.N.GY
CAN,Canada,M,N,CPI,PA,_T,N,GY,2017-10,1.394268,,CAN.M.N.CPI.PA._T.N.GY
CAN,Canada,M,N,CPI,PA,_T,N,GY,2017-11,2.099533,,CAN.M.N.CPI.PA._T.N.GY
CAN,Canada,M,N,CPI,PA,_T,N,GY,2017-12,1.869159,,CAN.M.N.CPI.PA._T.N.GY
CAN,Canada,M,N,CPI,PA,_T,N,GY,2018-01,1.698842,,CAN.M.N.CPI.PA._T.N.GY
CAN,Canada,M,N,CPI,PA,_T,N,GY,2018-02,2.158828,,CAN.M.N.CPI.PA._T.N.GY
CAN,Canada,M,N,CPI,PA,_T,N,GY,2018-03,2.309469,,CAN.M.N.CPI.PA._T.N.GY
CAN,Canada,M,N,CPI,PA,_T,N,GY,2018-04,2.223926,,CAN.M.N.CPI.PA._T.N.GY
CAN,Canada,M,N,CPI,PA,_T,N,GY,2018-05,2.222222,,CAN.M.N.CPI.PA._T.N.GY
CAN,Canada,M,N,CPI,PA,_T,N,GY,2018-06,2.453988,,CAN.M.N.CPI.PA._T.N.GY
CAN,Canada,M,N,CPI,PA,_T,N,GY,2018-07,2.990798,,CAN.M.N.CPI.PA._T.N.GY
CAN,Canada,M,N,CPI,PA,_T,N,GY,2018-08,2.835249,,CAN.M.N.CPI.PA._T.N.GY
CAN,Canada,M,N,CPI,PA,_T,N,GY,2018-09,2.217125,,CAN.M.N.CPI.PA._T.N.GY
CAN,Canada,M,N,CPI,PA,_T,N,GY,2018-10,2.444614,,CAN.M.N.CPI.PA._T.N.GY
CAN,Canada,M,N,CPI,PA,_T,N,GY,2018-11,1.675552,,CAN.M.N.CPI.PA._T.N.GY
CAN,Canada,M,N,CPI,PA,_T,N,GY,2018-12,1.987768,,CAN.M.N.CPI.PA._T.N.GY
CAN,Canada,M,N,CPI,PA,_T,N,GY,2019-01,1.442673,,CAN.M.N.CPI.PA._T.N.GY
CAN,Canada,M,N,CPI,PA,_T,N,GY,2019-02,1.509434,,CAN.M.N.CPI.PA._T.N.GY
CAN,Canada,M,N,CPI,PA,_T,N,GY,2019-03,1.881114,,CAN.M.N.CPI.PA._T.N.GY
CAN,Canada,M,N,CPI,PA,_T,N,GY,2019-04,2.025506,,CAN.M.N.CPI.PA._T.N.GY
CAN,Canada,M,N,CPI,PA,_T,N,GY,2019-05,2.398801,,CAN.M.N.CPI.PA._T.N.GY
CAN,Canada,M,N,CPI,PA,_T,N,GY,2019-06,2.020958,,CAN.M.N.CPI.PA._T.N.GY
CAN,Canada,M,N,CPI,PA,_T,N,GY,2019-07,2.010424,,CAN.M.N.CPI.PA._T.N.GY
CAN,Canada,M,N,CPI,PA,_T,N,GY,2019-08,1.937407,,CAN.M.N.CPI.PA._T.N.GY
CAN,Canada,M,N,CPI,PA,_T,N,GY,2019-09,1.869858,,CAN.M.N.CPI.PA._T.N.GY
CAN,Canada,M,N,CPI,PA,_T,N,GY,2019-10,1.86428,,CAN.M.N.CPI.PA._T.N.GY
CAN,Canada,M,N,CPI,PA,_T,N,GY,2019-11,2.172285,,CAN.M.N.CPI.PA._T.N.GY
CAN,Canada,M,N,CPI,PA,_T,N,GY,2019-12,2.248876,,CAN.M.N.CPI.PA._T.N.GY
CAN,Canada,M,N,CPI,PA,_T,N,GY,2020-01,2.39521,,CAN.M.N.CPI.PA._T.N.GY
CAN,Canada,M,N,CPI,PA,_T,N,GY,2020-02,2.156134,,CAN.M.N.CPI.PA._T.N.GY
CAN,Canada,M,N,CPI,PA,_T,N,GY,2020-03,0.886263,,CAN.M.N.CPI.PA._T.N.GY
CAN,Canada,M,N,CPI,PA,_T,N,GY,2020-04,-0.2205882,,CAN.M.N.CPI.PA._T.N.GY
CAN,Canada,M,N,CPI,PA,_T,N,GY,2020-05,-0.3660322,,CAN.M.N.CPI.PA._T.N.GY
CAN,Canada,M,N,CPI,PA,_T,N,GY,2020-06,0.6603081,,CAN.M.N.CPI.PA._T.N.GY
CAN,Canada,M,N,CPI,PA,_T,N,GY,2020-07,0.1459854,,CAN.M.N.CPI.PA._T.N.GY
CAN,Canada,M,N,CPI,PA,_T,N,GY,2020-08,0.1461988,,CAN.M.N.CPI.PA._T.N.GY
CAN,Canada,M,N,CPI,PA,_T,N,GY,2020-09,0.51395,,CAN.M.N.CPI.PA._T.N.GY
CAN,Canada,M,N,CPI,PA,_T,N,GY,2020-10,0.658858,,CAN.M.N.CPI.PA._T.N.GY
CAN,Canada,M,N,CPI,PA,_T,N,GY,2020-11,0.9530792,,CAN.M.N.CPI.PA._T.N.GY
CAN,Canada,M,N,CPI,PA,_T,N,GY,2020-12,0.7331378,,CAN.M.N.CPI.PA._T.N.GY
CAN,Canada,M,N,CPI,PA,_T,N,GY,2021-01,1.023392,,CAN.M.N.CPI.PA._T.N.GY
CAN,Canada,M,N,CPI,PA,_T,N,GY,2021-02,1.091703,,CAN.M.N.CPI.PA._T.N.GY
CAN,Canada,M,N,CPI,PA,_T,N,GY,2021-03,2.196193,,CAN.M.N.CPI.PA._T.N.GY
CAN,Canada,M,N,CPI,PA,_T,N,GY,2021-04,3.389831,,CAN.M.N.CPI.PA._T.N.GY
CAN,Canada,M,N,CPI,PA,_T,N,GY,2021-05,3.600294,,CAN.M.N.CPI.PA._T.N.GY
CAN,Canada,M,N,CPI,PA,_T,N,GY,2021-06,3.061224,,CAN.M.N.CPI.PA._T.N.GY
CAN,Canada,M,N,CPI,PA,_T,N,GY,2021-07,3.717201,,CAN.M.N.CPI.PA._T.N.GY
CAN,Canada,M,N,CPI,PA,_T,N,GY,2021-08,4.087591,,CAN.M.N.CPI.PA._T.N.GY
CAN,Canada,M,N,CPI,PA,_T,N,GY,2021-09,4.382761,,CAN.M.N.CPI.PA._T.N.GY
CAN,Canada,M,N,CPI,PA,_T,N,GY,2021-10,4.654545,,CAN.M.N.CPI.PA._T.N.GY
CAN,Canada,M,N,CPI,PA,_T,N,GY,2021-11,4.720407,,CAN.M.N.CPI.PA._T.N.GY
CAN,Canada,M,N,CPI,PA,_T,N,GY,2021-12,4.803493,,CAN.M.N.CPI.PA._T.N.GY
CAN,Canada,M,N,CPI,PA,_T,N,GY,2022-01,5.137482,,CAN.M.N.CPI.PA._T.N.GY
CAN,Canada,M,N,CPI,PA,_T,N,GY,2022-02,5.687545,,CAN.M.N.CPI.PA._T.N.GY
CAN,Canada,M,N,CPI,PA,_T,N,GY,2022-03,6.661891,,CAN.M.N.CPI.PA._T.N.GY
CAN,Canada,M,N,CPI,PA,_T,N,GY,2022-04,6.771204,,CAN.M.N.CPI.PA._T.N.GY
CAN,Canada,M,N,CPI,PA,_T,N,GY,2022-05,7.730496,,CAN.M.N.CPI.PA._T.N.GY
CAN,Canada,M,N,CPI,PA,_T,N,GY,2022-06,8.132957,,CAN.M.N.CPI.PA._T.N.GY
CAN,Canada,M,N,CPI,PA,_T,N,GY,2022-07,7.5896,,CAN.M.N.CPI.PA._T.N.GY
CAN,Canada,M,N,CPI,PA,_T,N,GY,2022-08,7.012623,,CAN.M.N.CPI.PA._T.N.GY
CAN,Canada,M,N,CPI,PA,_T,N,GY,2022-09,6.857943,,CAN.M.N.CPI.PA._T.N.GY
CAN,Canada,M,N,CPI,PA,_T,N,GY,2022-10,6.879777,,CAN.M.N.CPI.PA._T.N.GY
CAN,Canada,M,N,CPI,PA,_T,N,GY,2022-11,6.796116,,CAN.M.N.CPI.PA._T.N.GY
CAN,Canada,M,N,CPI,PA,_T,N,GY,2022-12,6.319445,,CAN.M.N.CPI.PA._T.N.GY
CAN,Canada,M,N,CPI,PA,_T,N,GY,2023-01,5.918789,,CAN.M.N.CPI.PA._T.N.GY
CAN,Canada,M,N,CPI,PA,_T,N,GY,2023-02,5.245232,,CAN.M.N.CPI.PA._T.N.GY
CAN,Canada,M,N,CPI,PA,_T,N,GY,2023-03,4.298187,,CAN.M.N.CPI.PA._T.N.GY
CAN,Canada,M,N,CPI,PA,_T,N,GY,2023-04,4.405875,,CAN.M.N.CPI.PA._T.N.GY
CAN,Canada,M,N,CPI,PA,_T,N,GY,2023-05,3.357472,,CAN.M.N.CPI.PA._T.N.GY
CAN,Canada,M,N,CPI,PA,_T,N,GY,2023-06,2.812296,,CAN.M.N.CPI.PA._T.N.GY
CAN,Canada,M,N,CPI,PA,_T,N,GY,2023-07,3.265839,,CAN.M.N.CPI.PA._T.N.GY
CAN,Canada,M,N,CPI,PA,_T,N,GY,2023-08,3.997379,,CAN.M.N.CPI.PA._T.N.GY
CAN,Canada,M,N,CPI,PA,_T,N,GY,2023-09,3.798297,,CAN.M.N.CPI.PA._T.N.GY
CAN,Canada,M,N,CPI,PA,_T,N,GY,2023-10,3.120936,,CAN.M.N.CPI.PA._T.N.GY
CAN,Canada,M,N,CPI,PA,_T,N,GY,2023-11,3.116883,,CAN.M.N.CPI.PA._T.N.GY
CAN,Canada,M,N,CPI,PA,_T,N,GY,2023-12,3.396473,,CAN.M.N.CPI.PA._T.N.GY
CAN,Canada,M,N,CPI,PA,_T,N,GY,2024-01,2.858999,,CAN.M.N.CPI.PA._T.N.GY
CAN,Canada,M,N,CPI,PA,_T,N,GY,2024-02,2.783171,,CAN.M.N.CPI.PA._T.N.GY
CAN,Canada,M,N,CPI,PA,_T,N,GY,2024-03,2.897618,,CAN.M.N.CPI.PA._T.N.GY
CAN,Canada,M,N,CPI,PA,_T,N,GY,2024-04,2.685422,,CAN.M.N.CPI.PA._T.N.GY
CAN,Canada,M,N,CPI,PA,_T,N,GY,2024-05,2.866242,,CAN.M.N.CPI.PA._T.N.GY
CAN,Canada,M,N,CPI,PA,_T,N,GY,2024-06,2.671756,,CAN.M.N.CPI.PA._T.N.GY
CAN,Canada,M,N,CPI,PA,_T,N,GY,2024-07,2.530044,,CAN.M.N.CPI.PA._T.N.GY
CAN,Canada,M,N,CPI,PA,_T,N,GY,2024-08,1.953371,,CAN.M.N.CPI.PA._T.N.GY
CAN,Canada,M,N,CPI,PA,_T,N,GY,2024-09,1.640379,,CAN.M.N.CPI.PA._T.N.GY
CAN,Canada,M,N,CPI,PA,_T,N,GY,2024-10,2.017654,,CAN.M.N.CPI.PA._T.N.GY
CAN,Canada,M,N,CPI,PA,_T,N,GY,2024-11,1.889169,,CAN.M.N.CPI.PA._T.N.GY
CAN,Canada,M,N,CPI,PA,_T,N,GY,2024-12,1.831965,,CAN.M.N.CPI.PA._T.N.GY
CAN,Canada,M,N,CPI,PA,_T,N,GY,2025-01,1.895136,,CAN.M.N.CPI.PA._T.N.GY
CAN,Canada,M,N,CPI,PA,_T,N,GY,2025-02,2.644836,,CAN.M.N.CPI.PA._T.N.GY
CAN,Canada,M,N,CPI,PA,_T,N,GY,2025-03,2.315394,,CAN.M.N.CPI.PA._T.N.GY
CAN,Canada,M,N,CPI,PA,_T,N,GY,2025-04,1.743462,,CAN.M.N.CPI.PA._T.N.GY
CAN,Canada,M,N,CPI,PA,_T,N,GY,2025-05,1.733746,,CAN.M.N.CPI.PA._T.N.GY
CAN,Canada,M,N,CPI,PA,_T,N,GY,2025-06,1.858736,,CAN.M.N.CPI.PA._T.N.GY
CAN,Canada,M,N,CPI,PA,_T,N,GY,2025-07,1.727329,,CAN.M.N.CPI.PA._T.N.GY
CAN,Canada,M,N,CPI,PA,_T,N,GY,2025-08,1.854141,,CAN.M.N.CPI.PA._T.N.GY
CAN,Canada,M,N,CPI,PA,_T,N,GY,2025-09,2.358783,,CAN.M.N.CPI.PA._T.N.GY
CAN,Canada,M,N,CPI,PA,_T,N,GY,2025-10,2.163164,,CAN.M.N.CPI.PA._T.N.GY
CAN,Canada,M,N,CPI,PA,_T,N,GY,2025-11,2.224969,,CAN.M.N.CPI.PA._T.N.GY
CAN,Canada,M,N,CPI,PA,_T,N,GY,2025-12,2.35732,,CAN.M.N.CPI.PA._T.N.GY
CAN,Canada,M,N,CPI,PA,_T,N,GY,2026-01,2.293862,,CAN.M.N.CPI.PA._T.N.GY
CAN,Canada,M,N,CPI,PA,_T,N,GY,2026-02,1.779141,,CAN.M.N.CPI.PA._T.N.GY
CAN,Canada,M,N,CPI,PA,_T,N,GY,2026-03,2.385321,,CAN.M.N.CPI.PA._T.N.GY
CAN,Canada,M,N,CPI,PA,_T,N,GY,2026-04,2.815177,,CAN.M.N.CPI.PA._T.N.GY
CAN,Canada,M,N,CPI,PA,_T,N,GY,2026-05,3.225806,,CAN.M.N.CPI.PA._T.N.GY
AUS,Australia,M,N,CPI,PA,_T,N,GY,2026-07,3.452775,,AUS.M.N.CPI.PA._T.N.GY
CAN,Canada,M,N,CPI,PA,_T,N,GY,2026-07,3.032141,,CAN.M.N.CPI.PA._T.N.GY
DEU,Germany,M,N,CPI,PA,_T,N,GY,2026-07,2.782324,,DEU.M.N.CPI.PA._T.N.GY
ISR,Israel,M,N,CPI,PA,_T,N,GY,2026-07,1.545894,,ISR.M.N.CPI.PA._T.N.GY
COL,Colombia,M,N,CPI,PA,_T,N,GY,2026-04,5.681311,,COL.M.N.CPI.PA._T.N.GY
COL,Colombia,M,N,CPI,PA,_T,N,GY,2026-05,5.842079,,COL.M.N.CPI.PA._T.N.GY
COL,Colombia,M,N,CPI,PA,_T,N,GY,2026-07,6.026292,,COL.M.N.CPI.PA._T.N.GY
AUS,Australia,M,N,CPI,PA,_T,N,GY,2026-06,3.752288,,AUS.M.N.CPI.PA._T.N.GY
CAN,Canada,M,N,CPI,PA,_T,N,GY,2026-06,2.798054,,CAN.M.N.CPI.PA._T.N.GY
COL,Colombia,M,N,CPI,PA,_T,N,GY,2026-06,6.142751,,COL.M.N.CPI.PA._T.N.GY
DEU,Germany,M,N,CPI,PA,_T,N,GY,2026-06,2.298851,,DEU.M.N.CPI.PA._T.N.GY
ISR,Israel,M,N,CPI,PA,_T,N,GY,2026-06,1.648885,,ISR.M.N.CPI.PA._T.N.GY
IDN,Indonesia,M,N,CPI,IX,_T,N,_Z,2015-01,98.57861,2015.0,IDN.M.N.CPI.IX._T.N._Z
IDN,Indonesia,M,N,CPI,IX,_T,N,_Z,2015-02,98.22153,2015.0,IDN.M.N.CPI.IX._T.N._Z
IDN,Indonesia,M,N,CPI,IX,_T,N,_Z,2015-03,98.38761,2015.0,IDN.M.N.CPI.IX._T.N._Z
IDN,Indonesia,M,N,CPI,IX,_T,N,_Z,2015-04,98.74469,2015.0,IDN.M.N.CPI.IX._T.N._Z
IDN,Indonesia,M,N,CPI,IX,_T,N,_Z,2015-05,99.23463,2015.0,IDN.M.N.CPI.IX._T.N._Z
IDN,Indonesia,M,N,CPI,IX,_T,N,_Z,2015-06,99.7661,2015.0,IDN.M.N.CPI.IX._T.N._Z
IDN,Indonesia,M,N,CPI,IX,_T,N,_Z,2015-07,100.6962,2015.0,IDN.M.N.CPI.IX._T.N._Z
IDN,Indonesia,M,N,CPI,IX,_T,N,_Z,2015-08,101.0865,2015.0,IDN.M.N.CPI.IX._T.N._Z
IDN,Indonesia,M,N,CPI,IX,_T,N,_Z,2015-09,101.0366,2015.0,IDN.M.N.CPI.IX._T.N._Z
IDN,Indonesia,M,N,CPI,IX,_T,N,_Z,2015-10,100.9536,2015.0,IDN.M.N.CPI.IX._T.N._Z
IDN,Indonesia,M,N,CPI,IX,_T,N,_Z,2015-11,101.1612,2015.0,IDN.M.N.CPI.IX._T.N._Z
IDN,Indonesia,M,N,CPI,IX,_T,N,_Z,2015-12,102.1328,2015.0,IDN.M.N.CPI.IX._T.N._Z
IDN,Indonesia,M,N,CPI,IX,_T,N,_Z,2016-01,102.6559,2015.0,IDN.M.N.CPI.IX._T.N._Z
IDN,Indonesia,M,N,CPI,IX,_T,N,_Z,2016-02,102.5646,2015.0,IDN.M.N.CPI.IX._T.N._Z
IDN,Indonesia,M,N,CPI,IX,_T,N,_Z,2016-03,102.7639,2015.0,IDN.M.N.CPI.IX._T.N._Z
IDN,Indonesia,M,N,CPI,IX,_T,N,_Z,2016-04,102.2989,2015.0,IDN.M.N.CPI.IX._T.N._Z
IDN,Indonesia,M,N,CPI,IX,_T,N,_Z,2016-05,102.5397,2015.0,IDN.M.N.CPI.IX._T.N._Z
IDN,Indonesia,M,N,CPI,IX,_T,N,_Z,2016-06,103.2123,2015.0,IDN.M.N.CPI.IX._T.N._Z
IDN,Indonesia,M,N,CPI,IX,_T,N,_Z,2016-07,103.9265,2015.0,IDN.M.N.CPI.IX._T.N._Z
IDN,Indonesia,M,N,CPI,IX,_T,N,_Z,2016-08,103.9099,2015.0,IDN.M.N.CPI.IX._T.N._Z
IDN,Indonesia,M,N,CPI,IX,_T,N,_Z,2016-09,104.1424,2015.0,IDN.M.N.CPI.IX._T.N._Z
IDN,Indonesia,M,N,CPI,IX,_T,N,_Z,2016-10,104.2919,2015.0,IDN.M.N.CPI.IX._T.N._Z
IDN,Indonesia,M,N,CPI,IX,_T,N,_Z,2016-11,104.7818,2015.0,IDN.M.N.CPI.IX._T.N._Z
IDN,Indonesia,M,N,CPI,IX,_T,N,_Z,2016-12,105.2219,2015.0,IDN.M.N.CPI.IX._T.N._Z
IDN,Indonesia,M,N,CPI,IX,_T,N,_Z,2017-01,106.2433,2015.0,IDN.M.N.CPI.IX._T.N._Z
IDN,Indonesia,M,N,CPI,IX,_T,N,_Z,2017-02,106.4925,2015.0,IDN.M.N.CPI.IX._T.N._Z
IDN,Indonesia,M,N,CPI,IX,_T,N,_Z,2017-03,106.4759,2015.0,IDN.M.N.CPI.IX._T.N._Z
IDN,Indonesia,M,N,CPI,IX,_T,N,_Z,2017-04,106.5672,2015.0,IDN.M.N.CPI.IX._T.N._Z
IDN,Indonesia,M,N,CPI,IX,_T,N,_Z,2017-05,106.9824,2015.0,IDN.M.N.CPI.IX._T.N._Z
IDN,Indonesia,M,N,CPI,IX,_T,N,_Z,2017-06,107.7215,2015.0,IDN.M.N.CPI.IX._T.N._Z
IDN,Indonesia,M,N,CPI,IX,_T,N,_Z,2017-07,107.954,2015.0,IDN.M.N.CPI.IX._T.N._Z
IDN,Indonesia,M,N,CPI,IX,_T,N,_Z,2017-08,107.8793,2015.0,IDN.M.N.CPI.IX._T.N._Z
IDN,Indonesia,M,N,CPI,IX,_T,N,_Z,2017-09,108.0204,2015.0,IDN.M.N.CPI.IX._T.N._Z
IDN,Indonesia,M,N,CPI,IX,_T,N,_Z,2017-10,108.0287,2015.0,IDN.M.N.CPI.IX._T.N._Z
IDN,Indonesia,M,N,CPI,IX,_T,N,_Z,2017-11,108.2446,2015.0,IDN.M.N.CPI.IX._T.N._Z
IDN,Indonesia,M,N,CPI,IX,_T,N,_Z,2017-12,109.0169,2015.0,IDN.M.N.CPI.IX._T.N._Z
IDN,Indonesia,M,N,CPI,IX,_T,N,_Z,2018-01,109.6979,2015.0,IDN.M.N.CPI.IX._T.N._Z
IDN,Indonesia,M,N,CPI,IX,_T,N,_Z,2018-02,109.8806,2015.0,IDN.M.N.CPI.IX._T.N._Z
IDN,Indonesia,M,N,CPI,IX,_T,N,_Z,2018-03,110.0965,2015.0,IDN.M.N.CPI.IX._T.N._Z
IDN,Indonesia,M,N,CPI,IX,_T,N,_Z,2018-04,110.2044,2015.0,IDN.M.N.CPI.IX._T.N._Z
IDN,Indonesia,M,N,CPI,IX,_T,N,_Z,2018-05,110.4369,2015.0,IDN.M.N.CPI.IX._T.N._Z
IDN,Indonesia,M,N,CPI,IX,_T,N,_Z,2018-06,111.0847,2015.0,IDN.M.N.CPI.IX._T.N._Z
IDN,Indonesia,M,N,CPI,IX,_T,N,_Z,2018-07,111.3919,2015.0,IDN.M.N.CPI.IX._T.N._Z
IDN,Indonesia,M,N,CPI,IX,_T,N,_Z,2018-08,111.3338,2015.0,IDN.M.N.CPI.IX._T.N._Z
IDN,Indonesia,M,N,CPI,IX,_T,N,_Z,2018-09,111.1345,2015.0,IDN.M.N.CPI.IX._T.N._Z
IDN,Indonesia,M,N,CPI,IX,_T,N,_Z,2018-10,111.4417,2015.0,IDN.M.N.CPI.IX._T.N._Z
IDN,Indonesia,M,N,CPI,IX,_T,N,_Z,2018-11,111.7407,2015.0,IDN.M.N.CPI.IX._T.N._Z
IDN,Indonesia,M,N,CPI,IX,_T,N,_Z,2018-12,112.4299,2015.0,IDN.M.N.CPI.IX._T.N._Z
IDN,Indonesia,M,N,CPI,IX,_T,N,_Z,2019-01,112.7953,2015.0,IDN.M.N.CPI.IX._T.N._Z
IDN,Indonesia,M,N,CPI,IX,_T,N,_Z,2019-02,112.704,2015.0,IDN.M.N.CPI.IX._T.N._Z
IDN,Indonesia,M,N,CPI,IX,_T,N,_Z,2019-03,112.8285,2015.0,IDN.M.N.CPI.IX._T.N._Z
IDN,Indonesia,M,N,CPI,IX,_T,N,_Z,2019-04,113.3268,2015.0,IDN.M.N.CPI.IX._T.N._Z
IDN,Indonesia,M,N,CPI,IX,_T,N,_Z,2019-05,114.0991,2015.0,IDN.M.N.CPI.IX._T.N._Z
IDN,Indonesia,M,N,CPI,IX,_T,N,_Z,2019-06,114.7302,2015.0,IDN.M.N.CPI.IX._T.N._Z
IDN,Indonesia,M,N,CPI,IX,_T,N,_Z,2019-07,115.0873,2015.0,IDN.M.N.CPI.IX._T.N._Z
IDN,Indonesia,M,N,CPI,IX,_T,N,_Z,2019-08,115.2201,2015.0,IDN.M.N.CPI.IX._T.N._Z
IDN,Indonesia,M,N,CPI,IX,_T,N,_Z,2019-09,114.9046,2015.0,IDN.M.N.CPI.IX._T.N._Z
IDN,Indonesia,M,N,CPI,IX,_T,N,_Z,2019-10,114.9295,2015.0,IDN.M.N.CPI.IX._T.N._Z
IDN,Indonesia,M,N,CPI,IX,_T,N,_Z,2019-11,115.0956,2015.0,IDN.M.N.CPI.IX._T.N._Z
IDN,Indonesia,M,N,CPI,IX,_T,N,_Z,2019-12,115.4859,2015.0,IDN.M.N.CPI.IX._T.N._Z
IDN,Indonesia,M,N,CPI,IX,_T,N,_Z,2020-01,115.818,2015.0,IDN.M.N.CPI.IX._T.N._Z
IDN,Indonesia,M,N,CPI,IX,_T,N,_Z,2020-02,116.14,2015.0,IDN.M.N.CPI.IX._T.N._Z
IDN,Indonesia,M,N,CPI,IX,_T,N,_Z,2020-03,116.251,2015.0,IDN.M.N.CPI.IX._T.N._Z
IDN,Indonesia,M,N,CPI,IX,_T,N,_Z,2020-04,116.3398,2015.0,IDN.M.N.CPI.IX._T.N._Z
IDN,Indonesia,M,N,CPI,IX,_T,N,_Z,2020-05,116.4175,2015.0,IDN.M.N.CPI.IX._T.N._Z
IDN,Indonesia,M,N,CPI,IX,_T,N,_Z,2020-06,116.6284,2015.0,IDN.M.N.CPI.IX._T.N._Z
IDN,Indonesia,M,N,CPI,IX,_T,N,_Z,2020-07,116.5063,2015.0,IDN.M.N.CPI.IX._T.N._Z
IDN,Indonesia,M,N,CPI,IX,_T,N,_Z,2020-08,116.4508,2015.0,IDN.M.N.CPI.IX._T.N._Z
IDN,Indonesia,M,N,CPI,IX,_T,N,_Z,2020-09,116.3953,2015.0,IDN.M.N.CPI.IX._T.N._Z
IDN,Indonesia,M,N,CPI,IX,_T,N,_Z,2020-10,116.473,2015.0,IDN.M.N.CPI.IX._T.N._Z
IDN,Indonesia,M,N,CPI,IX,_T,N,_Z,2020-11,116.7949,2015.0,IDN.M.N.CPI.IX._T.N._Z
IDN,Indonesia,M,N,CPI,IX,_T,N,_Z,2020-12,117.3167,2015.0,IDN.M.N.CPI.IX._T.N._Z
IDN,Indonesia,M,N,CPI,IX,_T,N,_Z,2021-01,117.6164,2015.0,IDN.M.N.CPI.IX._T.N._Z
IDN,Indonesia,M,N,CPI,IX,_T,N,_Z,2021-02,117.7385,2015.0,IDN.M.N.CPI.IX._T.N._Z
IDN,Indonesia,M,N,CPI,IX,_T,N,_Z,2021-03,117.8384,2015.0,IDN.M.N.CPI.IX._T.N._Z
IDN,Indonesia,M,N,CPI,IX,_T,N,_Z,2021-04,117.9939,2015.0,IDN.M.N.CPI.IX._T.N._Z
IDN,Indonesia,M,N,CPI,IX,_T,N,_Z,2021-05,118.3713,2015.0,IDN.M.N.CPI.IX._T.N._Z
IDN,Indonesia,M,N,CPI,IX,_T,N,_Z,2021-06,118.1826,2015.0,IDN.M.N.CPI.IX._T.N._Z
IDN,Indonesia,M,N,CPI,IX,_T,N,_Z,2021-07,118.2714,2015.0,IDN.M.N.CPI.IX._T.N._Z
IDN,Indonesia,M,N,CPI,IX,_T,N,_Z,2021-08,118.3047,2015.0,IDN.M.N.CPI.IX._T.N._Z
IDN,Indonesia,M,N,CPI,IX,_T,N,_Z,2021-09,118.2603,2015.0,IDN.M.N.CPI.IX._T.N._Z
IDN,Indonesia,M,N,CPI,IX,_T,N,_Z,2021-10,118.4046,2015.0,IDN.M.N.CPI.IX._T.N._Z
IDN,Indonesia,M,N,CPI,IX,_T,N,_Z,2021-11,118.8375,2015.0,IDN.M.N.CPI.IX._T.N._Z
IDN,Indonesia,M,N,CPI,IX,_T,N,_Z,2021-12,119.5147,2015.0,IDN.M.N.CPI.IX._T.N._Z
IDN,Indonesia,M,N,CPI,IX,_T,N,_Z,2022-01,120.1808,2015.0,IDN.M.N.CPI.IX._T.N._Z
IDN,Indonesia,M,N,CPI,IX,_T,N,_Z,2022-02,120.1586,2015.0,IDN.M.N.CPI.IX._T.N._Z
IDN,Indonesia,M,N,CPI,IX,_T,N,_Z,2022-03,120.9467,2015.0,IDN.M.N.CPI.IX._T.N._Z
IDN,Indonesia,M,N,CPI,IX,_T,N,_Z,2022-04,122.0902,2015.0,IDN.M.N.CPI.IX._T.N._Z
IDN,Indonesia,M,N,CPI,IX,_T,N,_Z,2022-05,122.5786,2015.0,IDN.M.N.CPI.IX._T.N._Z
IDN,Indonesia,M,N,CPI,IX,_T,N,_Z,2022-06,123.3224,2015.0,IDN.M.N.CPI.IX._T.N._Z
IDN,Indonesia,M,N,CPI,IX,_T,N,_Z,2022-07,124.1106,2015.0,IDN.M.N.CPI.IX._T.N._Z
IDN,Indonesia,M,N,CPI,IX,_T,N,_Z,2022-08,123.8552,2015.0,IDN.M.N.CPI.IX._T.N._Z
IDN,Indonesia,M,N,CPI,IX,_T,N,_Z,2022-09,125.2984,2015.0,IDN.M.N.CPI.IX._T.N._Z
IDN,Indonesia,M,N,CPI,IX,_T,N,_Z,2022-10,125.1652,2015.0,IDN.M.N.CPI.IX._T.N._Z
IDN,Indonesia,M,N,CPI,IX,_T,N,_Z,2022-11,125.2762,2015.0,IDN.M.N.CPI.IX._T.N._Z
IDN,Indonesia,M,N,CPI,IX,_T,N,_Z,2022-12,126.0977,2015.0,IDN.M.N.CPI.IX._T.N._Z
IDN,Indonesia,M,N,CPI,IX,_T,N,_Z,2023-01,126.5306,2015.0,IDN.M.N.CPI.IX._T.N._Z
IDN,Indonesia,M,N,CPI,IX,_T,N,_Z,2023-02,126.7304,2015.0,IDN.M.N.CPI.IX._T.N._Z
IDN,Indonesia,M,N,CPI,IX,_T,N,_Z,2023-03,126.9525,2015.0,IDN.M.N.CPI.IX._T.N._Z
IDN,Indonesia,M,N,CPI,IX,_T,N,_Z,2023-04,127.3743,2015.0,IDN.M.N.CPI.IX._T.N._Z
IDN,Indonesia,M,N,CPI,IX,_T,N,_Z,2023-05,127.4853,2015.0,IDN.M.N.CPI.IX._T.N._Z
IDN,Indonesia,M,N,CPI,IX,_T,N,_Z,2023-06,127.6629,2015.0,IDN.M.N.CPI.IX._T.N._Z
IDN,Indonesia,M,N,CPI,IX,_T,N,_Z,2023-07,127.9294,2015.0,IDN.M.N.CPI.IX._T.N._Z
IDN,Indonesia,M,N,CPI,IX,_T,N,_Z,2023-08,127.9072,2015.0,IDN.M.N.CPI.IX._T.N._Z
IDN,Indonesia,M,N,CPI,IX,_T,N,_Z,2023-09,128.1514,2015.0,IDN.M.N.CPI.IX._T.N._Z
IDN,Indonesia,M,N,CPI,IX,_T,N,_Z,2023-10,128.3734,2015.0,IDN.M.N.CPI.IX._T.N._Z
IDN,Indonesia,M,N,CPI,IX,_T,N,_Z,2023-11,128.8618,2015.0,IDN.M.N.CPI.IX._T.N._Z
IDN,Indonesia,M,N,CPI,IX,_T,N,_Z,2023-12,129.3947,2015.0,IDN.M.N.CPI.IX._T.N._Z
IDN,Indonesia,M,N,CPI,IX,_T,N,_Z,2024-02,129.9302,2015.0,IDN.M.N.CPI.IX._T.N._Z
IDN,Indonesia,M,N,CPI,IX,_T,N,_Z,2024-03,130.607,2015.0,IDN.M.N.CPI.IX._T.N._Z
IDN,Indonesia,M,N,CPI,IX,_T,N,_Z,2024-04,130.9393,2015.0,IDN.M.N.CPI.IX._T.N._Z
IDN,Indonesia,M,N,CPI,IX,_T,N,_Z,2024-05,130.9024,2015.0,IDN.M.N.CPI.IX._T.N._Z
IDN,Indonesia,M,N,CPI,IX,_T,N,_Z,2024-06,130.7916,2015.0,IDN.M.N.CPI.IX._T.N._Z
IDN,Indonesia,M,N,CPI,IX,_T,N,_Z,2024-07,130.5578,2015.0,IDN.M.N.CPI.IX._T.N._Z
IDN,Indonesia,M,N,CPI,IX,_T,N,_Z,2024-08,130.5209,2015.0,IDN.M.N.CPI.IX._T.N._Z
IDN,Indonesia,M,N,CPI,IX,_T,N,_Z,2024-09,130.3609,2015.0,IDN.M.N.CPI.IX._T.N._Z
IDN,Indonesia,M,N,CPI,IX,_T,N,_Z,2024-10,130.4593,2015.0,IDN.M.N.CPI.IX._T.N._Z
IDN,Indonesia,M,N,CPI,IX,_T,N,_Z,2024-11,130.8531,2015.0,IDN.M.N.CPI.IX._T.N._Z
IDN,Indonesia,M,N,CPI,IX,_T,N,_Z,2024-12,131.4315,2015.0,IDN.M.N.CPI.IX._T.N._Z
IDN,Indonesia,M,N,CPI,IX,_T,N,_Z,2025-01,130.4347,2015.0,IDN.M.N.CPI.IX._T.N._Z
IDN,Indonesia,M,N,CPI,IX,_T,N,_Z,2025-02,129.8071,2015.0,IDN.M.N.CPI.IX._T.N._Z
IDN,Indonesia,M,N,CPI,IX,_T,N,_Z,2025-03,131.9484,2015.0,IDN.M.N.CPI.IX._T.N._Z
IDN,Indonesia,M,N,CPI,IX,_T,N,_Z,2025-04,133.4867,2015.0,IDN.M.N.CPI.IX._T.N._Z
IDN,Indonesia,M,N,CPI,IX,_T,N,_Z,2025-05,132.9944,2015.0,IDN.M.N.CPI.IX._T.N._Z
IDN,Indonesia,M,N,CPI,IX,_T,N,_Z,2025-06,133.2406,2015.0,IDN.M.N.CPI.IX._T.N._Z
IDN,Indonesia,M,N,CPI,IX,_T,N,_Z,2025-07,133.6467,2015.0,IDN.M.N.CPI.IX._T.N._Z
IDN,Indonesia,M,N,CPI,IX,_T,N,_Z,2025-08,133.5359,2015.0,IDN.M.N.CPI.IX._T.N._Z
IDN,Indonesia,M,N,CPI,IX,_T,N,_Z,2025-09,133.819,2015.0,IDN.M.N.CPI.IX._T.N._Z
IDN,Indonesia,M,N,CPI,IX,_T,N,_Z,2025-10,134.1881,2015.0,IDN.M.N.CPI.IX._T.N._Z
IDN,Indonesia,M,N,CPI,IX,_T,N,_Z,2025-11,134.4097,2015.0,IDN.M.N.CPI.IX._T.N._Z
IDN,Indonesia,M,N,CPI,IX,_T,N,_Z,2025-12,135.2711,2015.0,IDN.M.N.CPI.IX._T.N._Z
IDN,Indonesia,M,N,CPI,IX,_T,N,_Z,2026-01,135.0619,2015.0,IDN.M.N.CPI.IX._T.N._Z
IDN,Indonesia,M,N,CPI,IX,_T,N,_Z,2026-02,135.9849,2015.0,IDN.M.N.CPI.IX._T.N._Z
IDN,Indonesia,M,N,CPI,IX,_T,N,_Z,2026-03,136.5387,2015.0,IDN.M.N.CPI.IX._T.N._Z
IDN,Indonesia,M,N,CPI,IX,_T,N,_Z,2026-04,136.7109,2015.0,IDN.M.N.CPI.IX._T.N._Z
IDN,Indonesia,M,N,CPI,IX,_T,N,_Z,2026-05,137.0924,2015.0,IDN.M.N.CPI.IX._T.N._Z
IND,India,M,N,CPI,IX,_T,N,_Z,2015-01,97.1629,2015.0,IND.M.N.CPI.IX._T.N._Z
IND,India,M,N,CPI,IX,_T,N,_Z,2015-02,96.78036,2015.0,IND.M.N.CPI.IX._T.N._Z
IND,India,M,N,CPI,IX,_T,N,_Z,2015-03,97.1629,2015.0,IND.M.N.CPI.IX._T.N._Z
IND,India,M,N,CPI,IX,_T,N,_Z,2015-04,97.92796,2015.0,IND.M.N.CPI.IX._T.N._Z
IND,India,M,N,CPI,IX,_T,N,_Z,2015-05,98.69302,2015.0,IND.M.N.CPI.IX._T.N._Z
IND,India,M,N,CPI,IX,_T,N,_Z,2015-06,99.84061,2015.0,IND.M.N.CPI.IX._T.N._Z
IND,India,M,N,CPI,IX,_T,N,_Z,2015-07,100.6057,2015.0,IND.M.N.CPI.IX._T.N._Z
IND,India,M,N,CPI,IX,_T,N,_Z,2015-08,100.9882,2015.0,IND.M.N.CPI.IX._T.N._Z
IND,India,M,N,CPI,IX,_T,N,_Z,2015-09,101.7533,2015.0,IND.M.N.CPI.IX._T.N._Z
IND,India,M,N,CPI,IX,_T,N,_Z,2015-10,102.9009,2015.0,IND.M.N.CPI.IX._T.N._Z
IND,India,M,N,CPI,IX,_T,N,_Z,2015-11,103.2834,2015.0,IND.M.N.CPI.IX._T.N._Z
IND,India,M,N,CPI,IX,_T,N,_Z,2015-12,102.9009,2015.0,IND.M.N.CPI.IX._T.N._Z
IND,India,M,N,CPI,IX,_T,N,_Z,2016-01,102.9009,2015.0,IND.M.N.CPI.IX._T.N._Z
IND,India,M,N,CPI,IX,_T,N,_Z,2016-02,102.1358,2015.0,IND.M.N.CPI.IX._T.N._Z
IND,India,M,N,CPI,IX,_T,N,_Z,2016-03,102.5183,2015.0,IND.M.N.CPI.IX._T.N._Z
IND,India,M,N,CPI,IX,_T,N,_Z,2016-04,103.6659,2015.0,IND.M.N.CPI.IX._T.N._Z
IND,India,M,N,CPI,IX,_T,N,_Z,2016-05,105.196,2015.0,IND.M.N.CPI.IX._T.N._Z
IND,India,M,N,CPI,IX,_T,N,_Z,2016-06,105.9611,2015.0,IND.M.N.CPI.IX._T.N._Z
IND,India,M,N,CPI,IX,_T,N,_Z,2016-07,107.1087,2015.0,IND.M.N.CPI.IX._T.N._Z
IND,India,M,N,CPI,IX,_T,N,_Z,2016-08,106.3436,2015.0,IND.M.N.CPI.IX._T.N._Z
IND,India,M,N,CPI,IX,_T,N,_Z,2016-09,105.9611,2015.0,IND.M.N.CPI.IX._T.N._Z
IND,India,M,N,CPI,IX,_T,N,_Z,2016-10,106.3436,2015.0,IND.M.N.CPI.IX._T.N._Z
IND,India,M,N,CPI,IX,_T,N,_Z,2016-11,105.9611,2015.0,IND.M.N.CPI.IX._T.N._Z
IND,India,M,N,CPI,IX,_T,N,_Z,2016-12,105.196,2015.0,IND.M.N.CPI.IX._T.N._Z
IND,India,M,N,CPI,IX,_T,N,_Z,2017-01,104.8135,2015.0,IND.M.N.CPI.IX._T.N._Z
IND,India,M,N,CPI,IX,_T,N,_Z,2017-02,104.8135,2015.0,IND.M.N.CPI.IX._T.N._Z
IND,India,M,N,CPI,IX,_T,N,_Z,2017-03,105.196,2015.0,IND.M.N.CPI.IX._T.N._Z
IND,India,M,N,CPI,IX,_T,N,_Z,2017-04,105.9611,2015.0,IND.M.N.CPI.IX._T.N._Z
IND,India,M,N,CPI,IX,_T,N,_Z,2017-05,106.3436,2015.0,IND.M.N.CPI.IX._T.N._Z
IND,India,M,N,CPI,IX,_T,N,_Z,2017-06,107.1087,2015.0,IND.M.N.CPI.IX._T.N._Z
IND,India,M,N,CPI,IX,_T,N,_Z,2017-07,109.0214,2015.0,IND.M.N.CPI.IX._T.N._Z
IND,India,M,N,CPI,IX,_T,N,_Z,2017-08,109.0214,2015.0,IND.M.N.CPI.IX._T.N._Z
IND,India,M,N,CPI,IX,_T,N,_Z,2017-09,109.0214,2015.0,IND.M.N.CPI.IX._T.N._Z
IND,India,M,N,CPI,IX,_T,N,_Z,2017-10,109.7864,2015.0,IND.M.N.CPI.IX._T.N._Z
IND,India,M,N,CPI,IX,_T,N,_Z,2017-11,110.169,2015.0,IND.M.N.CPI.IX._T.N._Z
IND,India,M,N,CPI,IX,_T,N,_Z,2017-12,109.4039,2015.0,IND.M.N.CPI.IX._T.N._Z
IND,India,M,N,CPI,IX,_T,N,_Z,2018-01,110.169,2015.0,IND.M.N.CPI.IX._T.N._Z
IND,India,M,N,CPI,IX,_T,N,_Z,2018-02,109.7864,2015.0,IND.M.N.CPI.IX._T.N._Z
IND,India,M,N,CPI,IX,_T,N,_Z,2018-03,109.7864,2015.0,IND.M.N.CPI.IX._T.N._Z
IND,India,M,N,CPI,IX,_T,N,_Z,2018-04,110.169,2015.0,IND.M.N.CPI.IX._T.N._Z
IND,India,M,N,CPI,IX,_T,N,_Z,2018-05,110.5515,2015.0,IND.M.N.CPI.IX._T.N._Z
IND,India,M,N,CPI,IX,_T,N,_Z,2018-06,111.3165,2015.0,IND.M.N.CPI.IX._T.N._Z
IND,India,M,N,CPI,IX,_T,N,_Z,2018-07,115.1419,2015.0,IND.M.N.CPI.IX._T.N._Z
IND,India,M,N,CPI,IX,_T,N,_Z,2018-08,115.1419,2015.0,IND.M.N.CPI.IX._T.N._Z
IND,India,M,N,CPI,IX,_T,N,_Z,2018-09,115.1419,2015.0,IND.M.N.CPI.IX._T.N._Z
IND,India,M,N,CPI,IX,_T,N,_Z,2018-10,115.5244,2015.0,IND.M.N.CPI.IX._T.N._Z
IND,India,M,N,CPI,IX,_T,N,_Z,2018-11,115.5244,2015.0,IND.M.N.CPI.IX._T.N._Z
IND,India,M,N,CPI,IX,_T,N,_Z,2018-12,115.1419,2015.0,IND.M.N.CPI.IX._T.N._Z
IND,India,M,N,CPI,IX,_T,N,_Z,2019-01,117.437,2015.0,IND.M.N.CPI.IX._T.N._Z
IND,India,M,N,CPI,IX,_T,N,_Z,2019-02,117.437,2015.0,IND.M.N.CPI.IX._T.N._Z
IND,India,M,N,CPI,IX,_T,N,_Z,2019-03,118.2021,2015.0,IND.M.N.CPI.IX._T.N._Z
IND,India,M,N,CPI,IX,_T,N,_Z,2019-04,119.3497,2015.0,IND.M.N.CPI.IX._T.N._Z
IND,India,M,N,CPI,IX,_T,N,_Z,2019-05,120.1148,2015.0,IND.M.N.CPI.IX._T.N._Z
IND,India,M,N,CPI,IX,_T,N,_Z,2019-06,120.8798,2015.0,IND.M.N.CPI.IX._T.N._Z
IND,India,M,N,CPI,IX,_T,N,_Z,2019-07,122.0274,2015.0,IND.M.N.CPI.IX._T.N._Z
IND,India,M,N,CPI,IX,_T,N,_Z,2019-08,122.4099,2015.0,IND.M.N.CPI.IX._T.N._Z
IND,India,M,N,CPI,IX,_T,N,_Z,2019-09,123.175,2015.0,IND.M.N.CPI.IX._T.N._Z
IND,India,M,N,CPI,IX,_T,N,_Z,2019-10,124.3226,2015.0,IND.M.N.CPI.IX._T.N._Z
IND,India,M,N,CPI,IX,_T,N,_Z,2019-11,125.4702,2015.0,IND.M.N.CPI.IX._T.N._Z
IND,India,M,N,CPI,IX,_T,N,_Z,2019-12,126.2353,2015.0,IND.M.N.CPI.IX._T.N._Z
IND,India,M,N,CPI,IX,_T,N,_Z,2020-01,126.2353,2015.0,IND.M.N.CPI.IX._T.N._Z
IND,India,M,N,CPI,IX,_T,N,_Z,2020-02,125.4702,2015.0,IND.M.N.CPI.IX._T.N._Z
IND,India,M,N,CPI,IX,_T,N,_Z,2020-03,124.7051,2015.0,IND.M.N.CPI.IX._T.N._Z
IND,India,M,N,CPI,IX,_T,N,_Z,2020-04,125.8527,2015.0,IND.M.N.CPI.IX._T.N._Z
IND,India,M,N,CPI,IX,_T,N,_Z,2020-05,126.2353,2015.0,IND.M.N.CPI.IX._T.N._Z
IND,India,M,N,CPI,IX,_T,N,_Z,2020-06,127.0003,2015.0,IND.M.N.CPI.IX._T.N._Z
IND,India,M,N,CPI,IX,_T,N,_Z,2020-07,128.5304,2015.0,IND.M.N.CPI.IX._T.N._Z
IND,India,M,N,CPI,IX,_T,N,_Z,2020-08,129.2955,2015.0,IND.M.N.CPI.IX._T.N._Z
IND,India,M,N,CPI,IX,_T,N,_Z,2020-09,130.1179,2015.0,IND.M.N.CPI.IX._T.N._Z
IND,India,M,N,CPI,IX,_T,N,_Z,2020-10,131.6603,2015.0,IND.M.N.CPI.IX._T.N._Z
IND,India,M,N,CPI,IX,_T,N,_Z,2020-11,132.101,2015.0,IND.M.N.CPI.IX._T.N._Z
IND,India,M,N,CPI,IX,_T,N,_Z,2020-12,130.8891,2015.0,IND.M.N.CPI.IX._T.N._Z
IND,India,M,N,CPI,IX,_T,N,_Z,2021-01,130.228,2015.0,IND.M.N.CPI.IX._T.N._Z
IND,India,M,N,CPI,IX,_T,N,_Z,2021-02,131.1094,2015.0,IND.M.N.CPI.IX._T.N._Z
IND,India,M,N,CPI,IX,_T,N,_Z,2021-03,131.7705,2015.0,IND.M.N.CPI.IX._T.N._Z
IND,India,M,N,CPI,IX,_T,N,_Z,2021-04,132.3214,2015.0,IND.M.N.CPI.IX._T.N._Z
IND,India,M,N,CPI,IX,_T,N,_Z,2021-05,132.8723,2015.0,IND.M.N.CPI.IX._T.N._Z
IND,India,M,N,CPI,IX,_T,N,_Z,2021-06,134.0842,2015.0,IND.M.N.CPI.IX._T.N._Z
IND,India,M,N,CPI,IX,_T,N,_Z,2021-07,135.2961,2015.0,IND.M.N.CPI.IX._T.N._Z
IND,India,M,N,CPI,IX,_T,N,_Z,2021-08,135.5165,2015.0,IND.M.N.CPI.IX._T.N._Z
IND,India,M,N,CPI,IX,_T,N,_Z,2021-09,135.847,2015.0,IND.M.N.CPI.IX._T.N._Z
IND,India,M,N,CPI,IX,_T,N,_Z,2021-10,137.6098,2015.0,IND.M.N.CPI.IX._T.N._Z
IND,India,M,N,CPI,IX,_T,N,_Z,2021-11,138.4912,2015.0,IND.M.N.CPI.IX._T.N._Z
IND,India,M,N,CPI,IX,_T,N,_Z,2021-12,138.1607,2015.0,IND.M.N.CPI.IX._T.N._Z
IND,India,M,N,CPI,IX,_T,N,_Z,2022-01,137.8302,2015.0,IND.M.N.CPI.IX._T.N._Z
IND,India,M,N,CPI,IX,_T,N,_Z,2022-02,137.72,2015.0,IND.M.N.CPI.IX._T.N._Z
IND,India,M,N,CPI,IX,_T,N,_Z,2022-03,138.8218,2015.0,IND.M.N.CPI.IX._T.N._Z
IND,India,M,N,CPI,IX,_T,N,_Z,2022-04,140.6947,2015.0,IND.M.N.CPI.IX._T.N._Z
IND,India,M,N,CPI,IX,_T,N,_Z,2022-05,142.127,2015.0,IND.M.N.CPI.IX._T.N._Z
IND,India,M,N,CPI,IX,_T,N,_Z,2022-06,142.3474,2015.0,IND.M.N.CPI.IX._T.N._Z
IND,India,M,N,CPI,IX,_T,N,_Z,2022-07,143.1186,2015.0,IND.M.N.CPI.IX._T.N._Z
IND,India,M,N,CPI,IX,_T,N,_Z,2022-08,143.4492,2015.0,IND.M.N.CPI.IX._T.N._Z
IND,India,M,N,CPI,IX,_T,N,_Z,2022-09,144.6611,2015.0,IND.M.N.CPI.IX._T.N._Z
IND,India,M,N,CPI,IX,_T,N,_Z,2022-10,145.9832,2015.0,IND.M.N.CPI.IX._T.N._Z
IND,India,M,N,CPI,IX,_T,N,_Z,2022-11,145.9832,2015.0,IND.M.N.CPI.IX._T.N._Z
IND,India,M,N,CPI,IX,_T,N,_Z,2022-12,145.7628,2015.0,IND.M.N.CPI.IX._T.N._Z
IND,India,M,N,CPI,IX,_T,N,_Z,2023-01,146.3137,2015.0,IND.M.N.CPI.IX._T.N._Z
IND,India,M,N,CPI,IX,_T,N,_Z,2023-02,146.2036,2015.0,IND.M.N.CPI.IX._T.N._Z
IND,India,M,N,CPI,IX,_T,N,_Z,2023-03,146.8646,2015.0,IND.M.N.CPI.IX._T.N._Z
IND,India,M,N,CPI,IX,_T,N,_Z,2023-04,147.8562,2015.0,IND.M.N.CPI.IX._T.N._Z
IND,India,M,N,CPI,IX,_T,N,_Z,2023-05,148.4071,2015.0,IND.M.N.CPI.IX._T.N._Z
IND,India,M,N,CPI,IX,_T,N,_Z,2023-06,150.2801,2015.0,IND.M.N.CPI.IX._T.N._Z
IND,India,M,N,CPI,IX,_T,N,_Z,2023-07,153.9159,2015.0,IND.M.N.CPI.IX._T.N._Z
IND,India,M,N,CPI,IX,_T,N,_Z,2023-08,153.365,2015.0,IND.M.N.CPI.IX._T.N._Z
IND,India,M,N,CPI,IX,_T,N,_Z,2023-09,151.492,2015.0,IND.M.N.CPI.IX._T.N._Z
IND,India,M,N,CPI,IX,_T,N,_Z,2023-10,152.4836,2015.0,IND.M.N.CPI.IX._T.N._Z
IND,India,M,N,CPI,IX,_T,N,_Z,2023-11,153.2548,2015.0,IND.M.N.CPI.IX._T.N._Z
IND,India,M,N,CPI,IX,_T,N,_Z,2023-12,152.9243,2015.0,IND.M.N.CPI.IX._T.N._Z
IND,India,M,N,CPI,IX,_T,N,_Z,2024-01,153.0345,2015.0,IND.M.N.CPI.IX._T.N._Z
IND,India,M,N,CPI,IX,_T,N,_Z,2024-02,153.365,2015.0,IND.M.N.CPI.IX._T.N._Z
IND,India,M,N,CPI,IX,_T,N,_Z,2024-03,153.0345,2015.0,IND.M.N.CPI.IX._T.N._Z
IND,India,M,N,CPI,IX,_T,N,_Z,2024-04,153.5853,2015.0,IND.M.N.CPI.IX._T.N._Z
IND,India,M,N,CPI,IX,_T,N,_Z,2024-05,154.1362,2015.0,IND.M.N.CPI.IX._T.N._Z
IND,India,M,N,CPI,IX,_T,N,_Z,2024-06,155.7889,2015.0,IND.M.N.CPI.IX._T.N._Z
IND,India,M,N,CPI,IX,_T,N,_Z,2024-07,157.2212,2015.0,IND.M.N.CPI.IX._T.N._Z
IND,India,M,N,CPI,IX,_T,N,_Z,2024-08,157.111,2015.0,IND.M.N.CPI.IX._T.N._Z
IND,India,M,N,CPI,IX,_T,N,_Z,2024-09,157.8822,2015.0,IND.M.N.CPI.IX._T.N._Z
IND,India,M,N,CPI,IX,_T,N,_Z,2024-10,159.2043,2015.0,IND.M.N.CPI.IX._T.N._Z
IND,India,M,N,CPI,IX,_T,N,_Z,2024-11,159.2043,2015.0,IND.M.N.CPI.IX._T.N._Z
IND,India,M,N,CPI,IX,_T,N,_Z,2024-12,158.3229,2015.0,IND.M.N.CPI.IX._T.N._Z
IND,India,M,N,CPI,IX,_T,N,_Z,2025-01,157.772,2015.0,IND.M.N.CPI.IX._T.N._Z
IND,India,M,N,CPI,IX,_T,N,_Z,2025-02,157.3313,2015.0,IND.M.N.CPI.IX._T.N._Z
IND,India,M,N,CPI,IX,_T,N,_Z,2025-03,157.5517,2015.0,IND.M.N.CPI.IX._T.N._Z
IND,India,M,N,CPI,IX,_T,N,_Z,2025-04,158.1026,2015.0,IND.M.N.CPI.IX._T.N._Z
IND,India,M,N,CPI,IX,_T,N,_Z,2025-05,158.6534,2015.0,IND.M.N.CPI.IX._T.N._Z
IND,India,M,N,CPI,IX,_T,N,_Z,2025-06,159.7552,2015.0,IND.M.N.CPI.IX._T.N._Z
IND,India,M,N,CPI,IX,_T,N,_Z,2025-07,161.4078,2015.0,IND.M.N.CPI.IX._T.N._Z
IND,India,M,N,CPI,IX,_T,N,_Z,2025-08,162.0689,2015.0,IND.M.N.CPI.IX._T.N._Z
IND,India,M,N,CPI,IX,_T,N,_Z,2025-09,162.2892,2015.0,IND.M.N.CPI.IX._T.N._Z
IND,India,M,N,CPI,IX,_T,N,_Z,2025-10,162.7299,2015.0,IND.M.N.CPI.IX._T.N._Z
IND,India,M,N,CPI,IX,_T,N,_Z,2025-11,163.2808,2015.0,IND.M.N.CPI.IX._T.N._Z
IND,India,M,N,CPI,IX,_T,N,_Z,2025-12,163.2808,2015.0,IND.M.N.CPI.IX._T.N._Z
IND,India,M,N,CPI,IX,_T,N,_Z,2026-01,163.7215,2015.0,IND.M.N.CPI.IX._T.N._Z
IND,India,M,N,CPI,IX,_T,N,_Z,2026-02,163.6114,2015.0,IND.M.N.CPI.IX._T.N._Z
IND,India,M,N,CPI,IX,_T,N,_Z,2026-03,164.2724,2015.0,IND.M.N.CPI.IX._T.N._Z
IND,India,M,N,CPI,IX,_T,N,_Z,2026-04,165.1538,2015.0,IND.M.N.CPI.IX._T.N._Z
IND,India,M,N,CPI,IX,_T,N,_Z,2026-05,166.1454,2015.0,IND.M.N.CPI.IX._T.N._Z
IND,India,M,N,CPI,IX,_T,N,_Z,2026-07,168.7896,2015.0,IND.M.N.CPI.IX._T.N._Z
IDN,Indonesia,M,N,CPI,IX,_T,N,_Z,2026-07,137.4986,2015.0,IDN.M.N.CPI.IX._T.N._Z
IND,India,M,N,CPI,IX,_T,N,_Z,2026-06,167.3573,2015.0,IND.M.N.CPI.IX._T.N._Z
IDN,Indonesia,M,N,CPI,IX,_T,N,_Z,2026-06,137.6954,2015.0,IDN.M.N.CPI.IX._T.N._Z
IDN,Indonesia,M,N,CPI,IX,_T,N,_Z,2024-01,129.4502,2015.0,IDN.M.N.CPI.IX._T.N._Z
GBR,United Kingdom,M,N,CPI,IX,_T,N,_Z,2015-01,99.2,2015.0,GBR.M.N.CPI.IX._T.N._Z
GBR,United Kingdom,M,N,CPI,IX,_T,N,_Z,2015-02,99.5,2015.0,GBR.M.N.CPI.IX._T.N._Z
GBR,United Kingdom,M,N,CPI,IX,_T,N,_Z,2015-03,99.6,2015.0,GBR.M.N.CPI.IX._T.N._Z
GBR,United Kingdom,M,N,CPI,IX,_T,N,_Z,2015-04,99.9,2015.0,GBR.M.N.CPI.IX._T.N._Z
GBR,United Kingdom,M,N,CPI,IX,_T,N,_Z,2015-05,100.1,2015.0,GBR.M.N.CPI.IX._T.N._Z
GBR,United Kingdom,M,N,CPI,IX,_T,N,_Z,2015-06,100.1,2015.0,GBR.M.N.CPI.IX._T.N._Z
GBR,United Kingdom,M,N,CPI,IX,_T,N,_Z,2015-07,100.0,2015.0,GBR.M.N.CPI.IX._T.N._Z
GBR,United Kingdom,M,N,CPI,IX,_T,N,_Z,2015-08,100.3,2015.0,GBR.M.N.CPI.IX._T.N._Z
GBR,United Kingdom,M,N,CPI,IX,_T,N,_Z,2015-09,100.2,2015.0,GBR.M.N.CPI.IX._T.N._Z
GBR,United Kingdom,M,N,CPI,IX,_T,N,_Z,2015-10,100.3,2015.0,GBR.M.N.CPI.IX._T.N._Z
GBR,United Kingdom,M,N,CPI,IX,_T,N,_Z,2015-11,100.3,2015.0,GBR.M.N.CPI.IX._T.N._Z
GBR,United Kingdom,M,N,CPI,IX,_T,N,_Z,2015-12,100.4,2015.0,GBR.M.N.CPI.IX._T.N._Z
GBR,United Kingdom,M,N,CPI,IX,_T,N,_Z,2016-01,99.9,2015.0,GBR.M.N.CPI.IX._T.N._Z
GBR,United Kingdom,M,N,CPI,IX,_T,N,_Z,2016-02,100.1,2015.0,GBR.M.N.CPI.IX._T.N._Z
GBR,United Kingdom,M,N,CPI,IX,_T,N,_Z,2016-03,100.4,2015.0,GBR.M.N.CPI.IX._T.N._Z
GBR,United Kingdom,M,N,CPI,IX,_T,N,_Z,2016-04,100.6,2015.0,GBR.M.N.CPI.IX._T.N._Z
GBR,United Kingdom,M,N,CPI,IX,_T,N,_Z,2016-05,100.8,2015.0,GBR.M.N.CPI.IX._T.N._Z
GBR,United Kingdom,M,N,CPI,IX,_T,N,_Z,2016-06,101.0,2015.0,GBR.M.N.CPI.IX._T.N._Z
GBR,United Kingdom,M,N,CPI,IX,_T,N,_Z,2016-07,100.9,2015.0,GBR.M.N.CPI.IX._T.N._Z
GBR,United Kingdom,M,N,CPI,IX,_T,N,_Z,2016-08,101.2,2015.0,GBR.M.N.CPI.IX._T.N._Z
GBR,United Kingdom,M,N,CPI,IX,_T,N,_Z,2016-09,101.5,2015.0,GBR.M.N.CPI.IX._T.N._Z
GBR,United Kingdom,M,N,CPI,IX,_T,N,_Z,2016-10,101.6,2015.0,GBR.M.N.CPI.IX._T.N._Z
GBR,United Kingdom,M,N,CPI,IX,_T,N,_Z,2016-11,101.8,2015.0,GBR.M.N.CPI.IX._T.N._Z
GBR,United Kingdom,M,N,CPI,IX,_T,N,_Z,2016-12,102.2,2015.0,GBR.M.N.CPI.IX._T.N._Z
GBR,United Kingdom,M,N,CPI,IX,_T,N,_Z,2017-01,101.8,2015.0,GBR.M.N.CPI.IX._T.N._Z
GBR,United Kingdom,M,N,CPI,IX,_T,N,_Z,2017-02,102.4,2015.0,GBR.M.N.CPI.IX._T.N._Z
GBR,United Kingdom,M,N,CPI,IX,_T,N,_Z,2017-03,102.7,2015.0,GBR.M.N.CPI.IX._T.N._Z
GBR,United Kingdom,M,N,CPI,IX,_T,N,_Z,2017-04,103.2,2015.0,GBR.M.N.CPI.IX._T.N._Z
GBR,United Kingdom,M,N,CPI,IX,_T,N,_Z,2017-05,103.5,2015.0,GBR.M.N.CPI.IX._T.N._Z
GBR,United Kingdom,M,N,CPI,IX,_T,N,_Z,2017-06,103.5,2015.0,GBR.M.N.CPI.IX._T.N._Z
GBR,United Kingdom,M,N,CPI,IX,_T,N,_Z,2017-07,103.5,2015.0,GBR.M.N.CPI.IX._T.N._Z
GBR,United Kingdom,M,N,CPI,IX,_T,N,_Z,2017-08,104.0,2015.0,GBR.M.N.CPI.IX._T.N._Z
GBR,United Kingdom,M,N,CPI,IX,_T,N,_Z,2017-09,104.3,2015.0,GBR.M.N.CPI.IX._T.N._Z
GBR,United Kingdom,M,N,CPI,IX,_T,N,_Z,2017-10,104.4,2015.0,GBR.M.N.CPI.IX._T.N._Z
GBR,United Kingdom,M,N,CPI,IX,_T,N,_Z,2017-11,104.7,2015.0,GBR.M.N.CPI.IX._T.N._Z
GBR,United Kingdom,M,N,CPI,IX,_T,N,_Z,2017-12,105.0,2015.0,GBR.M.N.CPI.IX._T.N._Z
GBR,United Kingdom,M,N,CPI,IX,_T,N,_Z,2018-01,104.5,2015.0,GBR.M.N.CPI.IX._T.N._Z
GBR,United Kingdom,M,N,CPI,IX,_T,N,_Z,2018-02,104.9,2015.0,GBR.M.N.CPI.IX._T.N._Z
GBR,United Kingdom,M,N,CPI,IX,_T,N,_Z,2018-03,105.1,2015.0,GBR.M.N.CPI.IX._T.N._Z
GBR,United Kingdom,M,N,CPI,IX,_T,N,_Z,2018-04,105.5,2015.0,GBR.M.N.CPI.IX._T.N._Z
GBR,United Kingdom,M,N,CPI,IX,_T,N,_Z,2018-05,105.9,2015.0,GBR.M.N.CPI.IX._T.N._Z
GBR,United Kingdom,M,N,CPI,IX,_T,N,_Z,2018-06,105.9,2015.0,GBR.M.N.CPI.IX._T.N._Z
GBR,United Kingdom,M,N,CPI,IX,_T,N,_Z,2018-07,105.9,2015.0,GBR.M.N.CPI.IX._T.N._Z
GBR,United Kingdom,M,N,CPI,IX,_T,N,_Z,2018-08,106.5,2015.0,GBR.M.N.CPI.IX._T.N._Z
GBR,United Kingdom,M,N,CPI,IX,_T,N,_Z,2018-09,106.6,2015.0,GBR.M.N.CPI.IX._T.N._Z
GBR,United Kingdom,M,N,CPI,IX,_T,N,_Z,2018-10,106.7,2015.0,GBR.M.N.CPI.IX._T.N._Z
GBR,United Kingdom,M,N,CPI,IX,_T,N,_Z,2018-11,106.9,2015.0,GBR.M.N.CPI.IX._T.N._Z
GBR,United Kingdom,M,N,CPI,IX,_T,N,_Z,2018-12,107.1,2015.0,GBR.M.N.CPI.IX._T.N._Z
GBR,United Kingdom,M,N,CPI,IX,_T,N,_Z,2019-01,106.4,2015.0,GBR.M.N.CPI.IX._T.N._Z
GBR,United Kingdom,M,N,CPI,IX,_T,N,_Z,2019-02,106.8,2015.0,GBR.M.N.CPI.IX._T.N._Z
GBR,United Kingdom,M,N,CPI,IX,_T,N,_Z,2019-03,107.0,2015.0,GBR.M.N.CPI.IX._T.N._Z
GBR,United Kingdom,M,N,CPI,IX,_T,N,_Z,2019-04,107.6,2015.0,GBR.M.N.CPI.IX._T.N._Z
GBR,United Kingdom,M,N,CPI,IX,_T,N,_Z,2019-05,107.9,2015.0,GBR.M.N.CPI.IX._T.N._Z
GBR,United Kingdom,M,N,CPI,IX,_T,N,_Z,2019-06,107.9,2015.0,GBR.M.N.CPI.IX._T.N._Z
GBR,United Kingdom,M,N,CPI,IX,_T,N,_Z,2019-07,108.0,2015.0,GBR.M.N.CPI.IX._T.N._Z
GBR,United Kingdom,M,N,CPI,IX,_T,N,_Z,2019-08,108.3,2015.0,GBR.M.N.CPI.IX._T.N._Z
GBR,United Kingdom,M,N,CPI,IX,_T,N,_Z,2019-09,108.4,2015.0,GBR.M.N.CPI.IX._T.N._Z
GBR,United Kingdom,M,N,CPI,IX,_T,N,_Z,2019-10,108.3,2015.0,GBR.M.N.CPI.IX._T.N._Z
GBR,United Kingdom,M,N,CPI,IX,_T,N,_Z,2019-11,108.5,2015.0,GBR.M.N.CPI.IX._T.N._Z
GBR,United Kingdom,M,N,CPI,IX,_T,N,_Z,2019-12,108.5,2015.0,GBR.M.N.CPI.IX._T.N._Z
GBR,United Kingdom,M,N,CPI,IX,_T,N,_Z,2020-01,108.3,2015.0,GBR.M.N.CPI.IX._T.N._Z
GBR,United Kingdom,M,N,CPI,IX,_T,N,_Z,2020-02,108.6,2015.0,GBR.M.N.CPI.IX._T.N._Z
GBR,United Kingdom,M,N,CPI,IX,_T,N,_Z,2020-03,108.6,2015.0,GBR.M.N.CPI.IX._T.N._Z
GBR,United Kingdom,M,N,CPI,IX,_T,N,_Z,2020-04,108.6,2015.0,GBR.M.N.CPI.IX._T.N._Z
GBR,United Kingdom,M,N,CPI,IX,_T,N,_Z,2020-05,108.6,2015.0,GBR.M.N.CPI.IX._T.N._Z
GBR,United Kingdom,M,N,CPI,IX,_T,N,_Z,2020-06,108.8,2015.0,GBR.M.N.CPI.IX._T.N._Z
GBR,United Kingdom,M,N,CPI,IX,_T,N,_Z,2020-07,109.2,2015.0,GBR.M.N.CPI.IX._T.N._Z
GBR,United Kingdom,M,N,CPI,IX,_T,N,_Z,2020-08,108.8,2015.0,GBR.M.N.CPI.IX._T.N._Z
GBR,United Kingdom,M,N,CPI,IX,_T,N,_Z,2020-09,109.2,2015.0,GBR.M.N.CPI.IX._T.N._Z
GBR,United Kingdom,M,N,CPI,IX,_T,N,_Z,2020-10,109.2,2015.0,GBR.M.N.CPI.IX._T.N._Z
GBR,United Kingdom,M,N,CPI,IX,_T,N,_Z,2020-11,109.1,2015.0,GBR.M.N.CPI.IX._T.N._Z
GBR,United Kingdom,M,N,CPI,IX,_T,N,_Z,2020-12,109.4,2015.0,GBR.M.N.CPI.IX._T.N._Z
GBR,United Kingdom,M,N,CPI,IX,_T,N,_Z,2021-01,109.3,2015.0,GBR.M.N.CPI.IX._T.N._Z
GBR,United Kingdom,M,N,CPI,IX,_T,N,_Z,2021-02,109.4,2015.0,GBR.M.N.CPI.IX._T.N._Z
GBR,United Kingdom,M,N,CPI,IX,_T,N,_Z,2021-03,109.7,2015.0,GBR.M.N.CPI.IX._T.N._Z
GBR,United Kingdom,M,N,CPI,IX,_T,N,_Z,2021-04,110.4,2015.0,GBR.M.N.CPI.IX._T.N._Z
GBR,United Kingdom,M,N,CPI,IX,_T,N,_Z,2021-05,111.0,2015.0,GBR.M.N.CPI.IX._T.N._Z
GBR,United Kingdom,M,N,CPI,IX,_T,N,_Z,2021-06,111.4,2015.0,GBR.M.N.CPI.IX._T.N._Z
GBR,United Kingdom,M,N,CPI,IX,_T,N,_Z,2021-07,111.4,2015.0,GBR.M.N.CPI.IX._T.N._Z
GBR,United Kingdom,M,N,CPI,IX,_T,N,_Z,2021-08,112.1,2015.0,GBR.M.N.CPI.IX._T.N._Z
GBR,United Kingdom,M,N,CPI,IX,_T,N,_Z,2021-09,112.4,2015.0,GBR.M.N.CPI.IX._T.N._Z
GBR,United Kingdom,M,N,CPI,IX,_T,N,_Z,2021-10,113.4,2015.0,GBR.M.N.CPI.IX._T.N._Z
GBR,United Kingdom,M,N,CPI,IX,_T,N,_Z,2021-11,114.1,2015.0,GBR.M.N.CPI.IX._T.N._Z
GBR,United Kingdom,M,N,CPI,IX,_T,N,_Z,2021-12,114.7,2015.0,GBR.M.N.CPI.IX._T.N._Z
GBR,United Kingdom,M,N,CPI,IX,_T,N,_Z,2022-01,114.6,2015.0,GBR.M.N.CPI.IX._T.N._Z
GBR,United Kingdom,M,N,CPI,IX,_T,N,_Z,2022-02,115.4,2015.0,GBR.M.N.CPI.IX._T.N._Z
GBR,United Kingdom,M,N,CPI,IX,_T,N,_Z,2022-03,116.5,2015.0,GBR.M.N.CPI.IX._T.N._Z
GBR,United Kingdom,M,N,CPI,IX,_T,N,_Z,2022-04,119.0,2015.0,GBR.M.N.CPI.IX._T.N._Z
GBR,United Kingdom,M,N,CPI,IX,_T,N,_Z,2022-05,119.7,2015.0,GBR.M.N.CPI.IX._T.N._Z
GBR,United Kingdom,M,N,CPI,IX,_T,N,_Z,2022-06,120.5,2015.0,GBR.M.N.CPI.IX._T.N._Z
GBR,United Kingdom,M,N,CPI,IX,_T,N,_Z,2022-07,121.2,2015.0,GBR.M.N.CPI.IX._T.N._Z
GBR,United Kingdom,M,N,CPI,IX,_T,N,_Z,2022-08,121.8,2015.0,GBR.M.N.CPI.IX._T.N._Z
GBR,United Kingdom,M,N,CPI,IX,_T,N,_Z,2022-09,122.3,2015.0,GBR.M.N.CPI.IX._T.N._Z
GBR,United Kingdom,M,N,CPI,IX,_T,N,_Z,2022-10,124.3,2015.0,GBR.M.N.CPI.IX._T.N._Z
GBR,United Kingdom,M,N,CPI,IX,_T,N,_Z,2022-11,124.8,2015.0,GBR.M.N.CPI.IX._T.N._Z
GBR,United Kingdom,M,N,CPI,IX,_T,N,_Z,2022-12,125.3,2015.0,GBR.M.N.CPI.IX._T.N._Z
GBR,United Kingdom,M,N,CPI,IX,_T,N,_Z,2023-01,124.8,2015.0,GBR.M.N.CPI.IX._T.N._Z
GBR,United Kingdom,M,N,CPI,IX,_T,N,_Z,2023-02,126.0,2015.0,GBR.M.N.CPI.IX._T.N._Z
GBR,United Kingdom,M,N,CPI,IX,_T,N,_Z,2023-03,126.8,2015.0,GBR.M.N.CPI.IX._T.N._Z
GBR,United Kingdom,M,N,CPI,IX,_T,N,_Z,2023-04,128.3,2015.0,GBR.M.N.CPI.IX._T.N._Z
GBR,United Kingdom,M,N,CPI,IX,_T,N,_Z,2023-05,129.1,2015.0,GBR.M.N.CPI.IX._T.N._Z
GBR,United Kingdom,M,N,CPI,IX,_T,N,_Z,2023-06,129.4,2015.0,GBR.M.N.CPI.IX._T.N._Z
GBR,United Kingdom,M,N,CPI,IX,_T,N,_Z,2023-07,129.0,2015.0,GBR.M.N.CPI.IX._T.N._Z
GBR,United Kingdom,M,N,CPI,IX,_T,N,_Z,2023-08,129.4,2015.0,GBR.M.N.CPI.IX._T.N._Z
GBR,United Kingdom,M,N,CPI,IX,_T,N,_Z,2023-09,130.1,2015.0,GBR.M.N.CPI.IX._T.N._Z
GBR,United Kingdom,M,N,CPI,IX,_T,N,_Z,2023-10,130.2,2015.0,GBR.M.N.CPI.IX._T.N._Z
GBR,United Kingdom,M,N,CPI,IX,_T,N,_Z,2023-11,130.0,2015.0,GBR.M.N.CPI.IX._T.N._Z
GBR,United Kingdom,M,N,CPI,IX,_T,N,_Z,2023-12,130.5,2015.0,GBR.M.N.CPI.IX._T.N._Z
GBR,United Kingdom,M,N,CPI,IX,_T,N,_Z,2024-01,130.0,2015.0,GBR.M.N.CPI.IX._T.N._Z
GBR,United Kingdom,M,N,CPI,IX,_T,N,_Z,2024-02,130.8,2015.0,GBR.M.N.CPI.IX._T.N._Z
GBR,United Kingdom,M,N,CPI,IX,_T,N,_Z,2024-03,131.6,2015.0,GBR.M.N.CPI.IX._T.N._Z
GBR,United Kingdom,M,N,CPI,IX,_T,N,_Z,2024-04,132.2,2015.0,GBR.M.N.CPI.IX._T.N._Z
GBR,United Kingdom,M,N,CPI,IX,_T,N,_Z,2024-05,132.7,2015.0,GBR.M.N.CPI.IX._T.N._Z
GBR,United Kingdom,M,N,CPI,IX,_T,N,_Z,2024-06,133.0,2015.0,GBR.M.N.CPI.IX._T.N._Z
GBR,United Kingdom,M,N,CPI,IX,_T,N,_Z,2024-07,132.9,2015.0,GBR.M.N.CPI.IX._T.N._Z
GBR,United Kingdom,M,N,CPI,IX,_T,N,_Z,2024-08,133.4,2015.0,GBR.M.N.CPI.IX._T.N._Z
GBR,United Kingdom,M,N,CPI,IX,_T,N,_Z,2024-09,133.5,2015.0,GBR.M.N.CPI.IX._T.N._Z
GBR,United Kingdom,M,N,CPI,IX,_T,N,_Z,2024-10,134.3,2015.0,GBR.M.N.CPI.IX._T.N._Z
GBR,United Kingdom,M,N,CPI,IX,_T,N,_Z,2024-11,134.6,2015.0,GBR.M.N.CPI.IX._T.N._Z
GBR,United Kingdom,M,N,CPI,IX,_T,N,_Z,2024-12,135.1,2015.0,GBR.M.N.CPI.IX._T.N._Z
GBR,United Kingdom,M,N,CPI,IX,_T,N,_Z,2025-01,135.1,2015.0,GBR.M.N.CPI.IX._T.N._Z
GBR,United Kingdom,M,N,CPI,IX,_T,N,_Z,2025-02,135.6,2015.0,GBR.M.N.CPI.IX._T.N._Z
GBR,United Kingdom,M,N,CPI,IX,_T,N,_Z,2025-03,136.1,2015.0,GBR.M.N.CPI.IX._T.N._Z
GBR,United Kingdom,M,N,CPI,IX,_T,N,_Z,2025-04,137.7,2015.0,GBR.M.N.CPI.IX._T.N._Z
GBR,United Kingdom,M,N,CPI,IX,_T,N,_Z,2025-05,138.0,2015.0,GBR.M.N.CPI.IX._T.N._Z
GBR,United Kingdom,M,N,CPI,IX,_T,N,_Z,2025-06,138.4,2015.0,GBR.M.N.CPI.IX._T.N._Z
GBR,United Kingdom,M,N,CPI,IX,_T,N,_Z,2025-07,138.5,2015.0,GBR.M.N.CPI.IX._T.N._Z
GBR,United Kingdom,M,N,CPI,IX,_T,N,_Z,2025-08,138.9,2015.0,GBR.M.N.CPI.IX._T.N._Z
GBR,United Kingdom,M,N,CPI,IX,_T,N,_Z,2025-09,138.9,2015.0,GBR.M.N.CPI.IX._T.N._Z
GBR,United Kingdom,M,N,CPI,IX,_T,N,_Z,2025-10,139.5,2015.0,GBR.M.N.CPI.IX._T.N._Z
GBR,United Kingdom,M,N,CPI,IX,_T,N,_Z,2025-11,139.4,2015.0,GBR.M.N.CPI.IX._T.N._Z
GBR,United Kingdom,M,N,CPI,IX,_T,N,_Z,2025-12,139.9,2015.0,GBR.M.N.CPI.IX._T.N._Z
GBR,United Kingdom,M,N,CPI,IX,_T,N,_Z,2026-01,139.4,2015.0,GBR.M.N.CPI.IX._T.N._Z
GBR,United Kingdom,M,N,CPI,IX,_T,N,_Z,2026-02,140.0,2015.0,GBR.M.N.CPI.IX._T.N._Z
GBR,United Kingdom,M,N,CPI,IX,_T,N,_Z,2026-03,140.8,2015.0,GBR.M.N.CPI.IX._T.N._Z
GBR,United Kingdom,M,N,CPI,IX,_T,N,_Z,2026-04,141.8,2015.0,GBR.M.N.CPI.IX._T.N._Z
GBR,United Kingdom,M,N,CPI,IX,_T,N,_Z,2026-05,142.1,2015.0,GBR.M.N.CPI.IX._T.N._Z
USA,United States,M,N,CPI,IX,_T,N,_Z,2015-01,98.60348,2015.0,USA.M.N.CPI.IX._T.N._Z
USA,United States,M,N,CPI,IX,_T,N,_Z,2015-02,99.03172,2015.0,USA.M.N.CPI.IX._T.N._Z
USA,United States,M,N,CPI,IX,_T,N,_Z,2015-03,99.62112,2015.0,USA.M.N.CPI.IX._T.N._Z
USA,United States,M,N,CPI,IX,_T,N,_Z,2015-04,99.82364,2015.0,USA.M.N.CPI.IX._T.N._Z
USA,United States,M,N,CPI,IX,_T,N,_Z,2015-05,100.3325,2015.0,USA.M.N.CPI.IX._T.N._Z
USA,United States,M,N,CPI,IX,_T,N,_Z,2015-06,100.6839,2015.0,USA.M.N.CPI.IX._T.N._Z
USA,United States,M,N,CPI,IX,_T,N,_Z,2015-07,100.6907,2015.0,USA.M.N.CPI.IX._T.N._Z
USA,United States,M,N,CPI,IX,_T,N,_Z,2015-08,100.5481,2015.0,USA.M.N.CPI.IX._T.N._Z
USA,United States,M,N,CPI,IX,_T,N,_Z,2015-09,100.3915,2015.0,USA.M.N.CPI.IX._T.N._Z
USA,United States,M,N,CPI,IX,_T,N,_Z,2015-10,100.3464,2015.0,USA.M.N.CPI.IX._T.N._Z
USA,United States,M,N,CPI,IX,_T,N,_Z,2015-11,100.1346,2015.0,USA.M.N.CPI.IX._T.N._Z
USA,United States,M,N,CPI,IX,_T,N,_Z,2015-12,99.79242,2015.0,USA.M.N.CPI.IX._T.N._Z
USA,United States,M,N,CPI,IX,_T,N,_Z,2016-01,99.95739,2015.0,USA.M.N.CPI.IX._T.N._Z
USA,United States,M,N,CPI,IX,_T,N,_Z,2016-02,100.0397,2015.0,USA.M.N.CPI.IX._T.N._Z
USA,United States,M,N,CPI,IX,_T,N,_Z,2016-03,100.4704,2015.0,USA.M.N.CPI.IX._T.N._Z
USA,United States,M,N,CPI,IX,_T,N,_Z,2016-04,100.9468,2015.0,USA.M.N.CPI.IX._T.N._Z
USA,United States,M,N,CPI,IX,_T,N,_Z,2016-05,101.3552,2015.0,USA.M.N.CPI.IX._T.N._Z
USA,United States,M,N,CPI,IX,_T,N,_Z,2016-06,101.6881,2015.0,USA.M.N.CPI.IX._T.N._Z
USA,United States,M,N,CPI,IX,_T,N,_Z,2016-07,101.5235,2015.0,USA.M.N.CPI.IX._T.N._Z
USA,United States,M,N,CPI,IX,_T,N,_Z,2016-08,101.6168,2015.0,USA.M.N.CPI.IX._T.N._Z
USA,United States,M,N,CPI,IX,_T,N,_Z,2016-09,101.861,2015.0,USA.M.N.CPI.IX._T.N._Z
USA,United States,M,N,CPI,IX,_T,N,_Z,2016-10,101.988,2015.0,USA.M.N.CPI.IX._T.N._Z
USA,United States,M,N,CPI,IX,_T,N,_Z,2016-11,101.8294,2015.0,USA.M.N.CPI.IX._T.N._Z
USA,United States,M,N,CPI,IX,_T,N,_Z,2016-12,101.8627,2015.0,USA.M.N.CPI.IX._T.N._Z
USA,United States,M,N,CPI,IX,_T,N,_Z,2017-01,102.4564,2015.0,USA.M.N.CPI.IX._T.N._Z
USA,United States,M,N,CPI,IX,_T,N,_Z,2017-02,102.7787,2015.0,USA.M.N.CPI.IX._T.N._Z
USA,United States,M,N,CPI,IX,_T,N,_Z,2017-03,102.8622,2015.0,USA.M.N.CPI.IX._T.N._Z
USA,United States,M,N,CPI,IX,_T,N,_Z,2017-04,103.1673,2015.0,USA.M.N.CPI.IX._T.N._Z
USA,United States,M,N,CPI,IX,_T,N,_Z,2017-05,103.2555,2015.0,USA.M.N.CPI.IX._T.N._Z
USA,United States,M,N,CPI,IX,_T,N,_Z,2017-06,103.3491,2015.0,USA.M.N.CPI.IX._T.N._Z
USA,United States,M,N,CPI,IX,_T,N,_Z,2017-07,103.2778,2015.0,USA.M.N.CPI.IX._T.N._Z
USA,United States,M,N,CPI,IX,_T,N,_Z,2017-08,103.5871,2015.0,USA.M.N.CPI.IX._T.N._Z
USA,United States,M,N,CPI,IX,_T,N,_Z,2017-09,104.1356,2015.0,USA.M.N.CPI.IX._T.N._Z
USA,United States,M,N,CPI,IX,_T,N,_Z,2017-10,104.0697,2015.0,USA.M.N.CPI.IX._T.N._Z
USA,United States,M,N,CPI,IX,_T,N,_Z,2017-11,104.0723,2015.0,USA.M.N.CPI.IX._T.N._Z
USA,United States,M,N,CPI,IX,_T,N,_Z,2017-12,104.0111,2015.0,USA.M.N.CPI.IX._T.N._Z
USA,United States,M,N,CPI,IX,_T,N,_Z,2018-01,104.5777,2015.0,USA.M.N.CPI.IX._T.N._Z
USA,United States,M,N,CPI,IX,_T,N,_Z,2018-02,105.052,2015.0,USA.M.N.CPI.IX._T.N._Z
USA,United States,M,N,CPI,IX,_T,N,_Z,2018-03,105.2895,2015.0,USA.M.N.CPI.IX._T.N._Z
USA,United States,M,N,CPI,IX,_T,N,_Z,2018-04,105.708,2015.0,USA.M.N.CPI.IX._T.N._Z
USA,United States,M,N,CPI,IX,_T,N,_Z,2018-05,106.1477,2015.0,USA.M.N.CPI.IX._T.N._Z
USA,United States,M,N,CPI,IX,_T,N,_Z,2018-06,106.3168,2015.0,USA.M.N.CPI.IX._T.N._Z
USA,United States,M,N,CPI,IX,_T,N,_Z,2018-07,106.324,2015.0,USA.M.N.CPI.IX._T.N._Z
USA,United States,M,N,CPI,IX,_T,N,_Z,2018-08,106.3831,2015.0,USA.M.N.CPI.IX._T.N._Z
USA,United States,M,N,CPI,IX,_T,N,_Z,2018-09,106.5067,2015.0,USA.M.N.CPI.IX._T.N._Z
USA,United States,M,N,CPI,IX,_T,N,_Z,2018-10,106.6949,2015.0,USA.M.N.CPI.IX._T.N._Z
USA,United States,M,N,CPI,IX,_T,N,_Z,2018-11,106.3375,2015.0,USA.M.N.CPI.IX._T.N._Z
USA,United States,M,N,CPI,IX,_T,N,_Z,2018-12,105.9979,2015.0,USA.M.N.CPI.IX._T.N._Z
USA,United States,M,N,CPI,IX,_T,N,_Z,2019-01,106.2,2015.0,USA.M.N.CPI.IX._T.N._Z
USA,United States,M,N,CPI,IX,_T,N,_Z,2019-02,106.6489,2015.0,USA.M.N.CPI.IX._T.N._Z
USA,United States,M,N,CPI,IX,_T,N,_Z,2019-03,107.2505,2015.0,USA.M.N.CPI.IX._T.N._Z
USA,United States,M,N,CPI,IX,_T,N,_Z,2019-04,107.8184,2015.0,USA.M.N.CPI.IX._T.N._Z
USA,United States,M,N,CPI,IX,_T,N,_Z,2019-05,108.0479,2015.0,USA.M.N.CPI.IX._T.N._Z
USA,United States,M,N,CPI,IX,_T,N,_Z,2019-06,108.0695,2015.0,USA.M.N.CPI.IX._T.N._Z
USA,United States,M,N,CPI,IX,_T,N,_Z,2019-07,108.25,2015.0,USA.M.N.CPI.IX._T.N._Z
USA,United States,M,N,CPI,IX,_T,N,_Z,2019-08,108.2446,2015.0,USA.M.N.CPI.IX._T.N._Z
USA,United States,M,N,CPI,IX,_T,N,_Z,2019-09,108.3294,2015.0,USA.M.N.CPI.IX._T.N._Z
USA,United States,M,N,CPI,IX,_T,N,_Z,2019-10,108.577,2015.0,USA.M.N.CPI.IX._T.N._Z
USA,United States,M,N,CPI,IX,_T,N,_Z,2019-11,108.5188,2015.0,USA.M.N.CPI.IX._T.N._Z
USA,United States,M,N,CPI,IX,_T,N,_Z,2019-12,108.4201,2015.0,USA.M.N.CPI.IX._T.N._Z
USA,United States,M,N,CPI,IX,_T,N,_Z,2020-01,108.8407,2015.0,USA.M.N.CPI.IX._T.N._Z
USA,United States,M,N,CPI,IX,_T,N,_Z,2020-02,109.139,2015.0,USA.M.N.CPI.IX._T.N._Z
USA,United States,M,N,CPI,IX,_T,N,_Z,2020-03,108.9015,2015.0,USA.M.N.CPI.IX._T.N._Z
USA,United States,M,N,CPI,IX,_T,N,_Z,2020-04,108.1733,2015.0,USA.M.N.CPI.IX._T.N._Z
USA,United States,M,N,CPI,IX,_T,N,_Z,2020-05,108.1754,2015.0,USA.M.N.CPI.IX._T.N._Z
USA,United States,M,N,CPI,IX,_T,N,_Z,2020-06,108.7673,2015.0,USA.M.N.CPI.IX._T.N._Z
USA,United States,M,N,CPI,IX,_T,N,_Z,2020-07,109.3175,2015.0,USA.M.N.CPI.IX._T.N._Z
USA,United States,M,N,CPI,IX,_T,N,_Z,2020-08,109.6622,2015.0,USA.M.N.CPI.IX._T.N._Z
USA,United States,M,N,CPI,IX,_T,N,_Z,2020-09,109.8149,2015.0,USA.M.N.CPI.IX._T.N._Z
USA,United States,M,N,CPI,IX,_T,N,_Z,2020-10,109.8605,2015.0,USA.M.N.CPI.IX._T.N._Z
USA,United States,M,N,CPI,IX,_T,N,_Z,2020-11,109.7934,2015.0,USA.M.N.CPI.IX._T.N._Z
USA,United States,M,N,CPI,IX,_T,N,_Z,2020-12,109.8968,2015.0,USA.M.N.CPI.IX._T.N._Z
USA,United States,M,N,CPI,IX,_T,N,_Z,2021-01,110.3642,2015.0,USA.M.N.CPI.IX._T.N._Z
USA,United States,M,N,CPI,IX,_T,N,_Z,2021-02,110.9684,2015.0,USA.M.N.CPI.IX._T.N._Z
USA,United States,M,N,CPI,IX,_T,N,_Z,2021-03,111.7544,2015.0,USA.M.N.CPI.IX._T.N._Z
USA,United States,M,N,CPI,IX,_T,N,_Z,2021-04,112.6729,2015.0,USA.M.N.CPI.IX._T.N._Z
USA,United States,M,N,CPI,IX,_T,N,_Z,2021-05,113.5762,2015.0,USA.M.N.CPI.IX._T.N._Z
USA,United States,M,N,CPI,IX,_T,N,_Z,2021-06,114.6314,2015.0,USA.M.N.CPI.IX._T.N._Z
USA,United States,M,N,CPI,IX,_T,N,_Z,2021-07,115.1829,2015.0,USA.M.N.CPI.IX._T.N._Z
USA,United States,M,N,CPI,IX,_T,N,_Z,2021-08,115.4208,2015.0,USA.M.N.CPI.IX._T.N._Z
USA,United States,M,N,CPI,IX,_T,N,_Z,2021-09,115.7343,2015.0,USA.M.N.CPI.IX._T.N._Z
USA,United States,M,N,CPI,IX,_T,N,_Z,2021-10,116.6958,2015.0,USA.M.N.CPI.IX._T.N._Z
USA,United States,M,N,CPI,IX,_T,N,_Z,2021-11,117.2692,2015.0,USA.M.N.CPI.IX._T.N._Z
USA,United States,M,N,CPI,IX,_T,N,_Z,2021-12,117.6295,2015.0,USA.M.N.CPI.IX._T.N._Z
USA,United States,M,N,CPI,IX,_T,N,_Z,2022-01,118.6193,2015.0,USA.M.N.CPI.IX._T.N._Z
USA,United States,M,N,CPI,IX,_T,N,_Z,2022-02,119.7028,2015.0,USA.M.N.CPI.IX._T.N._Z
USA,United States,M,N,CPI,IX,_T,N,_Z,2022-03,121.301,2015.0,USA.M.N.CPI.IX._T.N._Z
USA,United States,M,N,CPI,IX,_T,N,_Z,2022-04,121.9782,2015.0,USA.M.N.CPI.IX._T.N._Z
USA,United States,M,N,CPI,IX,_T,N,_Z,2022-05,123.3228,2015.0,USA.M.N.CPI.IX._T.N._Z
USA,United States,M,N,CPI,IX,_T,N,_Z,2022-06,125.0168,2015.0,USA.M.N.CPI.IX._T.N._Z
USA,United States,M,N,CPI,IX,_T,N,_Z,2022-07,125.002,2015.0,USA.M.N.CPI.IX._T.N._Z
USA,United States,M,N,CPI,IX,_T,N,_Z,2022-08,124.9577,2015.0,USA.M.N.CPI.IX._T.N._Z
USA,United States,M,N,CPI,IX,_T,N,_Z,2022-09,125.2265,2015.0,USA.M.N.CPI.IX._T.N._Z
USA,United States,M,N,CPI,IX,_T,N,_Z,2022-10,125.7344,2015.0,USA.M.N.CPI.IX._T.N._Z
USA,United States,M,N,CPI,IX,_T,N,_Z,2022-11,125.6074,2015.0,USA.M.N.CPI.IX._T.N._Z
USA,United States,M,N,CPI,IX,_T,N,_Z,2022-12,125.2218,2015.0,USA.M.N.CPI.IX._T.N._Z
USA,United States,M,N,CPI,IX,_T,N,_Z,2023-01,126.223,2015.0,USA.M.N.CPI.IX._T.N._Z
USA,United States,M,N,CPI,IX,_T,N,_Z,2023-02,126.9276,2015.0,USA.M.N.CPI.IX._T.N._Z
USA,United States,M,N,CPI,IX,_T,N,_Z,2023-03,127.3478,2015.0,USA.M.N.CPI.IX._T.N._Z
USA,United States,M,N,CPI,IX,_T,N,_Z,2023-04,127.9921,2015.0,USA.M.N.CPI.IX._T.N._Z
USA,United States,M,N,CPI,IX,_T,N,_Z,2023-05,128.3144,2015.0,USA.M.N.CPI.IX._T.N._Z
USA,United States,M,N,CPI,IX,_T,N,_Z,2023-06,128.7287,2015.0,USA.M.N.CPI.IX._T.N._Z
USA,United States,M,N,CPI,IX,_T,N,_Z,2023-07,128.9743,2015.0,USA.M.N.CPI.IX._T.N._Z
USA,United States,M,N,CPI,IX,_T,N,_Z,2023-08,129.5375,2015.0,USA.M.N.CPI.IX._T.N._Z
USA,United States,M,N,CPI,IX,_T,N,_Z,2023-09,129.8595,2015.0,USA.M.N.CPI.IX._T.N._Z
USA,United States,M,N,CPI,IX,_T,N,_Z,2023-10,129.8097,2015.0,USA.M.N.CPI.IX._T.N._Z
USA,United States,M,N,CPI,IX,_T,N,_Z,2023-11,129.5481,2015.0,USA.M.N.CPI.IX._T.N._Z
USA,United States,M,N,CPI,IX,_T,N,_Z,2023-12,129.4194,2015.0,USA.M.N.CPI.IX._T.N._Z
USA,United States,M,N,CPI,IX,_T,N,_Z,2024-01,130.1244,2015.0,USA.M.N.CPI.IX._T.N._Z
USA,United States,M,N,CPI,IX,_T,N,_Z,2024-02,130.9299,2015.0,USA.M.N.CPI.IX._T.N._Z
USA,United States,M,N,CPI,IX,_T,N,_Z,2024-03,131.7762,2015.0,USA.M.N.CPI.IX._T.N._Z
USA,United States,M,N,CPI,IX,_T,N,_Z,2024-04,132.2892,2015.0,USA.M.N.CPI.IX._T.N._Z
USA,United States,M,N,CPI,IX,_T,N,_Z,2024-05,132.5091,2015.0,USA.M.N.CPI.IX._T.N._Z
USA,United States,M,N,CPI,IX,_T,N,_Z,2024-06,132.5538,2015.0,USA.M.N.CPI.IX._T.N._Z
USA,United States,M,N,CPI,IX,_T,N,_Z,2024-07,132.7078,2015.0,USA.M.N.CPI.IX._T.N._Z
USA,United States,M,N,CPI,IX,_T,N,_Z,2024-08,132.8158,2015.0,USA.M.N.CPI.IX._T.N._Z
USA,United States,M,N,CPI,IX,_T,N,_Z,2024-09,133.0289,2015.0,USA.M.N.CPI.IX._T.N._Z
USA,United States,M,N,CPI,IX,_T,N,_Z,2024-10,133.182,2015.0,USA.M.N.CPI.IX._T.N._Z
USA,United States,M,N,CPI,IX,_T,N,_Z,2024-11,133.1099,2015.0,USA.M.N.CPI.IX._T.N._Z
USA,United States,M,N,CPI,IX,_T,N,_Z,2024-12,133.1571,2015.0,USA.M.N.CPI.IX._T.N._Z
USA,United States,M,N,CPI,IX,_T,N,_Z,2025-01,134.0288,2015.0,USA.M.N.CPI.IX._T.N._Z
USA,United States,M,N,CPI,IX,_T,N,_Z,2025-02,134.6241,2015.0,USA.M.N.CPI.IX._T.N._Z
USA,United States,M,N,CPI,IX,_T,N,_Z,2025-03,134.9266,2015.0,USA.M.N.CPI.IX._T.N._Z
USA,United States,M,N,CPI,IX,_T,N,_Z,2025-04,135.3468,2015.0,USA.M.N.CPI.IX._T.N._Z
USA,United States,M,N,CPI,IX,_T,N,_Z,2025-05,135.6295,2015.0,USA.M.N.CPI.IX._T.N._Z
USA,United States,M,N,CPI,IX,_T,N,_Z,2025-06,136.0919,2015.0,USA.M.N.CPI.IX._T.N._Z
USA,United States,M,N,CPI,IX,_T,N,_Z,2025-07,136.2974,2015.0,USA.M.N.CPI.IX._T.N._Z
USA,United States,M,N,CPI,IX,_T,N,_Z,2025-08,136.6889,2015.0,USA.M.N.CPI.IX._T.N._Z
USA,United States,M,N,CPI,IX,_T,N,_Z,2025-09,137.0366,2015.0,USA.M.N.CPI.IX._T.N._Z
USA,United States,M,N,CPI,IX,_T,N,_Z,2025-11,136.7505,2015.0,USA.M.N.CPI.IX._T.N._Z
USA,United States,M,N,CPI,IX,_T,N,_Z,2025-12,136.7218,2015.0,USA.M.N.CPI.IX._T.N._Z
USA,United States,M,N,CPI,IX,_T,N,_Z,2026-01,137.2273,2015.0,USA.M.N.CPI.IX._T.N._Z
USA,United States,M,N,CPI,IX,_T,N,_Z,2026-02,137.8741,2015.0,USA.M.N.CPI.IX._T.N._Z
USA,United States,M,N,CPI,IX,_T,N,_Z,2026-03,139.3204,2015.0,USA.M.N.CPI.IX._T.N._Z
USA,United States,M,N,CPI,IX,_T,N,_Z,2026-04,140.5047,2015.0,USA.M.N.CPI.IX._T.N._Z
USA,United States,M,N,CPI,IX,_T,N,_Z,2026-05,141.392,2015.0,USA.M.N.CPI.IX._T.N._Z
G7,G7,M,N,CPI,IX,_T,N,_Z,2015-01,98.80928,2015.0,G7.M.N.CPI.IX._T.N._Z
G7,G7,M,N,CPI,IX,_T,N,_Z,2015-02,99.19873,2015.0,G7.M.N.CPI.IX._T.N._Z
G7,G7,M,N,CPI,IX,_T,N,_Z,2015-03,99.69601,2015.0,G7.M.N.CPI.IX._T.N._Z
G7,G7,M,N,CPI,IX,_T,N,_Z,2015-04,99.94644,2015.0,G7.M.N.CPI.IX._T.N._Z
G7,G7,M,N,CPI,IX,_T,N,_Z,2015-05,100.3319,2015.0,G7.M.N.CPI.IX._T.N._Z
G7,G7,M,N,CPI,IX,_T,N,_Z,2015-06,100.5129,2015.0,G7.M.N.CPI.IX._T.N._Z
G7,G7,M,N,CPI,IX,_T,N,_Z,2015-07,100.4847,2015.0,G7.M.N.CPI.IX._T.N._Z
G7,G7,M,N,CPI,IX,_T,N,_Z,2015-08,100.4719,2015.0,G7.M.N.CPI.IX._T.N._Z
G7,G7,M,N,CPI,IX,_T,N,_Z,2015-09,100.3223,2015.0,G7.M.N.CPI.IX._T.N._Z
G7,G7,M,N,CPI,IX,_T,N,_Z,2015-10,100.3207,2015.0,G7.M.N.CPI.IX._T.N._Z
G7,G7,M,N,CPI,IX,_T,N,_Z,2015-11,100.0465,2015.0,G7.M.N.CPI.IX._T.N._Z
G7,G7,M,N,CPI,IX,_T,N,_Z,2015-12,99.85866,2015.0,G7.M.N.CPI.IX._T.N._Z
G7,G7,M,N,CPI,IX,_T,N,_Z,2016-01,99.74844,2015.0,G7.M.N.CPI.IX._T.N._Z
G7,G7,M,N,CPI,IX,_T,N,_Z,2016-02,99.8635,2015.0,G7.M.N.CPI.IX._T.N._Z
G7,G7,M,N,CPI,IX,_T,N,_Z,2016-03,100.281,2015.0,G7.M.N.CPI.IX._T.N._Z
G7,G7,M,N,CPI,IX,_T,N,_Z,2016-04,100.6092,2015.0,G7.M.N.CPI.IX._T.N._Z
G7,G7,M,N,CPI,IX,_T,N,_Z,2016-05,100.954,2015.0,G7.M.N.CPI.IX._T.N._Z
G7,G7,M,N,CPI,IX,_T,N,_Z,2016-06,101.1716,2015.0,G7.M.N.CPI.IX._T.N._Z
G7,G7,M,N,CPI,IX,_T,N,_Z,2016-07,101.0618,2015.0,G7.M.N.CPI.IX._T.N._Z
GBR,United Kingdom,M,N,CPI,IX,_T,N,_Z,2026-07,142.7,2015.0,GBR.M.N.CPI.IX._T.N._Z
GBR,United Kingdom,M,N,CPI,IX,_T,N,_Z,2026-06,142.3,2015.0,GBR.M.N.CPI.IX._T.N._Z
USA,United States,M,N,CPI,IX,_T,N,_Z,2026-06,140.8979,2015.0,USA.M.N.CPI.IX._T.N._Z
USA,United States,M,N,CPI,IX,_T,N,_Z,2026-07,140.8836,2015.0,USA.M.N.CPI.IX._T.N._Z
KOR,Korea,M,N,CPI,IX,_T,N,_Z,2015-01,99.77028,2015.0,KOR.M.N.CPI.IX._T.N._Z
KOR,Korea,M,N,CPI,IX,_T,N,_Z,2015-02,99.71124,2015.0,KOR.M.N.CPI.IX._T.N._Z
KOR,Korea,M,N,CPI,IX,_T,N,_Z,2015-03,99.72073,2015.0,KOR.M.N.CPI.IX._T.N._Z
KOR,Korea,M,N,CPI,IX,_T,N,_Z,2015-04,99.7513,2015.0,KOR.M.N.CPI.IX._T.N._Z
KOR,Korea,M,N,CPI,IX,_T,N,_Z,2015-05,100.0307,2015.0,KOR.M.N.CPI.IX._T.N._Z
KOR,Korea,M,N,CPI,IX,_T,N,_Z,2015-06,100.0507,2015.0,KOR.M.N.CPI.IX._T.N._Z
KOR,Korea,M,N,CPI,IX,_T,N,_Z,2015-07,100.2309,2015.0,KOR.M.N.CPI.IX._T.N._Z
KOR,Korea,M,N,CPI,IX,_T,N,_Z,2015-08,100.3712,2015.0,KOR.M.N.CPI.IX._T.N._Z
KOR,Korea,M,N,CPI,IX,_T,N,_Z,2015-09,100.1108,2015.0,KOR.M.N.CPI.IX._T.N._Z
KOR,Korea,M,N,CPI,IX,_T,N,_Z,2015-10,100.1108,2015.0,KOR.M.N.CPI.IX._T.N._Z
KOR,Korea,M,N,CPI,IX,_T,N,_Z,2015-11,99.92103,2015.0,KOR.M.N.CPI.IX._T.N._Z
KOR,Korea,M,N,CPI,IX,_T,N,_Z,2015-12,100.2204,2015.0,KOR.M.N.CPI.IX._T.N._Z
KOR,Korea,M,N,CPI,IX,_T,N,_Z,2016-01,100.3912,2015.0,KOR.M.N.CPI.IX._T.N._Z
KOR,Korea,M,N,CPI,IX,_T,N,_Z,2016-02,100.8213,2015.0,KOR.M.N.CPI.IX._T.N._Z
KOR,Korea,M,N,CPI,IX,_T,N,_Z,2016-03,100.5609,2015.0,KOR.M.N.CPI.IX._T.N._Z
KOR,Korea,M,N,CPI,IX,_T,N,_Z,2016-04,100.7507,2015.0,KOR.M.N.CPI.IX._T.N._Z
KOR,Korea,M,N,CPI,IX,_T,N,_Z,2016-05,100.8107,2015.0,KOR.M.N.CPI.IX._T.N._Z
KOR,Korea,M,N,CPI,IX,_T,N,_Z,2016-06,100.7907,2015.0,KOR.M.N.CPI.IX._T.N._Z
KOR,Korea,M,N,CPI,IX,_T,N,_Z,2016-07,100.601,2015.0,KOR.M.N.CPI.IX._T.N._Z
KOR,Korea,M,N,CPI,IX,_T,N,_Z,2016-08,100.8603,2015.0,KOR.M.N.CPI.IX._T.N._Z
KOR,Korea,M,N,CPI,IX,_T,N,_Z,2016-09,101.4612,2015.0,KOR.M.N.CPI.IX._T.N._Z
KOR,Korea,M,N,CPI,IX,_T,N,_Z,2016-10,101.6003,2015.0,KOR.M.N.CPI.IX._T.N._Z
KOR,Korea,M,N,CPI,IX,_T,N,_Z,2016-11,101.4506,2015.0,KOR.M.N.CPI.IX._T.N._Z
KOR,Korea,M,N,CPI,IX,_T,N,_Z,2016-12,101.5613,2015.0,KOR.M.N.CPI.IX._T.N._Z
KOR,Korea,M,N,CPI,IX,_T,N,_Z,2017-01,102.6408,2015.0,KOR.M.N.CPI.IX._T.N._Z
KOR,Korea,M,N,CPI,IX,_T,N,_Z,2017-02,102.9212,2015.0,KOR.M.N.CPI.IX._T.N._Z
KOR,Korea,M,N,CPI,IX,_T,N,_Z,2017-03,102.8506,2015.0,KOR.M.N.CPI.IX._T.N._Z
KOR,Korea,M,N,CPI,IX,_T,N,_Z,2017-04,102.7209,2015.0,KOR.M.N.CPI.IX._T.N._Z
KOR,Korea,M,N,CPI,IX,_T,N,_Z,2017-05,102.8306,2015.0,KOR.M.N.CPI.IX._T.N._Z
KOR,Korea,M,N,CPI,IX,_T,N,_Z,2017-06,102.6113,2015.0,KOR.M.N.CPI.IX._T.N._Z
KOR,Korea,M,N,CPI,IX,_T,N,_Z,2017-07,102.781,2015.0,KOR.M.N.CPI.IX._T.N._Z
KOR,Korea,M,N,CPI,IX,_T,N,_Z,2017-08,103.3703,2015.0,KOR.M.N.CPI.IX._T.N._Z
KOR,Korea,M,N,CPI,IX,_T,N,_Z,2017-09,103.4905,2015.0,KOR.M.N.CPI.IX._T.N._Z
KOR,Korea,M,N,CPI,IX,_T,N,_Z,2017-10,103.3903,2015.0,KOR.M.N.CPI.IX._T.N._Z
KOR,Korea,M,N,CPI,IX,_T,N,_Z,2017-11,102.6208,2015.0,KOR.M.N.CPI.IX._T.N._Z
KOR,Korea,M,N,CPI,IX,_T,N,_Z,2017-12,102.9908,2015.0,KOR.M.N.CPI.IX._T.N._Z
KOR,Korea,M,N,CPI,IX,_T,N,_Z,2018-01,103.4209,2015.0,KOR.M.N.CPI.IX._T.N._Z
KOR,Korea,M,N,CPI,IX,_T,N,_Z,2018-02,104.2105,2015.0,KOR.M.N.CPI.IX._T.N._Z
KOR,Korea,M,N,CPI,IX,_T,N,_Z,2018-03,104.1008,2015.0,KOR.M.N.CPI.IX._T.N._Z
KOR,Korea,M,N,CPI,IX,_T,N,_Z,2018-04,104.2906,2015.0,KOR.M.N.CPI.IX._T.N._Z
KOR,Korea,M,N,CPI,IX,_T,N,_Z,2018-05,104.3412,2015.0,KOR.M.N.CPI.IX._T.N._Z
KOR,Korea,M,N,CPI,IX,_T,N,_Z,2018-06,104.1303,2015.0,KOR.M.N.CPI.IX._T.N._Z
KOR,Korea,M,N,CPI,IX,_T,N,_Z,2018-07,103.9311,2015.0,KOR.M.N.CPI.IX._T.N._Z
KOR,Korea,M,N,CPI,IX,_T,N,_Z,2018-08,104.8503,2015.0,KOR.M.N.CPI.IX._T.N._Z
KOR,Korea,M,N,CPI,IX,_T,N,_Z,2018-09,105.6505,2015.0,KOR.M.N.CPI.IX._T.N._Z
KOR,Korea,M,N,CPI,IX,_T,N,_Z,2018-10,105.4607,2015.0,KOR.M.N.CPI.IX._T.N._Z
KOR,Korea,M,N,CPI,IX,_T,N,_Z,2018-11,104.7112,2015.0,KOR.M.N.CPI.IX._T.N._Z
KOR,Korea,M,N,CPI,IX,_T,N,_Z,2018-12,104.3507,2015.0,KOR.M.N.CPI.IX._T.N._Z
KOR,Korea,M,N,CPI,IX,_T,N,_Z,2019-01,104.241,2015.0,KOR.M.N.CPI.IX._T.N._Z
KOR,Korea,M,N,CPI,IX,_T,N,_Z,2019-02,104.6912,2015.0,KOR.M.N.CPI.IX._T.N._Z
KOR,Korea,M,N,CPI,IX,_T,N,_Z,2019-03,104.4909,2015.0,KOR.M.N.CPI.IX._T.N._Z
KOR,Korea,M,N,CPI,IX,_T,N,_Z,2019-04,104.8704,2015.0,KOR.M.N.CPI.IX._T.N._Z
KOR,Korea,M,N,CPI,IX,_T,N,_Z,2019-05,105.0506,2015.0,KOR.M.N.CPI.IX._T.N._Z
KOR,Korea,M,N,CPI,IX,_T,N,_Z,2019-06,104.8809,2015.0,KOR.M.N.CPI.IX._T.N._Z
KOR,Korea,M,N,CPI,IX,_T,N,_Z,2019-07,104.5604,2015.0,KOR.M.N.CPI.IX._T.N._Z
KOR,Korea,M,N,CPI,IX,_T,N,_Z,2019-08,104.8113,2015.0,KOR.M.N.CPI.IX._T.N._Z
KOR,Korea,M,N,CPI,IX,_T,N,_Z,2019-09,105.2003,2015.0,KOR.M.N.CPI.IX._T.N._Z
KOR,Korea,M,N,CPI,IX,_T,N,_Z,2019-10,105.4607,2015.0,KOR.M.N.CPI.IX._T.N._Z
KOR,Korea,M,N,CPI,IX,_T,N,_Z,2019-11,104.8704,2015.0,KOR.M.N.CPI.IX._T.N._Z
KOR,Korea,M,N,CPI,IX,_T,N,_Z,2019-12,105.1213,2015.0,KOR.M.N.CPI.IX._T.N._Z
KOR,Korea,M,N,CPI,IX,_T,N,_Z,2020-01,105.5124,2015.0,KOR.M.N.CPI.IX._T.N._Z
KOR,Korea,M,N,CPI,IX,_T,N,_Z,2020-02,105.5862,2015.0,KOR.M.N.CPI.IX._T.N._Z
KOR,Korea,M,N,CPI,IX,_T,N,_Z,2020-03,105.3542,2015.0,KOR.M.N.CPI.IX._T.N._Z
KOR,Korea,M,N,CPI,IX,_T,N,_Z,2020-04,104.8904,2015.0,KOR.M.N.CPI.IX._T.N._Z
KOR,Korea,M,N,CPI,IX,_T,N,_Z,2020-05,104.8272,2015.0,KOR.M.N.CPI.IX._T.N._Z
KOR,Korea,M,N,CPI,IX,_T,N,_Z,2020-06,105.1118,2015.0,KOR.M.N.CPI.IX._T.N._Z
KOR,Korea,M,N,CPI,IX,_T,N,_Z,2020-07,105.0275,2015.0,KOR.M.N.CPI.IX._T.N._Z
KOR,Korea,M,N,CPI,IX,_T,N,_Z,2020-08,105.6178,2015.0,KOR.M.N.CPI.IX._T.N._Z
KOR,Korea,M,N,CPI,IX,_T,N,_Z,2020-09,106.1976,2015.0,KOR.M.N.CPI.IX._T.N._Z
KOR,Korea,M,N,CPI,IX,_T,N,_Z,2020-10,105.6072,2015.0,KOR.M.N.CPI.IX._T.N._Z
KOR,Korea,M,N,CPI,IX,_T,N,_Z,2020-11,105.5124,2015.0,KOR.M.N.CPI.IX._T.N._Z
KOR,Korea,M,N,CPI,IX,_T,N,_Z,2020-12,105.7654,2015.0,KOR.M.N.CPI.IX._T.N._Z
KOR,Korea,M,N,CPI,IX,_T,N,_Z,2021-01,106.5138,2015.0,KOR.M.N.CPI.IX._T.N._Z
KOR,Korea,M,N,CPI,IX,_T,N,_Z,2021-02,107.0831,2015.0,KOR.M.N.CPI.IX._T.N._Z
KOR,Korea,M,N,CPI,IX,_T,N,_Z,2021-03,107.3572,2015.0,KOR.M.N.CPI.IX._T.N._Z
KOR,Korea,M,N,CPI,IX,_T,N,_Z,2021-04,107.5048,2015.0,KOR.M.N.CPI.IX._T.N._Z
KOR,Korea,M,N,CPI,IX,_T,N,_Z,2021-05,107.5786,2015.0,KOR.M.N.CPI.IX._T.N._Z
KOR,Korea,M,N,CPI,IX,_T,N,_Z,2021-06,107.5786,2015.0,KOR.M.N.CPI.IX._T.N._Z
KOR,Korea,M,N,CPI,IX,_T,N,_Z,2021-07,107.7999,2015.0,KOR.M.N.CPI.IX._T.N._Z
KOR,Korea,M,N,CPI,IX,_T,N,_Z,2021-08,108.3165,2015.0,KOR.M.N.CPI.IX._T.N._Z
KOR,Korea,M,N,CPI,IX,_T,N,_Z,2021-09,108.7592,2015.0,KOR.M.N.CPI.IX._T.N._Z
KOR,Korea,M,N,CPI,IX,_T,N,_Z,2021-10,108.949,2015.0,KOR.M.N.CPI.IX._T.N._Z
KOR,Korea,M,N,CPI,IX,_T,N,_Z,2021-11,109.4971,2015.0,KOR.M.N.CPI.IX._T.N._Z
KOR,Korea,M,N,CPI,IX,_T,N,_Z,2021-12,109.6764,2015.0,KOR.M.N.CPI.IX._T.N._Z
KOR,Korea,M,N,CPI,IX,_T,N,_Z,2022-01,110.5302,2015.0,KOR.M.N.CPI.IX._T.N._Z
KOR,Korea,M,N,CPI,IX,_T,N,_Z,2022-02,111.1311,2015.0,KOR.M.N.CPI.IX._T.N._Z
KOR,Korea,M,N,CPI,IX,_T,N,_Z,2022-03,111.848,2015.0,KOR.M.N.CPI.IX._T.N._Z
KOR,Korea,M,N,CPI,IX,_T,N,_Z,2022-04,112.6175,2015.0,KOR.M.N.CPI.IX._T.N._Z
KOR,Korea,M,N,CPI,IX,_T,N,_Z,2022-05,113.3238,2015.0,KOR.M.N.CPI.IX._T.N._Z
KOR,Korea,M,N,CPI,IX,_T,N,_Z,2022-06,114.0723,2015.0,KOR.M.N.CPI.IX._T.N._Z
KOR,Korea,M,N,CPI,IX,_T,N,_Z,2022-07,114.6204,2015.0,KOR.M.N.CPI.IX._T.N._Z
KOR,Korea,M,N,CPI,IX,_T,N,_Z,2022-08,114.515,2015.0,KOR.M.N.CPI.IX._T.N._Z
KOR,Korea,M,N,CPI,IX,_T,N,_Z,2022-09,114.7153,2015.0,KOR.M.N.CPI.IX._T.N._Z
KOR,Korea,M,N,CPI,IX,_T,N,_Z,2022-10,115.0737,2015.0,KOR.M.N.CPI.IX._T.N._Z
KOR,Korea,M,N,CPI,IX,_T,N,_Z,2022-11,114.9789,2015.0,KOR.M.N.CPI.IX._T.N._Z
KOR,Korea,M,N,CPI,IX,_T,N,_Z,2022-12,115.1792,2015.0,KOR.M.N.CPI.IX._T.N._Z
KOR,Korea,M,N,CPI,IX,_T,N,_Z,2023-01,116.033,2015.0,KOR.M.N.CPI.IX._T.N._Z
KOR,Korea,M,N,CPI,IX,_T,N,_Z,2023-02,116.3071,2015.0,KOR.M.N.CPI.IX._T.N._Z
KOR,Korea,M,N,CPI,IX,_T,N,_Z,2023-03,116.5074,2015.0,KOR.M.N.CPI.IX._T.N._Z
KOR,Korea,M,N,CPI,IX,_T,N,_Z,2023-04,116.771,2015.0,KOR.M.N.CPI.IX._T.N._Z
KOR,Korea,M,N,CPI,IX,_T,N,_Z,2023-05,117.1505,2015.0,KOR.M.N.CPI.IX._T.N._Z
KOR,Korea,M,N,CPI,IX,_T,N,_Z,2023-06,117.1821,2015.0,KOR.M.N.CPI.IX._T.N._Z
KOR,Korea,M,N,CPI,IX,_T,N,_Z,2023-07,117.3191,2015.0,KOR.M.N.CPI.IX._T.N._Z
KOR,Korea,M,N,CPI,IX,_T,N,_Z,2023-08,118.3628,2015.0,KOR.M.N.CPI.IX._T.N._Z
KOR,Korea,M,N,CPI,IX,_T,N,_Z,2023-09,118.9636,2015.0,KOR.M.N.CPI.IX._T.N._Z
KOR,Korea,M,N,CPI,IX,_T,N,_Z,2023-10,119.4064,2015.0,KOR.M.N.CPI.IX._T.N._Z
KOR,Korea,M,N,CPI,IX,_T,N,_Z,2023-11,118.7844,2015.0,KOR.M.N.CPI.IX._T.N._Z
KOR,Korea,M,N,CPI,IX,_T,N,_Z,2023-12,118.8371,2015.0,KOR.M.N.CPI.IX._T.N._Z
KOR,Korea,M,N,CPI,IX,_T,N,_Z,2024-01,119.301,2015.0,KOR.M.N.CPI.IX._T.N._Z
KOR,Korea,M,N,CPI,IX,_T,N,_Z,2024-02,119.944,2015.0,KOR.M.N.CPI.IX._T.N._Z
KOR,Korea,M,N,CPI,IX,_T,N,_Z,2024-03,120.1232,2015.0,KOR.M.N.CPI.IX._T.N._Z
KOR,Korea,M,N,CPI,IX,_T,N,_Z,2024-04,120.1865,2015.0,KOR.M.N.CPI.IX._T.N._Z
KOR,Korea,M,N,CPI,IX,_T,N,_Z,2024-05,120.2814,2015.0,KOR.M.N.CPI.IX._T.N._Z
KOR,Korea,M,N,CPI,IX,_T,N,_Z,2024-06,120.0073,2015.0,KOR.M.N.CPI.IX._T.N._Z
KOR,Korea,M,N,CPI,IX,_T,N,_Z,2024-07,120.313,2015.0,KOR.M.N.CPI.IX._T.N._Z
KOR,Korea,M,N,CPI,IX,_T,N,_Z,2024-08,120.7452,2015.0,KOR.M.N.CPI.IX._T.N._Z
KOR,Korea,M,N,CPI,IX,_T,N,_Z,2024-09,120.8612,2015.0,KOR.M.N.CPI.IX._T.N._Z
KOR,Korea,M,N,CPI,IX,_T,N,_Z,2024-10,120.9033,2015.0,KOR.M.N.CPI.IX._T.N._Z
KOR,Korea,M,N,CPI,IX,_T,N,_Z,2024-11,120.5976,2015.0,KOR.M.N.CPI.IX._T.N._Z
KOR,Korea,M,N,CPI,IX,_T,N,_Z,2024-12,121.1352,2015.0,KOR.M.N.CPI.IX._T.N._Z
KOR,Korea,M,N,CPI,IX,_T,N,_Z,2025-01,121.9786,2015.0,KOR.M.N.CPI.IX._T.N._Z
KOR,Korea,M,N,CPI,IX,_T,N,_Z,2025-02,122.3686,2015.0,KOR.M.N.CPI.IX._T.N._Z
KOR,Korea,M,N,CPI,IX,_T,N,_Z,2025-03,122.59,2015.0,KOR.M.N.CPI.IX._T.N._Z
KOR,Korea,M,N,CPI,IX,_T,N,_Z,2025-04,122.6849,2015.0,KOR.M.N.CPI.IX._T.N._Z
KOR,Korea,M,N,CPI,IX,_T,N,_Z,2025-05,122.5689,2015.0,KOR.M.N.CPI.IX._T.N._Z
KOR,Korea,M,N,CPI,IX,_T,N,_Z,2025-06,122.6111,2015.0,KOR.M.N.CPI.IX._T.N._Z
KOR,Korea,M,N,CPI,IX,_T,N,_Z,2025-07,122.8325,2015.0,KOR.M.N.CPI.IX._T.N._Z
KOR,Korea,M,N,CPI,IX,_T,N,_Z,2025-08,122.7587,2015.0,KOR.M.N.CPI.IX._T.N._Z
KOR,Korea,M,N,CPI,IX,_T,N,_Z,2025-09,123.4017,2015.0,KOR.M.N.CPI.IX._T.N._Z
KOR,Korea,M,N,CPI,IX,_T,N,_Z,2025-10,123.7812,2015.0,KOR.M.N.CPI.IX._T.N._Z
KOR,Korea,M,N,CPI,IX,_T,N,_Z,2025-11,123.5493,2015.0,KOR.M.N.CPI.IX._T.N._Z
KOR,Korea,M,N,CPI,IX,_T,N,_Z,2025-12,123.9393,2015.0,KOR.M.N.CPI.IX._T.N._Z
KOR,Korea,M,N,CPI,IX,_T,N,_Z,2026-01,124.4243,2015.0,KOR.M.N.CPI.IX._T.N._Z
KOR,Korea,M,N,CPI,IX,_T,N,_Z,2026-02,124.8143,2015.0,KOR.M.N.CPI.IX._T.N._Z
KOR,Korea,M,N,CPI,IX,_T,N,_Z,2026-03,125.236,2015.0,KOR.M.N.CPI.IX._T.N._Z
KOR,Korea,M,N,CPI,IX,_T,N,_Z,2026-04,125.8369,2015.0,KOR.M.N.CPI.IX._T.N._Z
KOR,Korea,M,N,CPI,IX,_T,N,_Z,2026-05,126.4167,2015.0,KOR.M.N.CPI.IX._T.N._Z
CHN,China (People’s Republic of),M,N,CPI,IX,_T,N,_Z,2015-01,99.3,2015.0,CHN.M.N.CPI.IX._T.N._Z
CHN,China (People’s Republic of),M,N,CPI,IX,_T,N,_Z,2015-02,100.5,2015.0,CHN.M.N.CPI.IX._T.N._Z
CHN,China (People’s Republic of),M,N,CPI,IX,_T,N,_Z,2015-03,99.9,2015.0,CHN.M.N.CPI.IX._T.N._Z
CHN,China (People’s Republic of),M,N,CPI,IX,_T,N,_Z,2015-04,99.7,2015.0,CHN.M.N.CPI.IX._T.N._Z
CHN,China (People’s Republic of),M,N,CPI,IX,_T,N,_Z,2015-05,99.5,2015.0,CHN.M.N.CPI.IX._T.N._Z
CHN,China (People’s Republic of),M,N,CPI,IX,_T,N,_Z,2015-06,99.5,2015.0,CHN.M.N.CPI.IX._T.N._Z
CHN,China (People’s Republic of),M,N,CPI,IX,_T,N,_Z,2015-07,99.9,2015.0,CHN.M.N.CPI.IX._T.N._Z
CHN,China (People’s Republic of),M,N,CPI,IX,_T,N,_Z,2015-08,100.4,2015.0,CHN.M.N.CPI.IX._T.N._Z
CHN,China (People’s Republic of),M,N,CPI,IX,_T,N,_Z,2015-09,100.5,2015.0,CHN.M.N.CPI.IX._T.N._Z
CHN,China (People’s Republic of),M,N,CPI,IX,_T,N,_Z,2015-10,100.1,2015.0,CHN.M.N.CPI.IX._T.N._Z
CHN,China (People’s Republic of),M,N,CPI,IX,_T,N,_Z,2015-11,100.1,2015.0,CHN.M.N.CPI.IX._T.N._Z
CHN,China (People’s Republic of),M,N,CPI,IX,_T,N,_Z,2015-12,100.6,2015.0,CHN.M.N.CPI.IX._T.N._Z
CHN,China (People’s Republic of),M,N,CPI,IX,_T,N,_Z,2016-01,101.1,2015.0,CHN.M.N.CPI.IX._T.N._Z
CHN,China (People’s Republic of),M,N,CPI,IX,_T,N,_Z,2016-02,102.7,2015.0,CHN.M.N.CPI.IX._T.N._Z
CHN,China (People’s Republic of),M,N,CPI,IX,_T,N,_Z,2016-03,102.2,2015.0,CHN.M.N.CPI.IX._T.N._Z
CHN,China (People’s Republic of),M,N,CPI,IX,_T,N,_Z,2016-04,102.0,2015.0,CHN.M.N.CPI.IX._T.N._Z
CHN,China (People’s Republic of),M,N,CPI,IX,_T,N,_Z,2016-05,101.6,2015.0,CHN.M.N.CPI.IX._T.N._Z
CHN,China (People’s Republic of),M,N,CPI,IX,_T,N,_Z,2016-06,101.4,2015.0,CHN.M.N.CPI.IX._T.N._Z
CHN,China (People’s Republic of),M,N,CPI,IX,_T,N,_Z,2016-07,101.6,2015.0,CHN.M.N.CPI.IX._T.N._Z
CHN,China (People’s Republic of),M,N,CPI,IX,_T,N,_Z,2016-08,101.7,2015.0,CHN.M.N.CPI.IX._T.N._Z
CHN,China (People’s Republic of),M,N,CPI,IX,_T,N,_Z,2016-09,102.4,2015.0,CHN.M.N.CPI.IX._T.N._Z
CHN,China (People’s Republic of),M,N,CPI,IX,_T,N,_Z,2016-10,102.3,2015.0,CHN.M.N.CPI.IX._T.N._Z
CHN,China (People’s Republic of),M,N,CPI,IX,_T,N,_Z,2016-11,102.4,2015.0,CHN.M.N.CPI.IX._T.N._Z
CHN,China (People’s Republic of),M,N,CPI,IX,_T,N,_Z,2016-12,102.6,2015.0,CHN.M.N.CPI.IX._T.N._Z
CHN,China (People’s Republic of),M,N,CPI,IX,_T,N,_Z,2017-01,103.7,2015.0,CHN.M.N.CPI.IX._T.N._Z
CHN,China (People’s Republic of),M,N,CPI,IX,_T,N,_Z,2017-02,103.5,2015.0,CHN.M.N.CPI.IX._T.N._Z
CHN,China (People’s Republic of),M,N,CPI,IX,_T,N,_Z,2017-03,103.2,2015.0,CHN.M.N.CPI.IX._T.N._Z
CHN,China (People’s Republic of),M,N,CPI,IX,_T,N,_Z,2017-04,103.2,2015.0,CHN.M.N.CPI.IX._T.N._Z
CHN,China (People’s Republic of),M,N,CPI,IX,_T,N,_Z,2017-05,103.3,2015.0,CHN.M.N.CPI.IX._T.N._Z
CHN,China (People’s Republic of),M,N,CPI,IX,_T,N,_Z,2017-06,103.1,2015.0,CHN.M.N.CPI.IX._T.N._Z
CHN,China (People’s Republic of),M,N,CPI,IX,_T,N,_Z,2017-07,103.0,2015.0,CHN.M.N.CPI.IX._T.N._Z
CHN,China (People’s Republic of),M,N,CPI,IX,_T,N,_Z,2017-08,103.5,2015.0,CHN.M.N.CPI.IX._T.N._Z
CHN,China (People’s Republic of),M,N,CPI,IX,_T,N,_Z,2017-09,104.1,2015.0,CHN.M.N.CPI.IX._T.N._Z
CHN,China (People’s Republic of),M,N,CPI,IX,_T,N,_Z,2017-10,104.2,2015.0,CHN.M.N.CPI.IX._T.N._Z
CHN,China (People’s Republic of),M,N,CPI,IX,_T,N,_Z,2017-11,104.2,2015.0,CHN.M.N.CPI.IX._T.N._Z
CHN,China (People’s Republic of),M,N,CPI,IX,_T,N,_Z,2017-12,104.5,2015.0,CHN.M.N.CPI.IX._T.N._Z
CHN,China (People’s Republic of),M,N,CPI,IX,_T,N,_Z,2018-01,105.2,2015.0,CHN.M.N.CPI.IX._T.N._Z
CHN,China (People’s Republic of),M,N,CPI,IX,_T,N,_Z,2018-02,106.5,2015.0,CHN.M.N.CPI.IX._T.N._Z
CHN,China (People’s Republic of),M,N,CPI,IX,_T,N,_Z,2018-03,105.3,2015.0,CHN.M.N.CPI.IX._T.N._Z
CHN,China (People’s Republic of),M,N,CPI,IX,_T,N,_Z,2018-04,105.1,2015.0,CHN.M.N.CPI.IX._T.N._Z
CHN,China (People’s Republic of),M,N,CPI,IX,_T,N,_Z,2018-05,104.9,2015.0,CHN.M.N.CPI.IX._T.N._Z
CHN,China (People’s Republic of),M,N,CPI,IX,_T,N,_Z,2018-06,104.9,2015.0,CHN.M.N.CPI.IX._T.N._Z
CHN,China (People’s Republic of),M,N,CPI,IX,_T,N,_Z,2018-07,105.2,2015.0,CHN.M.N.CPI.IX._T.N._Z
CHN,China (People’s Republic of),M,N,CPI,IX,_T,N,_Z,2018-08,105.9,2015.0,CHN.M.N.CPI.IX._T.N._Z
CHN,China (People’s Republic of),M,N,CPI,IX,_T,N,_Z,2018-09,106.6,2015.0,CHN.M.N.CPI.IX._T.N._Z
CHN,China (People’s Republic of),M,N,CPI,IX,_T,N,_Z,2018-10,106.8,2015.0,CHN.M.N.CPI.IX._T.N._Z
CHN,China (People’s Republic of),M,N,CPI,IX,_T,N,_Z,2018-11,106.4,2015.0,CHN.M.N.CPI.IX._T.N._Z
CHN,China (People’s Republic of),M,N,CPI,IX,_T,N,_Z,2018-12,106.5,2015.0,CHN.M.N.CPI.IX._T.N._Z
CHN,China (People’s Republic of),M,N,CPI,IX,_T,N,_Z,2019-01,107.0,2015.0,CHN.M.N.CPI.IX._T.N._Z
CHN,China (People’s Republic of),M,N,CPI,IX,_T,N,_Z,2019-02,108.1,2015.0,CHN.M.N.CPI.IX._T.N._Z
CHN,China (People’s Republic of),M,N,CPI,IX,_T,N,_Z,2019-03,107.7,2015.0,CHN.M.N.CPI.IX._T.N._Z
CHN,China (People’s Republic of),M,N,CPI,IX,_T,N,_Z,2019-04,107.8,2015.0,CHN.M.N.CPI.IX._T.N._Z
CHN,China (People’s Republic of),M,N,CPI,IX,_T,N,_Z,2019-05,107.8,2015.0,CHN.M.N.CPI.IX._T.N._Z
CHN,China (People’s Republic of),M,N,CPI,IX,_T,N,_Z,2019-06,107.7,2015.0,CHN.M.N.CPI.IX._T.N._Z
CHN,China (People’s Republic of),M,N,CPI,IX,_T,N,_Z,2019-07,108.1,2015.0,CHN.M.N.CPI.IX._T.N._Z
CHN,China (People’s Republic of),M,N,CPI,IX,_T,N,_Z,2019-08,108.9,2015.0,CHN.M.N.CPI.IX._T.N._Z
CHN,China (People’s Republic of),M,N,CPI,IX,_T,N,_Z,2019-09,109.8,2015.0,CHN.M.N.CPI.IX._T.N._Z
CHN,China (People’s Republic of),M,N,CPI,IX,_T,N,_Z,2019-10,110.8,2015.0,CHN.M.N.CPI.IX._T.N._Z
CHN,China (People’s Republic of),M,N,CPI,IX,_T,N,_Z,2019-11,111.2,2015.0,CHN.M.N.CPI.IX._T.N._Z
CHN,China (People’s Republic of),M,N,CPI,IX,_T,N,_Z,2019-12,111.2,2015.0,CHN.M.N.CPI.IX._T.N._Z
CHN,China (People’s Republic of),M,N,CPI,IX,_T,N,_Z,2020-01,112.8,2015.0,CHN.M.N.CPI.IX._T.N._Z
CHN,China (People’s Republic of),M,N,CPI,IX,_T,N,_Z,2020-02,113.7,2015.0,CHN.M.N.CPI.IX._T.N._Z
CHN,China (People’s Republic of),M,N,CPI,IX,_T,N,_Z,2020-03,112.3,2015.0,CHN.M.N.CPI.IX._T.N._Z
CHN,China (People’s Republic of),M,N,CPI,IX,_T,N,_Z,2020-04,111.3,2015.0,CHN.M.N.CPI.IX._T.N._Z
CHN,China (People’s Republic of),M,N,CPI,IX,_T,N,_Z,2020-05,110.4,2015.0,CHN.M.N.CPI.IX._T.N._Z
CHN,China (People’s Republic of),M,N,CPI,IX,_T,N,_Z,2020-06,110.4,2015.0,CHN.M.N.CPI.IX._T.N._Z
CHN,China (People’s Republic of),M,N,CPI,IX,_T,N,_Z,2020-07,110.0,2015.0,CHN.M.N.CPI.IX._T.N._Z
CHN,China (People’s Republic of),M,N,CPI,IX,_T,N,_Z,2020-08,111.5,2015.0,CHN.M.N.CPI.IX._T.N._Z
CHN,China (People’s Republic of),M,N,CPI,IX,_T,N,_Z,2020-09,111.7,2015.0,CHN.M.N.CPI.IX._T.N._Z
CHN,China (People’s Republic of),M,N,CPI,IX,_T,N,_Z,2020-10,111.4,2015.0,CHN.M.N.CPI.IX._T.N._Z
CHN,China (People’s Republic of),M,N,CPI,IX,_T,N,_Z,2020-11,110.7,2015.0,CHN.M.N.CPI.IX._T.N._Z
CHN,China (People’s Republic of),M,N,CPI,IX,_T,N,_Z,2020-12,111.5,2015.0,CHN.M.N.CPI.IX._T.N._Z
CHN,China (People’s Republic of),M,N,CPI,IX,_T,N,_Z,2021-01,112.55,2015.0,CHN.M.N.CPI.IX._T.N._Z
CHN,China (People’s Republic of),M,N,CPI,IX,_T,N,_Z,2021-02,113.2193,2015.0,CHN.M.N.CPI.IX._T.N._Z
CHN,China (People’s Republic of),M,N,CPI,IX,_T,N,_Z,2021-03,112.6615,2015.0,CHN.M.N.CPI.IX._T.N._Z
CHN,China (People’s Republic of),M,N,CPI,IX,_T,N,_Z,2021-04,112.3269,2015.0,CHN.M.N.CPI.IX._T.N._Z
CHN,China (People’s Republic of),M,N,CPI,IX,_T,N,_Z,2021-05,112.2154,2015.0,CHN.M.N.CPI.IX._T.N._Z
CHN,China (People’s Republic of),M,N,CPI,IX,_T,N,_Z,2021-06,111.7692,2015.0,CHN.M.N.CPI.IX._T.N._Z
CHN,China (People’s Republic of),M,N,CPI,IX,_T,N,_Z,2021-07,112.1038,2015.0,CHN.M.N.CPI.IX._T.N._Z
CHN,China (People’s Republic of),M,N,CPI,IX,_T,N,_Z,2021-08,112.2154,2015.0,CHN.M.N.CPI.IX._T.N._Z
CHN,China (People’s Republic of),M,N,CPI,IX,_T,N,_Z,2021-09,112.2154,2015.0,CHN.M.N.CPI.IX._T.N._Z
CHN,China (People’s Republic of),M,N,CPI,IX,_T,N,_Z,2021-10,112.9962,2015.0,CHN.M.N.CPI.IX._T.N._Z
CHN,China (People’s Republic of),M,N,CPI,IX,_T,N,_Z,2021-11,113.4424,2015.0,CHN.M.N.CPI.IX._T.N._Z
CHN,China (People’s Republic of),M,N,CPI,IX,_T,N,_Z,2021-12,113.1077,2015.0,CHN.M.N.CPI.IX._T.N._Z
CHN,China (People’s Republic of),M,N,CPI,IX,_T,N,_Z,2022-01,113.6655,2015.0,CHN.M.N.CPI.IX._T.N._Z
CHN,China (People’s Republic of),M,N,CPI,IX,_T,N,_Z,2022-02,114.3347,2015.0,CHN.M.N.CPI.IX._T.N._Z
CHN,China (People’s Republic of),M,N,CPI,IX,_T,N,_Z,2022-03,114.3347,2015.0,CHN.M.N.CPI.IX._T.N._Z
CHN,China (People’s Republic of),M,N,CPI,IX,_T,N,_Z,2022-04,114.7809,2015.0,CHN.M.N.CPI.IX._T.N._Z
CHN,China (People’s Republic of),M,N,CPI,IX,_T,N,_Z,2022-05,114.5578,2015.0,CHN.M.N.CPI.IX._T.N._Z
CHN,China (People’s Republic of),M,N,CPI,IX,_T,N,_Z,2022-06,114.5578,2015.0,CHN.M.N.CPI.IX._T.N._Z
CHN,China (People’s Republic of),M,N,CPI,IX,_T,N,_Z,2022-07,115.1156,2015.0,CHN.M.N.CPI.IX._T.N._Z
CHN,China (People’s Republic of),M,N,CPI,IX,_T,N,_Z,2022-08,115.004,2015.0,CHN.M.N.CPI.IX._T.N._Z
CHN,China (People’s Republic of),M,N,CPI,IX,_T,N,_Z,2022-09,115.3387,2015.0,CHN.M.N.CPI.IX._T.N._Z
CHN,China (People’s Republic of),M,N,CPI,IX,_T,N,_Z,2022-10,115.4502,2015.0,CHN.M.N.CPI.IX._T.N._Z
CHN,China (People’s Republic of),M,N,CPI,IX,_T,N,_Z,2022-11,115.2271,2015.0,CHN.M.N.CPI.IX._T.N._Z
CHN,China (People’s Republic of),M,N,CPI,IX,_T,N,_Z,2022-12,115.1156,2015.0,CHN.M.N.CPI.IX._T.N._Z
CHN,China (People’s Republic of),M,N,CPI,IX,_T,N,_Z,2023-01,116.0079,2015.0,CHN.M.N.CPI.IX._T.N._Z
CHN,China (People’s Republic of),M,N,CPI,IX,_T,N,_Z,2023-02,115.4502,2015.0,CHN.M.N.CPI.IX._T.N._Z
CHN,China (People’s Republic of),M,N,CPI,IX,_T,N,_Z,2023-03,115.1156,2015.0,CHN.M.N.CPI.IX._T.N._Z
CHN,China (People’s Republic of),M,N,CPI,IX,_T,N,_Z,2023-04,114.8925,2015.0,CHN.M.N.CPI.IX._T.N._Z
CHN,China (People’s Republic of),M,N,CPI,IX,_T,N,_Z,2023-05,114.7809,2015.0,CHN.M.N.CPI.IX._T.N._Z
CHN,China (People’s Republic of),M,N,CPI,IX,_T,N,_Z,2023-06,114.5578,2015.0,CHN.M.N.CPI.IX._T.N._Z
CHN,China (People’s Republic of),M,N,CPI,IX,_T,N,_Z,2023-07,114.7809,2015.0,CHN.M.N.CPI.IX._T.N._Z
CHN,China (People’s Republic of),M,N,CPI,IX,_T,N,_Z,2023-08,115.1156,2015.0,CHN.M.N.CPI.IX._T.N._Z
CHN,China (People’s Republic of),M,N,CPI,IX,_T,N,_Z,2023-09,115.3387,2015.0,CHN.M.N.CPI.IX._T.N._Z
CHN,China (People’s Republic of),M,N,CPI,IX,_T,N,_Z,2023-10,115.2271,2015.0,CHN.M.N.CPI.IX._T.N._Z
CHN,China (People’s Republic of),M,N,CPI,IX,_T,N,_Z,2023-11,114.6694,2015.0,CHN.M.N.CPI.IX._T.N._Z
CHN,China (People’s Republic of),M,N,CPI,IX,_T,N,_Z,2023-12,114.7809,2015.0,CHN.M.N.CPI.IX._T.N._Z
CHN,China (People’s Republic of),M,N,CPI,IX,_T,N,_Z,2024-01,115.004,2015.0,CHN.M.N.CPI.IX._T.N._Z
CHN,China (People’s Republic of),M,N,CPI,IX,_T,N,_Z,2024-02,116.231,2015.0,CHN.M.N.CPI.IX._T.N._Z
CHN,China (People’s Republic of),M,N,CPI,IX,_T,N,_Z,2024-03,115.2271,2015.0,CHN.M.N.CPI.IX._T.N._Z
CHN,China (People’s Republic of),M,N,CPI,IX,_T,N,_Z,2024-04,115.1156,2015.0,CHN.M.N.CPI.IX._T.N._Z
CHN,China (People’s Republic of),M,N,CPI,IX,_T,N,_Z,2024-05,115.1156,2015.0,CHN.M.N.CPI.IX._T.N._Z
CHN,China (People’s Republic of),M,N,CPI,IX,_T,N,_Z,2024-06,114.7809,2015.0,CHN.M.N.CPI.IX._T.N._Z
CHN,China (People’s Republic of),M,N,CPI,IX,_T,N,_Z,2024-07,115.3387,2015.0,CHN.M.N.CPI.IX._T.N._Z
CHN,China (People’s Republic of),M,N,CPI,IX,_T,N,_Z,2024-08,115.7848,2015.0,CHN.M.N.CPI.IX._T.N._Z
CHN,China (People’s Republic of),M,N,CPI,IX,_T,N,_Z,2024-09,115.7848,2015.0,CHN.M.N.CPI.IX._T.N._Z
CHN,China (People’s Republic of),M,N,CPI,IX,_T,N,_Z,2024-10,115.5617,2015.0,CHN.M.N.CPI.IX._T.N._Z
CHN,China (People’s Republic of),M,N,CPI,IX,_T,N,_Z,2024-11,114.8925,2015.0,CHN.M.N.CPI.IX._T.N._Z
CHN,China (People’s Republic of),M,N,CPI,IX,_T,N,_Z,2024-12,114.8925,2015.0,CHN.M.N.CPI.IX._T.N._Z
CHN,China (People’s Republic of),M,N,CPI,IX,_T,N,_Z,2025-01,115.5617,2015.0,CHN.M.N.CPI.IX._T.N._Z
CHN,China (People’s Republic of),M,N,CPI,IX,_T,N,_Z,2025-02,115.3387,2015.0,CHN.M.N.CPI.IX._T.N._Z
CHN,China (People’s Republic of),M,N,CPI,IX,_T,N,_Z,2025-03,115.1156,2015.0,CHN.M.N.CPI.IX._T.N._Z
CHN,China (People’s Republic of),M,N,CPI,IX,_T,N,_Z,2025-04,115.0297,2015.0,CHN.M.N.CPI.IX._T.N._Z
CHN,China (People’s Republic of),M,N,CPI,IX,_T,N,_Z,2025-05,115.0303,2015.0,CHN.M.N.CPI.IX._T.N._Z
CHN,China (People’s Republic of),M,N,CPI,IX,_T,N,_Z,2025-06,114.9073,2015.0,CHN.M.N.CPI.IX._T.N._Z
CHN,China (People’s Republic of),M,N,CPI,IX,_T,N,_Z,2025-07,115.3592,2015.0,CHN.M.N.CPI.IX._T.N._Z
CHN,China (People’s Republic of),M,N,CPI,IX,_T,N,_Z,2025-08,115.3633,2015.0,CHN.M.N.CPI.IX._T.N._Z
CHN,China (People’s Republic of),M,N,CPI,IX,_T,N,_Z,2025-09,115.4714,2015.0,CHN.M.N.CPI.IX._T.N._Z
CHN,China (People’s Republic of),M,N,CPI,IX,_T,N,_Z,2025-10,115.829,2015.0,CHN.M.N.CPI.IX._T.N._Z
CHN,China (People’s Republic of),M,N,CPI,IX,_T,N,_Z,2025-11,115.7149,2015.0,CHN.M.N.CPI.IX._T.N._Z
CHN,China (People’s Republic of),M,N,CPI,IX,_T,N,_Z,2025-12,115.8323,2015.0,CHN.M.N.CPI.IX._T.N._Z
CHN,China (People’s Republic of),M,N,CPI,IX,_T,N,_Z,2026-01,115.8265,2015.0,CHN.M.N.CPI.IX._T.N._Z
CHN,China (People’s Republic of),M,N,CPI,IX,_T,N,_Z,2026-02,116.8749,2015.0,CHN.M.N.CPI.IX._T.N._Z
CHN,China (People’s Republic of),M,N,CPI,IX,_T,N,_Z,2026-03,116.3033,2015.0,CHN.M.N.CPI.IX._T.N._Z
CHN,China (People’s Republic of),M,N,CPI,IX,_T,N,_Z,2026-04,116.4101,2015.0,CHN.M.N.CPI.IX._T.N._Z
CHN,China (People’s Republic of),M,N,CPI,IX,_T,N,_Z,2026-05,116.4107,2015.0,CHN.M.N.CPI.IX._T.N._Z
G7,G7,M,N,CPI,IX,_T,N,_Z,2020-02,107.2686,2015.0,G7.M.N.CPI.IX._T.N._Z
G7,G7,M,N,CPI,IX,_T,N,_Z,2020-03,107.1408,2015.0,G7.M.N.CPI.IX._T.N._Z
OECD,OECD,M,N,CPI,IX,_T,N,_Z,2020-02,109.598,2015.0,OECD.M.N.CPI.IX._T.N._Z
BRA,Brazil,M,N,CPI,IX,_T,N,_Z,2015-01,95.36163,2015.0,BRA.M.N.CPI.IX._T.N._Z
BRA,Brazil,M,N,CPI,IX,_T,N,_Z,2015-02,96.52494,2015.0,BRA.M.N.CPI.IX._T.N._Z
BRA,Brazil,M,N,CPI,IX,_T,N,_Z,2015-03,97.79915,2015.0,BRA.M.N.CPI.IX._T.N._Z
BRA,Brazil,M,N,CPI,IX,_T,N,_Z,2015-04,98.49356,2015.0,BRA.M.N.CPI.IX._T.N._Z
BRA,Brazil,M,N,CPI,IX,_T,N,_Z,2015-05,99.22231,2015.0,BRA.M.N.CPI.IX._T.N._Z
BRA,Brazil,M,N,CPI,IX,_T,N,_Z,2015-06,100.0063,2015.0,BRA.M.N.CPI.IX._T.N._Z
BRA,Brazil,M,N,CPI,IX,_T,N,_Z,2015-07,100.6262,2015.0,BRA.M.N.CPI.IX._T.N._Z
BRA,Brazil,M,N,CPI,IX,_T,N,_Z,2015-08,100.8476,2015.0,BRA.M.N.CPI.IX._T.N._Z
BRA,Brazil,M,N,CPI,IX,_T,N,_Z,2015-09,101.3921,2015.0,BRA.M.N.CPI.IX._T.N._Z
BRA,Brazil,M,N,CPI,IX,_T,N,_Z,2015-10,102.2234,2015.0,BRA.M.N.CPI.IX._T.N._Z
BRA,Brazil,M,N,CPI,IX,_T,N,_Z,2015-11,103.2558,2015.0,BRA.M.N.CPI.IX._T.N._Z
BRA,Brazil,M,N,CPI,IX,_T,N,_Z,2015-12,104.247,2015.0,BRA.M.N.CPI.IX._T.N._Z
BRA,Brazil,M,N,CPI,IX,_T,N,_Z,2016-01,105.5709,2015.0,BRA.M.N.CPI.IX._T.N._Z
BRA,Brazil,M,N,CPI,IX,_T,N,_Z,2016-02,106.521,2015.0,BRA.M.N.CPI.IX._T.N._Z
BRA,Brazil,M,N,CPI,IX,_T,N,_Z,2016-03,106.9789,2015.0,BRA.M.N.CPI.IX._T.N._Z
BRA,Brazil,M,N,CPI,IX,_T,N,_Z,2016-04,107.6316,2015.0,BRA.M.N.CPI.IX._T.N._Z
BRA,Brazil,M,N,CPI,IX,_T,N,_Z,2016-05,108.471,2015.0,BRA.M.N.CPI.IX._T.N._Z
BRA,Brazil,M,N,CPI,IX,_T,N,_Z,2016-06,108.8506,2015.0,BRA.M.N.CPI.IX._T.N._Z
BRA,Brazil,M,N,CPI,IX,_T,N,_Z,2016-07,109.4167,2015.0,BRA.M.N.CPI.IX._T.N._Z
BRA,Brazil,M,N,CPI,IX,_T,N,_Z,2016-08,109.8981,2015.0,BRA.M.N.CPI.IX._T.N._Z
BRA,Brazil,M,N,CPI,IX,_T,N,_Z,2016-09,109.9861,2015.0,BRA.M.N.CPI.IX._T.N._Z
BRA,Brazil,M,N,CPI,IX,_T,N,_Z,2016-10,110.2721,2015.0,BRA.M.N.CPI.IX._T.N._Z
BRA,Brazil,M,N,CPI,IX,_T,N,_Z,2016-11,110.4707,2015.0,BRA.M.N.CPI.IX._T.N._Z
BRA,Brazil,M,N,CPI,IX,_T,N,_Z,2016-12,110.802,2015.0,BRA.M.N.CPI.IX._T.N._Z
BRA,Brazil,M,N,CPI,IX,_T,N,_Z,2017-01,111.2231,2015.0,BRA.M.N.CPI.IX._T.N._Z
BRA,Brazil,M,N,CPI,IX,_T,N,_Z,2017-02,111.5902,2015.0,BRA.M.N.CPI.IX._T.N._Z
BRA,Brazil,M,N,CPI,IX,_T,N,_Z,2017-03,111.8691,2015.0,BRA.M.N.CPI.IX._T.N._Z
BRA,Brazil,M,N,CPI,IX,_T,N,_Z,2017-04,112.0257,2015.0,BRA.M.N.CPI.IX._T.N._Z
BRA,Brazil,M,N,CPI,IX,_T,N,_Z,2017-05,112.373,2015.0,BRA.M.N.CPI.IX._T.N._Z
BRA,Brazil,M,N,CPI,IX,_T,N,_Z,2017-06,112.1145,2015.0,BRA.M.N.CPI.IX._T.N._Z
BRA,Brazil,M,N,CPI,IX,_T,N,_Z,2017-07,112.3837,2015.0,BRA.M.N.CPI.IX._T.N._Z
BRA,Brazil,M,N,CPI,IX,_T,N,_Z,2017-08,112.5971,2015.0,BRA.M.N.CPI.IX._T.N._Z
BRA,Brazil,M,N,CPI,IX,_T,N,_Z,2017-09,112.7772,2015.0,BRA.M.N.CPI.IX._T.N._Z
BRA,Brazil,M,N,CPI,IX,_T,N,_Z,2017-10,113.2509,2015.0,BRA.M.N.CPI.IX._T.N._Z
BRA,Brazil,M,N,CPI,IX,_T,N,_Z,2017-11,113.5681,2015.0,BRA.M.N.CPI.IX._T.N._Z
BRA,Brazil,M,N,CPI,IX,_T,N,_Z,2017-12,114.0678,2015.0,BRA.M.N.CPI.IX._T.N._Z
BRA,Brazil,M,N,CPI,IX,_T,N,_Z,2018-01,114.3987,2015.0,BRA.M.N.CPI.IX._T.N._Z
BRA,Brazil,M,N,CPI,IX,_T,N,_Z,2018-02,114.7648,2015.0,BRA.M.N.CPI.IX._T.N._Z
BRA,Brazil,M,N,CPI,IX,_T,N,_Z,2018-03,114.8681,2015.0,BRA.M.N.CPI.IX._T.N._Z
BRA,Brazil,M,N,CPI,IX,_T,N,_Z,2018-04,115.1207,2015.0,BRA.M.N.CPI.IX._T.N._Z
BRA,Brazil,M,N,CPI,IX,_T,N,_Z,2018-05,115.5813,2015.0,BRA.M.N.CPI.IX._T.N._Z
BRA,Brazil,M,N,CPI,IX,_T,N,_Z,2018-06,117.0376,2015.0,BRA.M.N.CPI.IX._T.N._Z
BRA,Brazil,M,N,CPI,IX,_T,N,_Z,2018-07,117.4239,2015.0,BRA.M.N.CPI.IX._T.N._Z
BRA,Brazil,M,N,CPI,IX,_T,N,_Z,2018-08,117.3183,2015.0,BRA.M.N.CPI.IX._T.N._Z
BRA,Brazil,M,N,CPI,IX,_T,N,_Z,2018-09,117.8814,2015.0,BRA.M.N.CPI.IX._T.N._Z
BRA,Brazil,M,N,CPI,IX,_T,N,_Z,2018-10,118.4118,2015.0,BRA.M.N.CPI.IX._T.N._Z
BRA,Brazil,M,N,CPI,IX,_T,N,_Z,2018-11,118.1631,2015.0,BRA.M.N.CPI.IX._T.N._Z
BRA,Brazil,M,N,CPI,IX,_T,N,_Z,2018-12,118.3403,2015.0,BRA.M.N.CPI.IX._T.N._Z
BRA,Brazil,M,N,CPI,IX,_T,N,_Z,2019-01,118.719,2015.0,BRA.M.N.CPI.IX._T.N._Z
BRA,Brazil,M,N,CPI,IX,_T,N,_Z,2019-02,119.2294,2015.0,BRA.M.N.CPI.IX._T.N._Z
BRA,Brazil,M,N,CPI,IX,_T,N,_Z,2019-03,120.1236,2015.0,BRA.M.N.CPI.IX._T.N._Z
BRA,Brazil,M,N,CPI,IX,_T,N,_Z,2019-04,120.8083,2015.0,BRA.M.N.CPI.IX._T.N._Z
BRA,Brazil,M,N,CPI,IX,_T,N,_Z,2019-05,120.9653,2015.0,BRA.M.N.CPI.IX._T.N._Z
BRA,Brazil,M,N,CPI,IX,_T,N,_Z,2019-06,120.9774,2015.0,BRA.M.N.CPI.IX._T.N._Z
BRA,Brazil,M,N,CPI,IX,_T,N,_Z,2019-07,121.2073,2015.0,BRA.M.N.CPI.IX._T.N._Z
BRA,Brazil,M,N,CPI,IX,_T,N,_Z,2019-08,121.3407,2015.0,BRA.M.N.CPI.IX._T.N._Z
BRA,Brazil,M,N,CPI,IX,_T,N,_Z,2019-09,121.2922,2015.0,BRA.M.N.CPI.IX._T.N._Z
BRA,Brazil,M,N,CPI,IX,_T,N,_Z,2019-10,121.4136,2015.0,BRA.M.N.CPI.IX._T.N._Z
BRA,Brazil,M,N,CPI,IX,_T,N,_Z,2019-11,122.0328,2015.0,BRA.M.N.CPI.IX._T.N._Z
BRA,Brazil,M,N,CPI,IX,_T,N,_Z,2019-12,123.4363,2015.0,BRA.M.N.CPI.IX._T.N._Z
BRA,Brazil,M,N,CPI,IX,_T,N,_Z,2020-01,123.6954,2015.0,BRA.M.N.CPI.IX._T.N._Z
BRA,Brazil,M,N,CPI,IX,_T,N,_Z,2020-02,124.0047,2015.0,BRA.M.N.CPI.IX._T.N._Z
BRA,Brazil,M,N,CPI,IX,_T,N,_Z,2020-03,124.0915,2015.0,BRA.M.N.CPI.IX._T.N._Z
BRA,Brazil,M,N,CPI,IX,_T,N,_Z,2020-04,123.7068,2015.0,BRA.M.N.CPI.IX._T.N._Z
BRA,Brazil,M,N,CPI,IX,_T,N,_Z,2020-05,123.2367,2015.0,BRA.M.N.CPI.IX._T.N._Z
BRA,Brazil,M,N,CPI,IX,_T,N,_Z,2020-06,123.5571,2015.0,BRA.M.N.CPI.IX._T.N._Z
BRA,Brazil,M,N,CPI,IX,_T,N,_Z,2020-07,124.0019,2015.0,BRA.M.N.CPI.IX._T.N._Z
BRA,Brazil,M,N,CPI,IX,_T,N,_Z,2020-08,124.2996,2015.0,BRA.M.N.CPI.IX._T.N._Z
BRA,Brazil,M,N,CPI,IX,_T,N,_Z,2020-09,125.0951,2015.0,BRA.M.N.CPI.IX._T.N._Z
BRA,Brazil,M,N,CPI,IX,_T,N,_Z,2020-10,126.171,2015.0,BRA.M.N.CPI.IX._T.N._Z
BRA,Brazil,M,N,CPI,IX,_T,N,_Z,2020-11,127.2939,2015.0,BRA.M.N.CPI.IX._T.N._Z
BRA,Brazil,M,N,CPI,IX,_T,N,_Z,2020-12,129.0124,2015.0,BRA.M.N.CPI.IX._T.N._Z
BRA,Brazil,M,N,CPI,IX,_T,N,_Z,2021-01,129.3349,2015.0,BRA.M.N.CPI.IX._T.N._Z
BRA,Brazil,M,N,CPI,IX,_T,N,_Z,2021-02,130.4472,2015.0,BRA.M.N.CPI.IX._T.N._Z
BRA,Brazil,M,N,CPI,IX,_T,N,_Z,2021-03,131.6604,2015.0,BRA.M.N.CPI.IX._T.N._Z
BRA,Brazil,M,N,CPI,IX,_T,N,_Z,2021-04,132.0685,2015.0,BRA.M.N.CPI.IX._T.N._Z
BRA,Brazil,M,N,CPI,IX,_T,N,_Z,2021-05,133.1648,2015.0,BRA.M.N.CPI.IX._T.N._Z
BRA,Brazil,M,N,CPI,IX,_T,N,_Z,2021-06,133.8705,2015.0,BRA.M.N.CPI.IX._T.N._Z
BRA,Brazil,M,N,CPI,IX,_T,N,_Z,2021-07,135.1557,2015.0,BRA.M.N.CPI.IX._T.N._Z
BRA,Brazil,M,N,CPI,IX,_T,N,_Z,2021-08,136.3315,2015.0,BRA.M.N.CPI.IX._T.N._Z
BRA,Brazil,M,N,CPI,IX,_T,N,_Z,2021-09,137.9129,2015.0,BRA.M.N.CPI.IX._T.N._Z
BRA,Brazil,M,N,CPI,IX,_T,N,_Z,2021-10,139.6367,2015.0,BRA.M.N.CPI.IX._T.N._Z
BRA,Brazil,M,N,CPI,IX,_T,N,_Z,2021-11,140.9634,2015.0,BRA.M.N.CPI.IX._T.N._Z
BRA,Brazil,M,N,CPI,IX,_T,N,_Z,2021-12,141.9924,2015.0,BRA.M.N.CPI.IX._T.N._Z
BRA,Brazil,M,N,CPI,IX,_T,N,_Z,2022-01,142.7592,2015.0,BRA.M.N.CPI.IX._T.N._Z
BRA,Brazil,M,N,CPI,IX,_T,N,_Z,2022-02,144.2011,2015.0,BRA.M.N.CPI.IX._T.N._Z
BRA,Brazil,M,N,CPI,IX,_T,N,_Z,2022-03,146.5372,2015.0,BRA.M.N.CPI.IX._T.N._Z
BRA,Brazil,M,N,CPI,IX,_T,N,_Z,2022-04,148.0906,2015.0,BRA.M.N.CPI.IX._T.N._Z
BRA,Brazil,M,N,CPI,IX,_T,N,_Z,2022-05,148.7866,2015.0,BRA.M.N.CPI.IX._T.N._Z
BRA,Brazil,M,N,CPI,IX,_T,N,_Z,2022-06,149.7836,2015.0,BRA.M.N.CPI.IX._T.N._Z
BRA,Brazil,M,N,CPI,IX,_T,N,_Z,2022-07,148.765,2015.0,BRA.M.N.CPI.IX._T.N._Z
BRA,Brazil,M,N,CPI,IX,_T,N,_Z,2022-08,148.2295,2015.0,BRA.M.N.CPI.IX._T.N._Z
BRA,Brazil,M,N,CPI,IX,_T,N,_Z,2022-09,147.7996,2015.0,BRA.M.N.CPI.IX._T.N._Z
BRA,Brazil,M,N,CPI,IX,_T,N,_Z,2022-10,148.6718,2015.0,BRA.M.N.CPI.IX._T.N._Z
BRA,Brazil,M,N,CPI,IX,_T,N,_Z,2022-11,149.2813,2015.0,BRA.M.N.CPI.IX._T.N._Z
BRA,Brazil,M,N,CPI,IX,_T,N,_Z,2022-12,150.2068,2015.0,BRA.M.N.CPI.IX._T.N._Z
BRA,Brazil,M,N,CPI,IX,_T,N,_Z,2023-01,151.0028,2015.0,BRA.M.N.CPI.IX._T.N._Z
BRA,Brazil,M,N,CPI,IX,_T,N,_Z,2023-02,152.2712,2015.0,BRA.M.N.CPI.IX._T.N._Z
BRA,Brazil,M,N,CPI,IX,_T,N,_Z,2023-03,153.3524,2015.0,BRA.M.N.CPI.IX._T.N._Z
BRA,Brazil,M,N,CPI,IX,_T,N,_Z,2023-04,154.2878,2015.0,BRA.M.N.CPI.IX._T.N._Z
BRA,Brazil,M,N,CPI,IX,_T,N,_Z,2023-05,154.6426,2015.0,BRA.M.N.CPI.IX._T.N._Z
BRA,Brazil,M,N,CPI,IX,_T,N,_Z,2023-06,154.5189,2015.0,BRA.M.N.CPI.IX._T.N._Z
BRA,Brazil,M,N,CPI,IX,_T,N,_Z,2023-07,154.7043,2015.0,BRA.M.N.CPI.IX._T.N._Z
BRA,Brazil,M,N,CPI,IX,_T,N,_Z,2023-08,155.0602,2015.0,BRA.M.N.CPI.IX._T.N._Z
BRA,Brazil,M,N,CPI,IX,_T,N,_Z,2023-09,155.4635,2015.0,BRA.M.N.CPI.IX._T.N._Z
BRA,Brazil,M,N,CPI,IX,_T,N,_Z,2023-10,155.8365,2015.0,BRA.M.N.CPI.IX._T.N._Z
BRA,Brazil,M,N,CPI,IX,_T,N,_Z,2023-11,156.2729,2015.0,BRA.M.N.CPI.IX._T.N._Z
BRA,Brazil,M,N,CPI,IX,_T,N,_Z,2023-12,157.1481,2015.0,BRA.M.N.CPI.IX._T.N._Z
BRA,Brazil,M,N,CPI,IX,_T,N,_Z,2024-01,157.8082,2015.0,BRA.M.N.CPI.IX._T.N._Z
BRA,Brazil,M,N,CPI,IX,_T,N,_Z,2024-02,159.1179,2015.0,BRA.M.N.CPI.IX._T.N._Z
BRA,Brazil,M,N,CPI,IX,_T,N,_Z,2024-03,159.3724,2015.0,BRA.M.N.CPI.IX._T.N._Z
BRA,Brazil,M,N,CPI,IX,_T,N,_Z,2024-04,159.9779,2015.0,BRA.M.N.CPI.IX._T.N._Z
BRA,Brazil,M,N,CPI,IX,_T,N,_Z,2024-05,160.7139,2015.0,BRA.M.N.CPI.IX._T.N._Z
BRA,Brazil,M,N,CPI,IX,_T,N,_Z,2024-06,161.0515,2015.0,BRA.M.N.CPI.IX._T.N._Z
BRA,Brazil,M,N,CPI,IX,_T,N,_Z,2024-07,161.6635,2015.0,BRA.M.N.CPI.IX._T.N._Z
BRA,Brazil,M,N,CPI,IX,_T,N,_Z,2024-08,161.6313,2015.0,BRA.M.N.CPI.IX._T.N._Z
BRA,Brazil,M,N,CPI,IX,_T,N,_Z,2024-09,162.3424,2015.0,BRA.M.N.CPI.IX._T.N._Z
BRA,Brazil,M,N,CPI,IX,_T,N,_Z,2024-10,163.2514,2015.0,BRA.M.N.CPI.IX._T.N._Z
BRA,Brazil,M,N,CPI,IX,_T,N,_Z,2024-11,163.888,2015.0,BRA.M.N.CPI.IX._T.N._Z
BRA,Brazil,M,N,CPI,IX,_T,N,_Z,2024-12,164.7402,2015.0,BRA.M.N.CPI.IX._T.N._Z
BRA,Brazil,M,N,CPI,IX,_T,N,_Z,2025-01,165.0038,2015.0,BRA.M.N.CPI.IX._T.N._Z
BRA,Brazil,M,N,CPI,IX,_T,N,_Z,2025-02,167.1655,2015.0,BRA.M.N.CPI.IX._T.N._Z
BRA,Brazil,M,N,CPI,IX,_T,N,_Z,2025-03,168.1016,2015.0,BRA.M.N.CPI.IX._T.N._Z
BRA,Brazil,M,N,CPI,IX,_T,N,_Z,2025-04,168.8246,2015.0,BRA.M.N.CPI.IX._T.N._Z
BRA,Brazil,M,N,CPI,IX,_T,N,_Z,2025-05,169.2635,2015.0,BRA.M.N.CPI.IX._T.N._Z
BRA,Brazil,M,N,CPI,IX,_T,N,_Z,2025-06,169.6698,2015.0,BRA.M.N.CPI.IX._T.N._Z
BRA,Brazil,M,N,CPI,IX,_T,N,_Z,2025-07,170.1108,2015.0,BRA.M.N.CPI.IX._T.N._Z
BRA,Brazil,M,N,CPI,IX,_T,N,_Z,2025-08,169.9236,2015.0,BRA.M.N.CPI.IX._T.N._Z
BRA,Brazil,M,N,CPI,IX,_T,N,_Z,2025-09,170.7391,2015.0,BRA.M.N.CPI.IX._T.N._Z
BRA,Brazil,M,N,CPI,IX,_T,N,_Z,2025-10,170.8927,2015.0,BRA.M.N.CPI.IX._T.N._Z
BRA,Brazil,M,N,CPI,IX,_T,N,_Z,2025-11,171.2004,2015.0,BRA.M.N.CPI.IX._T.N._Z
BRA,Brazil,M,N,CPI,IX,_T,N,_Z,2025-12,171.7653,2015.0,BRA.M.N.CPI.IX._T.N._Z
BRA,Brazil,M,N,CPI,IX,_T,N,_Z,2026-01,172.3321,2015.0,BRA.M.N.CPI.IX._T.N._Z
BRA,Brazil,M,N,CPI,IX,_T,N,_Z,2026-02,173.5384,2015.0,BRA.M.N.CPI.IX._T.N._Z
BRA,Brazil,M,N,CPI,IX,_T,N,_Z,2026-03,175.0655,2015.0,BRA.M.N.CPI.IX._T.N._Z
BRA,Brazil,M,N,CPI,IX,_T,N,_Z,2026-04,176.2385,2015.0,BRA.M.N.CPI.IX._T.N._Z
BRA,Brazil,M,N,CPI,IX,_T,N,_Z,2026-05,177.2608,2015.0,BRA.M.N.CPI.IX._T.N._Z
G7,G7,M,N,CPI,IX,_T,N,_Z,2016-08,101.1507,2015.0,G7.M.N.CPI.IX._T.N._Z
G7,G7,M,N,CPI,IX,_T,N,_Z,2016-09,101.3135,2015.0,G7.M.N.CPI.IX._T.N._Z
G7,G7,M,N,CPI,IX,_T,N,_Z,2016-10,101.4861,2015.0,G7.M.N.CPI.IX._T.N._Z
G7,G7,M,N,CPI,IX,_T,N,_Z,2016-11,101.3264,2015.0,G7.M.N.CPI.IX._T.N._Z
G7,G7,M,N,CPI,IX,_T,N,_Z,2016-12,101.4418,2015.0,G7.M.N.CPI.IX._T.N._Z
G7,G7,M,N,CPI,IX,_T,N,_Z,2017-01,101.6984,2015.0,G7.M.N.CPI.IX._T.N._Z
G7,G7,M,N,CPI,IX,_T,N,_Z,2017-02,102.0007,2015.0,G7.M.N.CPI.IX._T.N._Z
G7,G7,M,N,CPI,IX,_T,N,_Z,2017-03,102.1353,2015.0,G7.M.N.CPI.IX._T.N._Z
G7,G7,M,N,CPI,IX,_T,N,_Z,2017-04,102.4756,2015.0,G7.M.N.CPI.IX._T.N._Z
G7,G7,M,N,CPI,IX,_T,N,_Z,2017-05,102.554,2015.0,G7.M.N.CPI.IX._T.N._Z
G7,G7,M,N,CPI,IX,_T,N,_Z,2017-06,102.6128,2015.0,G7.M.N.CPI.IX._T.N._Z
G7,G7,M,N,CPI,IX,_T,N,_Z,2017-07,102.5671,2015.0,G7.M.N.CPI.IX._T.N._Z
G7,G7,M,N,CPI,IX,_T,N,_Z,2017-08,102.8648,2015.0,G7.M.N.CPI.IX._T.N._Z
G7,G7,M,N,CPI,IX,_T,N,_Z,2017-09,103.21,2015.0,G7.M.N.CPI.IX._T.N._Z
G7,G7,M,N,CPI,IX,_T,N,_Z,2017-10,103.1728,2015.0,G7.M.N.CPI.IX._T.N._Z
G7,G7,M,N,CPI,IX,_T,N,_Z,2017-11,103.2053,2015.0,G7.M.N.CPI.IX._T.N._Z
G7,G7,M,N,CPI,IX,_T,N,_Z,2017-12,103.2936,2015.0,G7.M.N.CPI.IX._T.N._Z
G7,G7,M,N,CPI,IX,_T,N,_Z,2018-01,103.5724,2015.0,G7.M.N.CPI.IX._T.N._Z
G7,G7,M,N,CPI,IX,_T,N,_Z,2018-02,103.9177,2015.0,G7.M.N.CPI.IX._T.N._Z
G7,G7,M,N,CPI,IX,_T,N,_Z,2018-03,104.1778,2015.0,G7.M.N.CPI.IX._T.N._Z
G7,G7,M,N,CPI,IX,_T,N,_Z,2018-04,104.4757,2015.0,G7.M.N.CPI.IX._T.N._Z
G7,G7,M,N,CPI,IX,_T,N,_Z,2018-05,104.9001,2015.0,G7.M.N.CPI.IX._T.N._Z
G7,G7,M,N,CPI,IX,_T,N,_Z,2018-06,105.0101,2015.0,G7.M.N.CPI.IX._T.N._Z
G7,G7,M,N,CPI,IX,_T,N,_Z,2018-07,105.0855,2015.0,G7.M.N.CPI.IX._T.N._Z
G7,G7,M,N,CPI,IX,_T,N,_Z,2018-08,105.2864,2015.0,G7.M.N.CPI.IX._T.N._Z
G7,G7,M,N,CPI,IX,_T,N,_Z,2018-09,105.3354,2015.0,G7.M.N.CPI.IX._T.N._Z
G7,G7,M,N,CPI,IX,_T,N,_Z,2018-10,105.525,2015.0,G7.M.N.CPI.IX._T.N._Z
G7,G7,M,N,CPI,IX,_T,N,_Z,2018-11,105.2029,2015.0,G7.M.N.CPI.IX._T.N._Z
G7,G7,M,N,CPI,IX,_T,N,_Z,2018-12,104.9807,2015.0,G7.M.N.CPI.IX._T.N._Z
G7,G7,M,N,CPI,IX,_T,N,_Z,2019-01,104.964,2015.0,G7.M.N.CPI.IX._T.N._Z
G7,G7,M,N,CPI,IX,_T,N,_Z,2019-02,105.3201,2015.0,G7.M.N.CPI.IX._T.N._Z
G7,G7,M,N,CPI,IX,_T,N,_Z,2019-03,105.8081,2015.0,G7.M.N.CPI.IX._T.N._Z
G7,G7,M,N,CPI,IX,_T,N,_Z,2019-04,106.3404,2015.0,G7.M.N.CPI.IX._T.N._Z
G7,G7,M,N,CPI,IX,_T,N,_Z,2019-05,106.5353,2015.0,G7.M.N.CPI.IX._T.N._Z
G7,G7,M,N,CPI,IX,_T,N,_Z,2019-06,106.5743,2015.0,G7.M.N.CPI.IX._T.N._Z
G7,G7,M,N,CPI,IX,_T,N,_Z,2019-07,106.7274,2015.0,G7.M.N.CPI.IX._T.N._Z
G7,G7,M,N,CPI,IX,_T,N,_Z,2019-08,106.8124,2015.0,G7.M.N.CPI.IX._T.N._Z
G7,G7,M,N,CPI,IX,_T,N,_Z,2019-09,106.7899,2015.0,G7.M.N.CPI.IX._T.N._Z
G7,G7,M,N,CPI,IX,_T,N,_Z,2019-10,106.9734,2015.0,G7.M.N.CPI.IX._T.N._Z
G7,G7,M,N,CPI,IX,_T,N,_Z,2019-11,106.8777,2015.0,G7.M.N.CPI.IX._T.N._Z
G7,G7,M,N,CPI,IX,_T,N,_Z,2019-12,106.8975,2015.0,G7.M.N.CPI.IX._T.N._Z
G7,G7,M,N,CPI,IX,_T,N,_Z,2020-01,107.0618,2015.0,G7.M.N.CPI.IX._T.N._Z
G7,G7,M,N,CPI,IX,_T,N,_Z,2020-04,106.7085,2015.0,G7.M.N.CPI.IX._T.N._Z
G7,G7,M,N,CPI,IX,_T,N,_Z,2020-05,106.7203,2015.0,G7.M.N.CPI.IX._T.N._Z
G7,G7,M,N,CPI,IX,_T,N,_Z,2020-06,107.0962,2015.0,G7.M.N.CPI.IX._T.N._Z
G7,G7,M,N,CPI,IX,_T,N,_Z,2020-07,107.364,2015.0,G7.M.N.CPI.IX._T.N._Z
G7,G7,M,N,CPI,IX,_T,N,_Z,2020-08,107.5449,2015.0,G7.M.N.CPI.IX._T.N._Z
G7,G7,M,N,CPI,IX,_T,N,_Z,2020-09,107.5536,2015.0,G7.M.N.CPI.IX._T.N._Z
G7,G7,M,N,CPI,IX,_T,N,_Z,2020-10,107.6279,2015.0,G7.M.N.CPI.IX._T.N._Z
G7,G7,M,N,CPI,IX,_T,N,_Z,2020-11,107.5403,2015.0,G7.M.N.CPI.IX._T.N._Z
G7,G7,M,N,CPI,IX,_T,N,_Z,2020-12,107.623,2015.0,G7.M.N.CPI.IX._T.N._Z
G7,G7,M,N,CPI,IX,_T,N,_Z,2021-01,108.141,2015.0,G7.M.N.CPI.IX._T.N._Z
G7,G7,M,N,CPI,IX,_T,N,_Z,2021-02,108.564,2015.0,G7.M.N.CPI.IX._T.N._Z
G7,G7,M,N,CPI,IX,_T,N,_Z,2021-03,109.1705,2015.0,G7.M.N.CPI.IX._T.N._Z
G7,G7,M,N,CPI,IX,_T,N,_Z,2021-04,109.7277,2015.0,G7.M.N.CPI.IX._T.N._Z
G7,G7,M,N,CPI,IX,_T,N,_Z,2021-05,110.3789,2015.0,G7.M.N.CPI.IX._T.N._Z
G7,G7,M,N,CPI,IX,_T,N,_Z,2021-06,111.0712,2015.0,G7.M.N.CPI.IX._T.N._Z
G7,G7,M,N,CPI,IX,_T,N,_Z,2021-07,111.519,2015.0,G7.M.N.CPI.IX._T.N._Z
G7,G7,M,N,CPI,IX,_T,N,_Z,2021-08,111.7835,2015.0,G7.M.N.CPI.IX._T.N._Z
G7,G7,M,N,CPI,IX,_T,N,_Z,2021-09,112.0317,2015.0,G7.M.N.CPI.IX._T.N._Z
G7,G7,M,N,CPI,IX,_T,N,_Z,2021-10,112.7776,2015.0,G7.M.N.CPI.IX._T.N._Z
G7,G7,M,N,CPI,IX,_T,N,_Z,2021-11,113.2499,2015.0,G7.M.N.CPI.IX._T.N._Z
G7,G7,M,N,CPI,IX,_T,N,_Z,2021-12,113.5431,2015.0,G7.M.N.CPI.IX._T.N._Z
G7,G7,M,N,CPI,IX,_T,N,_Z,2022-01,114.327,2015.0,G7.M.N.CPI.IX._T.N._Z
G7,G7,M,N,CPI,IX,_T,N,_Z,2022-02,115.2811,2015.0,G7.M.N.CPI.IX._T.N._Z
G7,G7,M,N,CPI,IX,_T,N,_Z,2022-03,116.7325,2015.0,G7.M.N.CPI.IX._T.N._Z
G7,G7,M,N,CPI,IX,_T,N,_Z,2022-04,117.4573,2015.0,G7.M.N.CPI.IX._T.N._Z
G7,G7,M,N,CPI,IX,_T,N,_Z,2022-05,118.5671,2015.0,G7.M.N.CPI.IX._T.N._Z
G7,G7,M,N,CPI,IX,_T,N,_Z,2022-06,119.7405,2015.0,G7.M.N.CPI.IX._T.N._Z
G7,G7,M,N,CPI,IX,_T,N,_Z,2022-07,119.9344,2015.0,G7.M.N.CPI.IX._T.N._Z
G7,G7,M,N,CPI,IX,_T,N,_Z,2022-08,120.0955,2015.0,G7.M.N.CPI.IX._T.N._Z
G7,G7,M,N,CPI,IX,_T,N,_Z,2022-09,120.5073,2015.0,G7.M.N.CPI.IX._T.N._Z
G7,G7,M,N,CPI,IX,_T,N,_Z,2022-10,121.4047,2015.0,G7.M.N.CPI.IX._T.N._Z
G7,G7,M,N,CPI,IX,_T,N,_Z,2022-11,121.4756,2015.0,G7.M.N.CPI.IX._T.N._Z
G7,G7,M,N,CPI,IX,_T,N,_Z,2022-12,121.2493,2015.0,G7.M.N.CPI.IX._T.N._Z
G7,G7,M,N,CPI,IX,_T,N,_Z,2023-01,122.0044,2015.0,G7.M.N.CPI.IX._T.N._Z
G7,G7,M,N,CPI,IX,_T,N,_Z,2023-02,122.6034,2015.0,G7.M.N.CPI.IX._T.N._Z
G7,G7,M,N,CPI,IX,_T,N,_Z,2023-03,123.0995,2015.0,G7.M.N.CPI.IX._T.N._Z
G7,G7,M,N,CPI,IX,_T,N,_Z,2023-04,123.7915,2015.0,G7.M.N.CPI.IX._T.N._Z
G7,G7,M,N,CPI,IX,_T,N,_Z,2023-05,124.0691,2015.0,G7.M.N.CPI.IX._T.N._Z
G7,G7,M,N,CPI,IX,_T,N,_Z,2023-06,124.3834,2015.0,G7.M.N.CPI.IX._T.N._Z
G7,G7,M,N,CPI,IX,_T,N,_Z,2023-07,124.6057,2015.0,G7.M.N.CPI.IX._T.N._Z
G7,G7,M,N,CPI,IX,_T,N,_Z,2023-08,125.1329,2015.0,G7.M.N.CPI.IX._T.N._Z
G7,G7,M,N,CPI,IX,_T,N,_Z,2023-09,125.395,2015.0,G7.M.N.CPI.IX._T.N._Z
G7,G7,M,N,CPI,IX,_T,N,_Z,2023-10,125.4812,2015.0,G7.M.N.CPI.IX._T.N._Z
G7,G7,M,N,CPI,IX,_T,N,_Z,2023-11,125.2036,2015.0,G7.M.N.CPI.IX._T.N._Z
G7,G7,M,N,CPI,IX,_T,N,_Z,2023-12,125.1715,2015.0,G7.M.N.CPI.IX._T.N._Z
G7,G7,M,N,CPI,IX,_T,N,_Z,2024-01,125.5652,2015.0,G7.M.N.CPI.IX._T.N._Z
G7,G7,M,N,CPI,IX,_T,N,_Z,2024-02,126.2062,2015.0,G7.M.N.CPI.IX._T.N._Z
G7,G7,M,N,CPI,IX,_T,N,_Z,2024-03,126.8667,2015.0,G7.M.N.CPI.IX._T.N._Z
G7,G7,M,N,CPI,IX,_T,N,_Z,2024-04,127.3773,2015.0,G7.M.N.CPI.IX._T.N._Z
G7,G7,M,N,CPI,IX,_T,N,_Z,2024-05,127.633,2015.0,G7.M.N.CPI.IX._T.N._Z
G7,G7,M,N,CPI,IX,_T,N,_Z,2024-06,127.7122,2015.0,G7.M.N.CPI.IX._T.N._Z
G7,G7,M,N,CPI,IX,_T,N,_Z,2024-07,127.9498,2015.0,G7.M.N.CPI.IX._T.N._Z
G7,G7,M,N,CPI,IX,_T,N,_Z,2024-08,128.1474,2015.0,G7.M.N.CPI.IX._T.N._Z
G7,G7,M,N,CPI,IX,_T,N,_Z,2024-09,128.108,2015.0,G7.M.N.CPI.IX._T.N._Z
G7,G7,M,N,CPI,IX,_T,N,_Z,2024-10,128.4249,2015.0,G7.M.N.CPI.IX._T.N._Z
G7,G7,M,N,CPI,IX,_T,N,_Z,2024-11,128.411,2015.0,G7.M.N.CPI.IX._T.N._Z
G7,G7,M,N,CPI,IX,_T,N,_Z,2024-12,128.6154,2015.0,G7.M.N.CPI.IX._T.N._Z
G7,G7,M,N,CPI,IX,_T,N,_Z,2025-01,129.1879,2015.0,G7.M.N.CPI.IX._T.N._Z
G7,G7,M,N,CPI,IX,_T,N,_Z,2025-02,129.62,2015.0,G7.M.N.CPI.IX._T.N._Z
G7,G7,M,N,CPI,IX,_T,N,_Z,2025-03,129.9562,2015.0,G7.M.N.CPI.IX._T.N._Z
G7,G7,M,N,CPI,IX,_T,N,_Z,2025-04,130.4641,2015.0,G7.M.N.CPI.IX._T.N._Z
G7,G7,M,N,CPI,IX,_T,N,_Z,2025-05,130.7014,2015.0,G7.M.N.CPI.IX._T.N._Z
G7,G7,M,N,CPI,IX,_T,N,_Z,2025-06,131.0197,2015.0,G7.M.N.CPI.IX._T.N._Z
G7,G7,M,N,CPI,IX,_T,N,_Z,2025-07,131.2701,2015.0,G7.M.N.CPI.IX._T.N._Z
G7,G7,M,N,CPI,IX,_T,N,_Z,2025-08,131.5879,2015.0,G7.M.N.CPI.IX._T.N._Z
G7,G7,M,N,CPI,IX,_T,N,_Z,2025-09,131.6942,2015.0,G7.M.N.CPI.IX._T.N._Z
G7,G7,M,N,CPI,IX,_T,N,_Z,2025-11,131.6588,2015.0,G7.M.N.CPI.IX._T.N._Z
G7,G7,M,N,CPI,IX,_T,N,_Z,2025-12,131.6709,2015.0,G7.M.N.CPI.IX._T.N._Z
G7,G7,M,N,CPI,IX,_T,N,_Z,2026-01,131.915,2015.0,G7.M.N.CPI.IX._T.N._Z
G7,G7,M,N,CPI,IX,_T,N,_Z,2026-02,132.4021,2015.0,G7.M.N.CPI.IX._T.N._Z
G7,G7,M,N,CPI,IX,_T,N,_Z,2026-03,133.6149,2015.0,G7.M.N.CPI.IX._T.N._Z
G7,G7,M,N,CPI,IX,_T,N,_Z,2026-04,134.6501,2015.0,G7.M.N.CPI.IX._T.N._Z
G7,G7,M,N,CPI,IX,_T,N,_Z,2026-05,135.2965,2015.0,G7.M.N.CPI.IX._T.N._Z
G7,G7,M,N,CPI,IX,_T,N,_Z,2026-06,134.9687,2015.0,G7.M.N.CPI.IX._T.N._Z
G7,G7,M,N,CPI,IX,_T,N,_Z,2026-07,135.2399,2015.0,G7.M.N.CPI.IX._T.N._Z
G20,G20,M,N,CPI,IX,_T,N,_Z,2015-01,98.33925,2015.0,G20.M.N.CPI.IX._T.N._Z
G20,G20,M,N,CPI,IX,_T,N,_Z,2015-02,98.8591,2015.0,G20.M.N.CPI.IX._T.N._Z
G20,G20,M,N,CPI,IX,_T,N,_Z,2015-03,99.35279,2015.0,G20.M.N.CPI.IX._T.N._Z
G20,G20,M,N,CPI,IX,_T,N,_Z,2015-04,99.64553,2015.0,G20.M.N.CPI.IX._T.N._Z
G20,G20,M,N,CPI,IX,_T,N,_Z,2015-05,99.96032,2015.0,G20.M.N.CPI.IX._T.N._Z
G20,G20,M,N,CPI,IX,_T,N,_Z,2015-06,100.1956,2015.0,G20.M.N.CPI.IX._T.N._Z
G20,G20,M,N,CPI,IX,_T,N,_Z,2015-07,100.3209,2015.0,G20.M.N.CPI.IX._T.N._Z
G20,G20,M,N,CPI,IX,_T,N,_Z,2015-08,100.4406,2015.0,G20.M.N.CPI.IX._T.N._Z
G20,G20,M,N,CPI,IX,_T,N,_Z,2015-09,100.5767,2015.0,G20.M.N.CPI.IX._T.N._Z
G20,G20,M,N,CPI,IX,_T,N,_Z,2015-10,100.7533,2015.0,G20.M.N.CPI.IX._T.N._Z
G20,G20,M,N,CPI,IX,_T,N,_Z,2015-11,100.7404,2015.0,G20.M.N.CPI.IX._T.N._Z
G20,G20,M,N,CPI,IX,_T,N,_Z,2015-12,100.8154,2015.0,G20.M.N.CPI.IX._T.N._Z
G20,G20,M,N,CPI,IX,_T,N,_Z,2016-01,100.8537,2015.0,G20.M.N.CPI.IX._T.N._Z
G20,G20,M,N,CPI,IX,_T,N,_Z,2016-02,101.191,2015.0,G20.M.N.CPI.IX._T.N._Z
G20,G20,M,N,CPI,IX,_T,N,_Z,2016-03,101.5369,2015.0,G20.M.N.CPI.IX._T.N._Z
G20,G20,M,N,CPI,IX,_T,N,_Z,2016-04,101.8376,2015.0,G20.M.N.CPI.IX._T.N._Z
G20,G20,M,N,CPI,IX,_T,N,_Z,2016-05,102.1442,2015.0,G20.M.N.CPI.IX._T.N._Z
G20,G20,M,N,CPI,IX,_T,N,_Z,2016-06,102.3625,2015.0,G20.M.N.CPI.IX._T.N._Z
G20,G20,M,N,CPI,IX,_T,N,_Z,2016-07,102.4604,2015.0,G20.M.N.CPI.IX._T.N._Z
G20,G20,M,N,CPI,IX,_T,N,_Z,2016-08,102.4738,2015.0,G20.M.N.CPI.IX._T.N._Z
G20,G20,M,N,CPI,IX,_T,N,_Z,2016-09,102.7474,2015.0,G20.M.N.CPI.IX._T.N._Z
G20,G20,M,N,CPI,IX,_T,N,_Z,2016-10,102.981,2015.0,G20.M.N.CPI.IX._T.N._Z
G20,G20,M,N,CPI,IX,_T,N,_Z,2016-11,102.9379,2015.0,G20.M.N.CPI.IX._T.N._Z
G20,G20,M,N,CPI,IX,_T,N,_Z,2016-12,103.103,2015.0,G20.M.N.CPI.IX._T.N._Z
G20,G20,M,N,CPI,IX,_T,N,_Z,2017-01,103.4611,2015.0,G20.M.N.CPI.IX._T.N._Z
G20,G20,M,N,CPI,IX,_T,N,_Z,2017-02,103.6913,2015.0,G20.M.N.CPI.IX._T.N._Z
G20,G20,M,N,CPI,IX,_T,N,_Z,2017-03,103.9051,2015.0,G20.M.N.CPI.IX._T.N._Z
G20,G20,M,N,CPI,IX,_T,N,_Z,2017-04,104.25,2015.0,G20.M.N.CPI.IX._T.N._Z
G20,G20,M,N,CPI,IX,_T,N,_Z,2017-05,104.3775,2015.0,G20.M.N.CPI.IX._T.N._Z
G20,G20,M,N,CPI,IX,_T,N,_Z,2017-06,104.4748,2015.0,G20.M.N.CPI.IX._T.N._Z
G20,G20,M,N,CPI,IX,_T,N,_Z,2017-07,104.5642,2015.0,G20.M.N.CPI.IX._T.N._Z
G20,G20,M,N,CPI,IX,_T,N,_Z,2017-08,104.8183,2015.0,G20.M.N.CPI.IX._T.N._Z
G20,G20,M,N,CPI,IX,_T,N,_Z,2017-09,105.1889,2015.0,G20.M.N.CPI.IX._T.N._Z
G20,G20,M,N,CPI,IX,_T,N,_Z,2017-10,105.3833,2015.0,G20.M.N.CPI.IX._T.N._Z
G20,G20,M,N,CPI,IX,_T,N,_Z,2017-11,105.5032,2015.0,G20.M.N.CPI.IX._T.N._Z
G20,G20,M,N,CPI,IX,_T,N,_Z,2017-12,105.6453,2015.0,G20.M.N.CPI.IX._T.N._Z
G20,G20,M,N,CPI,IX,_T,N,_Z,2018-01,106.0116,2015.0,G20.M.N.CPI.IX._T.N._Z
G20,G20,M,N,CPI,IX,_T,N,_Z,2018-02,106.4849,2015.0,G20.M.N.CPI.IX._T.N._Z
G20,G20,M,N,CPI,IX,_T,N,_Z,2018-03,106.6031,2015.0,G20.M.N.CPI.IX._T.N._Z
G20,G20,M,N,CPI,IX,_T,N,_Z,2018-04,106.9109,2015.0,G20.M.N.CPI.IX._T.N._Z
G20,G20,M,N,CPI,IX,_T,N,_Z,2018-05,107.2578,2015.0,G20.M.N.CPI.IX._T.N._Z
G20,G20,M,N,CPI,IX,_T,N,_Z,2018-06,107.5934,2015.0,G20.M.N.CPI.IX._T.N._Z
G20,G20,M,N,CPI,IX,_T,N,_Z,2018-07,108.0507,2015.0,G20.M.N.CPI.IX._T.N._Z
G20,G20,M,N,CPI,IX,_T,N,_Z,2018-08,108.396,2015.0,G20.M.N.CPI.IX._T.N._Z
G20,G20,M,N,CPI,IX,_T,N,_Z,2018-09,108.9213,2015.0,G20.M.N.CPI.IX._T.N._Z
G20,G20,M,N,CPI,IX,_T,N,_Z,2018-10,109.3312,2015.0,G20.M.N.CPI.IX._T.N._Z
G20,G20,M,N,CPI,IX,_T,N,_Z,2018-11,109.1191,2015.0,G20.M.N.CPI.IX._T.N._Z
G20,G20,M,N,CPI,IX,_T,N,_Z,2018-12,109.1003,2015.0,G20.M.N.CPI.IX._T.N._Z
G20,G20,M,N,CPI,IX,_T,N,_Z,2019-01,109.3658,2015.0,G20.M.N.CPI.IX._T.N._Z
G20,G20,M,N,CPI,IX,_T,N,_Z,2019-02,109.8672,2015.0,G20.M.N.CPI.IX._T.N._Z
G20,G20,M,N,CPI,IX,_T,N,_Z,2019-03,110.3692,2015.0,G20.M.N.CPI.IX._T.N._Z
G20,G20,M,N,CPI,IX,_T,N,_Z,2019-04,110.9741,2015.0,G20.M.N.CPI.IX._T.N._Z
G20,G20,M,N,CPI,IX,_T,N,_Z,2019-05,111.2627,2015.0,G20.M.N.CPI.IX._T.N._Z
G20,G20,M,N,CPI,IX,_T,N,_Z,2019-06,111.3998,2015.0,G20.M.N.CPI.IX._T.N._Z
G20,G20,M,N,CPI,IX,_T,N,_Z,2019-07,111.6622,2015.0,G20.M.N.CPI.IX._T.N._Z
G20,G20,M,N,CPI,IX,_T,N,_Z,2019-08,111.971,2015.0,G20.M.N.CPI.IX._T.N._Z
G20,G20,M,N,CPI,IX,_T,N,_Z,2019-09,112.3723,2015.0,G20.M.N.CPI.IX._T.N._Z
G20,G20,M,N,CPI,IX,_T,N,_Z,2019-10,112.905,2015.0,G20.M.N.CPI.IX._T.N._Z
G20,G20,M,N,CPI,IX,_T,N,_Z,2019-11,113.1568,2015.0,G20.M.N.CPI.IX._T.N._Z
G20,G20,M,N,CPI,IX,_T,N,_Z,2019-12,113.4546,2015.0,G20.M.N.CPI.IX._T.N._Z
G20,G20,M,N,CPI,IX,_T,N,_Z,2020-01,113.8111,2015.0,G20.M.N.CPI.IX._T.N._Z
G20,G20,M,N,CPI,IX,_T,N,_Z,2020-04,113.6767,2015.0,G20.M.N.CPI.IX._T.N._Z
G20,G20,M,N,CPI,IX,_T,N,_Z,2020-05,113.6157,2015.0,G20.M.N.CPI.IX._T.N._Z
G20,G20,M,N,CPI,IX,_T,N,_Z,2020-06,114.021,2015.0,G20.M.N.CPI.IX._T.N._Z
G20,G20,M,N,CPI,IX,_T,N,_Z,2020-07,114.3973,2015.0,G20.M.N.CPI.IX._T.N._Z
G20,G20,M,N,CPI,IX,_T,N,_Z,2020-08,114.8148,2015.0,G20.M.N.CPI.IX._T.N._Z
G20,G20,M,N,CPI,IX,_T,N,_Z,2020-09,115.0736,2015.0,G20.M.N.CPI.IX._T.N._Z
G20,G20,M,N,CPI,IX,_T,N,_Z,2020-10,115.4024,2015.0,G20.M.N.CPI.IX._T.N._Z
G20,G20,M,N,CPI,IX,_T,N,_Z,2020-11,115.4042,2015.0,G20.M.N.CPI.IX._T.N._Z
G20,G20,M,N,CPI,IX,_T,N,_Z,2020-12,115.7456,2015.0,G20.M.N.CPI.IX._T.N._Z
G20,G20,M,N,CPI,IX,_T,N,_Z,2021-01,116.2873,2015.0,G20.M.N.CPI.IX._T.N._Z
G20,G20,M,N,CPI,IX,_T,N,_Z,2021-02,116.8799,2015.0,G20.M.N.CPI.IX._T.N._Z
G20,G20,M,N,CPI,IX,_T,N,_Z,2021-03,117.442,2015.0,G20.M.N.CPI.IX._T.N._Z
G20,G20,M,N,CPI,IX,_T,N,_Z,2021-04,117.956,2015.0,G20.M.N.CPI.IX._T.N._Z
G20,G20,M,N,CPI,IX,_T,N,_Z,2021-05,118.4883,2015.0,G20.M.N.CPI.IX._T.N._Z
G20,G20,M,N,CPI,IX,_T,N,_Z,2021-06,119.0331,2015.0,G20.M.N.CPI.IX._T.N._Z
G20,G20,M,N,CPI,IX,_T,N,_Z,2021-07,119.5716,2015.0,G20.M.N.CPI.IX._T.N._Z
G20,G20,M,N,CPI,IX,_T,N,_Z,2021-08,119.9061,2015.0,G20.M.N.CPI.IX._T.N._Z
G20,G20,M,N,CPI,IX,_T,N,_Z,2021-09,120.352,2015.0,G20.M.N.CPI.IX._T.N._Z
G20,G20,M,N,CPI,IX,_T,N,_Z,2021-10,121.4194,2015.0,G20.M.N.CPI.IX._T.N._Z
G20,G20,M,N,CPI,IX,_T,N,_Z,2021-11,122.155,2015.0,G20.M.N.CPI.IX._T.N._Z
G20,G20,M,N,CPI,IX,_T,N,_Z,2021-12,122.8249,2015.0,G20.M.N.CPI.IX._T.N._Z
G20,G20,M,N,CPI,IX,_T,N,_Z,2022-01,123.7857,2015.0,G20.M.N.CPI.IX._T.N._Z
G20,G20,M,N,CPI,IX,_T,N,_Z,2022-02,124.7904,2015.0,G20.M.N.CPI.IX._T.N._Z
G20,G20,M,N,CPI,IX,_T,N,_Z,2022-03,126.7074,2015.0,G20.M.N.CPI.IX._T.N._Z
G20,G20,M,N,CPI,IX,_T,N,_Z,2022-04,127.9969,2015.0,G20.M.N.CPI.IX._T.N._Z
G20,G20,M,N,CPI,IX,_T,N,_Z,2022-05,128.969,2015.0,G20.M.N.CPI.IX._T.N._Z
G20,G20,M,N,CPI,IX,_T,N,_Z,2022-06,130.0242,2015.0,G20.M.N.CPI.IX._T.N._Z
G20,G20,M,N,CPI,IX,_T,N,_Z,2022-07,130.5665,2015.0,G20.M.N.CPI.IX._T.N._Z
G20,G20,M,N,CPI,IX,_T,N,_Z,2022-08,130.9032,2015.0,G20.M.N.CPI.IX._T.N._Z
G20,G20,M,N,CPI,IX,_T,N,_Z,2022-09,131.763,2015.0,G20.M.N.CPI.IX._T.N._Z
G20,G20,M,N,CPI,IX,_T,N,_Z,2022-10,132.846,2015.0,G20.M.N.CPI.IX._T.N._Z
G20,G20,M,N,CPI,IX,_T,N,_Z,2022-11,133.1181,2015.0,G20.M.N.CPI.IX._T.N._Z
G20,G20,M,N,CPI,IX,_T,N,_Z,2022-12,133.2391,2015.0,G20.M.N.CPI.IX._T.N._Z
G20,G20,M,N,CPI,IX,_T,N,_Z,2023-01,134.2229,2015.0,G20.M.N.CPI.IX._T.N._Z
G20,G20,M,N,CPI,IX,_T,N,_Z,2023-02,134.8181,2015.0,G20.M.N.CPI.IX._T.N._Z
G20,G20,M,N,CPI,IX,_T,N,_Z,2023-03,135.4966,2015.0,G20.M.N.CPI.IX._T.N._Z
G20,G20,M,N,CPI,IX,_T,N,_Z,2023-04,136.2869,2015.0,G20.M.N.CPI.IX._T.N._Z
G20,G20,M,N,CPI,IX,_T,N,_Z,2023-05,136.6378,2015.0,G20.M.N.CPI.IX._T.N._Z
G20,G20,M,N,CPI,IX,_T,N,_Z,2023-06,137.2545,2015.0,G20.M.N.CPI.IX._T.N._Z
G20,G20,M,N,CPI,IX,_T,N,_Z,2023-07,138.3164,2015.0,G20.M.N.CPI.IX._T.N._Z
G20,G20,M,N,CPI,IX,_T,N,_Z,2023-08,139.3544,2015.0,G20.M.N.CPI.IX._T.N._Z
G20,G20,M,N,CPI,IX,_T,N,_Z,2023-09,140.0501,2015.0,G20.M.N.CPI.IX._T.N._Z
G20,G20,M,N,CPI,IX,_T,N,_Z,2023-10,140.7075,2015.0,G20.M.N.CPI.IX._T.N._Z
G20,G20,M,N,CPI,IX,_T,N,_Z,2023-11,141.1609,2015.0,G20.M.N.CPI.IX._T.N._Z
G20,G20,M,N,CPI,IX,_T,N,_Z,2023-12,142.3372,2015.0,G20.M.N.CPI.IX._T.N._Z
G20,G20,M,N,CPI,IX,_T,N,_Z,2024-03,145.0277,2015.0,G20.M.N.CPI.IX._T.N._Z
G20,G20,M,N,CPI,IX,_T,N,_Z,2024-04,145.8161,2015.0,G20.M.N.CPI.IX._T.N._Z
G20,G20,M,N,CPI,IX,_T,N,_Z,2024-05,146.3236,2015.0,G20.M.N.CPI.IX._T.N._Z
G20,G20,M,N,CPI,IX,_T,N,_Z,2024-06,146.7248,2015.0,G20.M.N.CPI.IX._T.N._Z
G20,G20,M,N,CPI,IX,_T,N,_Z,2024-07,147.461,2015.0,G20.M.N.CPI.IX._T.N._Z
G20,G20,M,N,CPI,IX,_T,N,_Z,2024-08,147.896,2015.0,G20.M.N.CPI.IX._T.N._Z
G20,G20,M,N,CPI,IX,_T,N,_Z,2024-09,148.2671,2015.0,G20.M.N.CPI.IX._T.N._Z
G20,G20,M,N,CPI,IX,_T,N,_Z,2024-10,148.8751,2015.0,G20.M.N.CPI.IX._T.N._Z
G20,G20,M,N,CPI,IX,_T,N,_Z,2024-11,149.0022,2015.0,G20.M.N.CPI.IX._T.N._Z
G20,G20,M,N,CPI,IX,_T,N,_Z,2024-12,149.3436,2015.0,G20.M.N.CPI.IX._T.N._Z
G20,G20,M,N,CPI,IX,_T,N,_Z,2025-01,149.9972,2015.0,G20.M.N.CPI.IX._T.N._Z
G20,G20,M,N,CPI,IX,_T,N,_Z,2025-02,150.4505,2015.0,G20.M.N.CPI.IX._T.N._Z
G20,G20,M,N,CPI,IX,_T,N,_Z,2025-03,150.9908,2015.0,G20.M.N.CPI.IX._T.N._Z
G20,G20,M,N,CPI,IX,_T,N,_Z,2025-04,151.6466,2015.0,G20.M.N.CPI.IX._T.N._Z
G20,G20,M,N,CPI,IX,_T,N,_Z,2025-05,151.935,2015.0,G20.M.N.CPI.IX._T.N._Z
G20,G20,M,N,CPI,IX,_T,N,_Z,2025-06,152.3617,2015.0,G20.M.N.CPI.IX._T.N._Z
G20,G20,M,N,CPI,IX,_T,N,_Z,2025-07,152.9833,2015.0,G20.M.N.CPI.IX._T.N._Z
G20,G20,M,N,CPI,IX,_T,N,_Z,2025-08,153.3056,2015.0,G20.M.N.CPI.IX._T.N._Z
G20,G20,M,N,CPI,IX,_T,N,_Z,2025-09,153.7108,2015.0,G20.M.N.CPI.IX._T.N._Z
G20,G20,M,N,CPI,IX,_T,N,_Z,2025-11,154.2546,2015.0,G20.M.N.CPI.IX._T.N._Z
G20,G20,M,N,CPI,IX,_T,N,_Z,2025-12,154.5065,2015.0,G20.M.N.CPI.IX._T.N._Z
G20,G20,M,N,CPI,IX,_T,N,_Z,2026-01,154.9485,2015.0,G20.M.N.CPI.IX._T.N._Z
G20,G20,M,N,CPI,IX,_T,N,_Z,2026-02,155.8295,2015.0,G20.M.N.CPI.IX._T.N._Z
G20,G20,M,N,CPI,IX,_T,N,_Z,2026-03,156.8272,2015.0,G20.M.N.CPI.IX._T.N._Z
G20,G20,M,N,CPI,IX,_T,N,_Z,2026-04,157.8907,2015.0,G20.M.N.CPI.IX._T.N._Z
G20,G20,M,N,CPI,IX,_T,N,_Z,2026-05,158.5053,2015.0,G20.M.N.CPI.IX._T.N._Z
G20,G20,M,N,CPI,IX,_T,N,_Z,2026-06,158.5415,2015.0,G20.M.N.CPI.IX._T.N._Z
G20,G20,M,N,CPI,IX,_T,N,_Z,2026-07,158.9365,2015.0,G20.M.N.CPI.IX._T.N._Z
OECD,OECD,M,N,CPI,IX,_T,N,_Z,2015-01,98.79189,2015.0,OECD.M.N.CPI.IX._T.N._Z
OECD,OECD,M,N,CPI,IX,_T,N,_Z,2015-02,99.13786,2015.0,OECD.M.N.CPI.IX._T.N._Z
OECD,OECD,M,N,CPI,IX,_T,N,_Z,2015-03,99.64237,2015.0,OECD.M.N.CPI.IX._T.N._Z
OECD,OECD,M,N,CPI,IX,_T,N,_Z,2015-04,99.9437,2015.0,OECD.M.N.CPI.IX._T.N._Z
OECD,OECD,M,N,CPI,IX,_T,N,_Z,2015-05,100.2568,2015.0,OECD.M.N.CPI.IX._T.N._Z
OECD,OECD,M,N,CPI,IX,_T,N,_Z,2015-06,100.3948,2015.0,OECD.M.N.CPI.IX._T.N._Z
OECD,OECD,M,N,CPI,IX,_T,N,_Z,2015-07,100.3602,2015.0,OECD.M.N.CPI.IX._T.N._Z
OECD,OECD,M,N,CPI,IX,_T,N,_Z,2015-08,100.3538,2015.0,OECD.M.N.CPI.IX._T.N._Z
OECD,OECD,M,N,CPI,IX,_T,N,_Z,2015-09,100.3008,2015.0,OECD.M.N.CPI.IX._T.N._Z
OECD,OECD,M,N,CPI,IX,_T,N,_Z,2015-10,100.414,2015.0,OECD.M.N.CPI.IX._T.N._Z
OECD,OECD,M,N,CPI,IX,_T,N,_Z,2015-11,100.2575,2015.0,OECD.M.N.CPI.IX._T.N._Z
OECD,OECD,M,N,CPI,IX,_T,N,_Z,2015-12,100.1462,2015.0,OECD.M.N.CPI.IX._T.N._Z
OECD,OECD,M,N,CPI,IX,_T,N,_Z,2016-01,100.0536,2015.0,OECD.M.N.CPI.IX._T.N._Z
OECD,OECD,M,N,CPI,IX,_T,N,_Z,2016-02,100.1892,2015.0,OECD.M.N.CPI.IX._T.N._Z
OECD,OECD,M,N,CPI,IX,_T,N,_Z,2016-03,100.5751,2015.0,OECD.M.N.CPI.IX._T.N._Z
OECD,OECD,M,N,CPI,IX,_T,N,_Z,2016-04,100.8955,2015.0,OECD.M.N.CPI.IX._T.N._Z
OECD,OECD,M,N,CPI,IX,_T,N,_Z,2016-05,101.1833,2015.0,OECD.M.N.CPI.IX._T.N._Z
OECD,OECD,M,N,CPI,IX,_T,N,_Z,2016-06,101.3981,2015.0,OECD.M.N.CPI.IX._T.N._Z
OECD,OECD,M,N,CPI,IX,_T,N,_Z,2016-07,101.351,2015.0,OECD.M.N.CPI.IX._T.N._Z
OECD,OECD,M,N,CPI,IX,_T,N,_Z,2016-08,101.4075,2015.0,OECD.M.N.CPI.IX._T.N._Z
OECD,OECD,M,N,CPI,IX,_T,N,_Z,2016-09,101.5935,2015.0,OECD.M.N.CPI.IX._T.N._Z
OECD,OECD,M,N,CPI,IX,_T,N,_Z,2016-10,101.8723,2015.0,OECD.M.N.CPI.IX._T.N._Z
OECD,OECD,M,N,CPI,IX,_T,N,_Z,2016-11,101.8086,2015.0,OECD.M.N.CPI.IX._T.N._Z
OECD,OECD,M,N,CPI,IX,_T,N,_Z,2016-12,102.0243,2015.0,OECD.M.N.CPI.IX._T.N._Z
OECD,OECD,M,N,CPI,IX,_T,N,_Z,2017-01,102.4072,2015.0,OECD.M.N.CPI.IX._T.N._Z
OECD,OECD,M,N,CPI,IX,_T,N,_Z,2017-02,102.7351,2015.0,OECD.M.N.CPI.IX._T.N._Z
OECD,OECD,M,N,CPI,IX,_T,N,_Z,2017-03,102.9385,2015.0,OECD.M.N.CPI.IX._T.N._Z
OECD,OECD,M,N,CPI,IX,_T,N,_Z,2017-04,103.3053,2015.0,OECD.M.N.CPI.IX._T.N._Z
OECD,OECD,M,N,CPI,IX,_T,N,_Z,2017-05,103.3728,2015.0,OECD.M.N.CPI.IX._T.N._Z
OECD,OECD,M,N,CPI,IX,_T,N,_Z,2017-06,103.4043,2015.0,OECD.M.N.CPI.IX._T.N._Z
OECD,OECD,M,N,CPI,IX,_T,N,_Z,2017-07,103.3935,2015.0,OECD.M.N.CPI.IX._T.N._Z
OECD,OECD,M,N,CPI,IX,_T,N,_Z,2017-08,103.6713,2015.0,OECD.M.N.CPI.IX._T.N._Z
OECD,OECD,M,N,CPI,IX,_T,N,_Z,2017-09,103.9978,2015.0,OECD.M.N.CPI.IX._T.N._Z
OECD,OECD,M,N,CPI,IX,_T,N,_Z,2017-10,104.1399,2015.0,OECD.M.N.CPI.IX._T.N._Z
OECD,OECD,M,N,CPI,IX,_T,N,_Z,2017-11,104.2663,2015.0,OECD.M.N.CPI.IX._T.N._Z
OECD,OECD,M,N,CPI,IX,_T,N,_Z,2017-12,104.4163,2015.0,OECD.M.N.CPI.IX._T.N._Z
OECD,OECD,M,N,CPI,IX,_T,N,_Z,2018-01,104.6571,2015.0,OECD.M.N.CPI.IX._T.N._Z
OECD,OECD,M,N,CPI,IX,_T,N,_Z,2018-02,105.0085,2015.0,OECD.M.N.CPI.IX._T.N._Z
OECD,OECD,M,N,CPI,IX,_T,N,_Z,2018-03,105.2872,2015.0,OECD.M.N.CPI.IX._T.N._Z
OECD,OECD,M,N,CPI,IX,_T,N,_Z,2018-04,105.6451,2015.0,OECD.M.N.CPI.IX._T.N._Z
OECD,OECD,M,N,CPI,IX,_T,N,_Z,2018-05,106.0623,2015.0,OECD.M.N.CPI.IX._T.N._Z
OECD,OECD,M,N,CPI,IX,_T,N,_Z,2018-06,106.2742,2015.0,OECD.M.N.CPI.IX._T.N._Z
OECD,OECD,M,N,CPI,IX,_T,N,_Z,2018-07,106.3655,2015.0,OECD.M.N.CPI.IX._T.N._Z
OECD,OECD,M,N,CPI,IX,_T,N,_Z,2018-08,106.6517,2015.0,OECD.M.N.CPI.IX._T.N._Z
OECD,OECD,M,N,CPI,IX,_T,N,_Z,2018-09,107.008,2015.0,OECD.M.N.CPI.IX._T.N._Z
OECD,OECD,M,N,CPI,IX,_T,N,_Z,2018-10,107.3465,2015.0,OECD.M.N.CPI.IX._T.N._Z
OECD,OECD,M,N,CPI,IX,_T,N,_Z,2018-11,107.0568,2015.0,OECD.M.N.CPI.IX._T.N._Z
OECD,OECD,M,N,CPI,IX,_T,N,_Z,2018-12,106.8863,2015.0,OECD.M.N.CPI.IX._T.N._Z
OECD,OECD,M,N,CPI,IX,_T,N,_Z,2019-01,106.8457,2015.0,OECD.M.N.CPI.IX._T.N._Z
OECD,OECD,M,N,CPI,IX,_T,N,_Z,2019-02,107.1859,2015.0,OECD.M.N.CPI.IX._T.N._Z
OECD,OECD,M,N,CPI,IX,_T,N,_Z,2019-03,107.6706,2015.0,OECD.M.N.CPI.IX._T.N._Z
OECD,OECD,M,N,CPI,IX,_T,N,_Z,2019-04,108.2474,2015.0,OECD.M.N.CPI.IX._T.N._Z
OECD,OECD,M,N,CPI,IX,_T,N,_Z,2019-05,108.4413,2015.0,OECD.M.N.CPI.IX._T.N._Z
OECD,OECD,M,N,CPI,IX,_T,N,_Z,2019-06,108.4745,2015.0,OECD.M.N.CPI.IX._T.N._Z
OECD,OECD,M,N,CPI,IX,_T,N,_Z,2019-07,108.6387,2015.0,OECD.M.N.CPI.IX._T.N._Z
OECD,OECD,M,N,CPI,IX,_T,N,_Z,2019-08,108.7371,2015.0,OECD.M.N.CPI.IX._T.N._Z
OECD,OECD,M,N,CPI,IX,_T,N,_Z,2019-09,108.7953,2015.0,OECD.M.N.CPI.IX._T.N._Z
OECD,OECD,M,N,CPI,IX,_T,N,_Z,2019-10,109.1112,2015.0,OECD.M.N.CPI.IX._T.N._Z
OECD,OECD,M,N,CPI,IX,_T,N,_Z,2019-11,109.0789,2015.0,OECD.M.N.CPI.IX._T.N._Z
OECD,OECD,M,N,CPI,IX,_T,N,_Z,2019-12,109.1877,2015.0,OECD.M.N.CPI.IX._T.N._Z
OECD,OECD,M,N,CPI,IX,_T,N,_Z,2020-01,109.3706,2015.0,OECD.M.N.CPI.IX._T.N._Z
OECD,OECD,M,N,CPI,IX,_T,N,_Z,2020-04,109.1549,2015.0,OECD.M.N.CPI.IX._T.N._Z
OECD,OECD,M,N,CPI,IX,_T,N,_Z,2020-05,109.2065,2015.0,OECD.M.N.CPI.IX._T.N._Z
OECD,OECD,M,N,CPI,IX,_T,N,_Z,2020-06,109.6066,2015.0,OECD.M.N.CPI.IX._T.N._Z
OECD,OECD,M,N,CPI,IX,_T,N,_Z,2020-07,109.8686,2015.0,OECD.M.N.CPI.IX._T.N._Z
OECD,OECD,M,N,CPI,IX,_T,N,_Z,2020-08,110.0492,2015.0,OECD.M.N.CPI.IX._T.N._Z
OECD,OECD,M,N,CPI,IX,_T,N,_Z,2020-09,110.1498,2015.0,OECD.M.N.CPI.IX._T.N._Z
OECD,OECD,M,N,CPI,IX,_T,N,_Z,2020-10,110.354,2015.0,OECD.M.N.CPI.IX._T.N._Z
OECD,OECD,M,N,CPI,IX,_T,N,_Z,2020-11,110.3522,2015.0,OECD.M.N.CPI.IX._T.N._Z
OECD,OECD,M,N,CPI,IX,_T,N,_Z,2020-12,110.5193,2015.0,OECD.M.N.CPI.IX._T.N._Z
OECD,OECD,M,N,CPI,IX,_T,N,_Z,2021-01,111.0817,2015.0,OECD.M.N.CPI.IX._T.N._Z
OECD,OECD,M,N,CPI,IX,_T,N,_Z,2021-02,111.5122,2015.0,OECD.M.N.CPI.IX._T.N._Z
OECD,OECD,M,N,CPI,IX,_T,N,_Z,2021-03,112.1547,2015.0,OECD.M.N.CPI.IX._T.N._Z
OECD,OECD,M,N,CPI,IX,_T,N,_Z,2021-04,112.7722,2015.0,OECD.M.N.CPI.IX._T.N._Z
OECD,OECD,M,N,CPI,IX,_T,N,_Z,2021-05,113.3536,2015.0,OECD.M.N.CPI.IX._T.N._Z
OECD,OECD,M,N,CPI,IX,_T,N,_Z,2021-06,114.0045,2015.0,OECD.M.N.CPI.IX._T.N._Z
OECD,OECD,M,N,CPI,IX,_T,N,_Z,2021-07,114.4948,2015.0,OECD.M.N.CPI.IX._T.N._Z
OECD,OECD,M,N,CPI,IX,_T,N,_Z,2021-08,114.8148,2015.0,OECD.M.N.CPI.IX._T.N._Z
OECD,OECD,M,N,CPI,IX,_T,N,_Z,2021-09,115.195,2015.0,OECD.M.N.CPI.IX._T.N._Z
OECD,OECD,M,N,CPI,IX,_T,N,_Z,2021-10,116.0923,2015.0,OECD.M.N.CPI.IX._T.N._Z
OECD,OECD,M,N,CPI,IX,_T,N,_Z,2021-11,116.7594,2015.0,OECD.M.N.CPI.IX._T.N._Z
OECD,OECD,M,N,CPI,IX,_T,N,_Z,2021-12,117.6839,2015.0,OECD.M.N.CPI.IX._T.N._Z
OECD,OECD,M,N,CPI,IX,_T,N,_Z,2022-01,118.9521,2015.0,OECD.M.N.CPI.IX._T.N._Z
OECD,OECD,M,N,CPI,IX,_T,N,_Z,2022-02,120.0669,2015.0,OECD.M.N.CPI.IX._T.N._Z
OECD,OECD,M,N,CPI,IX,_T,N,_Z,2022-03,121.8519,2015.0,OECD.M.N.CPI.IX._T.N._Z
OECD,OECD,M,N,CPI,IX,_T,N,_Z,2022-04,123.0205,2015.0,OECD.M.N.CPI.IX._T.N._Z
OECD,OECD,M,N,CPI,IX,_T,N,_Z,2022-05,124.2115,2015.0,OECD.M.N.CPI.IX._T.N._Z
OECD,OECD,M,N,CPI,IX,_T,N,_Z,2022-06,125.6345,2015.0,OECD.M.N.CPI.IX._T.N._Z
OECD,OECD,M,N,CPI,IX,_T,N,_Z,2022-07,126.1421,2015.0,OECD.M.N.CPI.IX._T.N._Z
OECD,OECD,M,N,CPI,IX,_T,N,_Z,2022-08,126.5081,2015.0,OECD.M.N.CPI.IX._T.N._Z
OECD,OECD,M,N,CPI,IX,_T,N,_Z,2022-09,127.2288,2015.0,OECD.M.N.CPI.IX._T.N._Z
OECD,OECD,M,N,CPI,IX,_T,N,_Z,2022-10,128.3521,2015.0,OECD.M.N.CPI.IX._T.N._Z
OECD,OECD,M,N,CPI,IX,_T,N,_Z,2022-11,128.6374,2015.0,OECD.M.N.CPI.IX._T.N._Z
OECD,OECD,M,N,CPI,IX,_T,N,_Z,2022-12,128.6336,2015.0,OECD.M.N.CPI.IX._T.N._Z
OECD,OECD,M,N,CPI,IX,_T,N,_Z,2023-01,129.7699,2015.0,OECD.M.N.CPI.IX._T.N._Z
OECD,OECD,M,N,CPI,IX,_T,N,_Z,2023-02,130.5945,2015.0,OECD.M.N.CPI.IX._T.N._Z
OECD,OECD,M,N,CPI,IX,_T,N,_Z,2023-03,131.2565,2015.0,OECD.M.N.CPI.IX._T.N._Z
OECD,OECD,M,N,CPI,IX,_T,N,_Z,2023-04,132.0524,2015.0,OECD.M.N.CPI.IX._T.N._Z
OECD,OECD,M,N,CPI,IX,_T,N,_Z,2023-05,132.2847,2015.0,OECD.M.N.CPI.IX._T.N._Z
OECD,OECD,M,N,CPI,IX,_T,N,_Z,2023-06,132.8011,2015.0,OECD.M.N.CPI.IX._T.N._Z
OECD,OECD,M,N,CPI,IX,_T,N,_Z,2023-07,133.6387,2015.0,OECD.M.N.CPI.IX._T.N._Z
OECD,OECD,M,N,CPI,IX,_T,N,_Z,2023-08,134.7347,2015.0,OECD.M.N.CPI.IX._T.N._Z
OECD,OECD,M,N,CPI,IX,_T,N,_Z,2023-09,135.3353,2015.0,OECD.M.N.CPI.IX._T.N._Z
OECD,OECD,M,N,CPI,IX,_T,N,_Z,2023-10,135.7678,2015.0,OECD.M.N.CPI.IX._T.N._Z
OECD,OECD,M,N,CPI,IX,_T,N,_Z,2023-11,135.8261,2015.0,OECD.M.N.CPI.IX._T.N._Z
OECD,OECD,M,N,CPI,IX,_T,N,_Z,2023-12,136.0867,2015.0,OECD.M.N.CPI.IX._T.N._Z
OECD,OECD,M,N,CPI,IX,_T,N,_Z,2024-01,136.9128,2015.0,OECD.M.N.CPI.IX._T.N._Z
OECD,OECD,M,N,CPI,IX,_T,N,_Z,2024-02,137.7967,2015.0,OECD.M.N.CPI.IX._T.N._Z
OECD,OECD,M,N,CPI,IX,_T,N,_Z,2024-03,138.6322,2015.0,OECD.M.N.CPI.IX._T.N._Z
OECD,OECD,M,N,CPI,IX,_T,N,_Z,2024-04,139.3851,2015.0,OECD.M.N.CPI.IX._T.N._Z
OECD,OECD,M,N,CPI,IX,_T,N,_Z,2024-05,139.8301,2015.0,OECD.M.N.CPI.IX._T.N._Z
OECD,OECD,M,N,CPI,IX,_T,N,_Z,2024-06,140.0522,2015.0,OECD.M.N.CPI.IX._T.N._Z
OECD,OECD,M,N,CPI,IX,_T,N,_Z,2024-07,140.6134,2015.0,OECD.M.N.CPI.IX._T.N._Z
OECD,OECD,M,N,CPI,IX,_T,N,_Z,2024-08,140.9517,2015.0,OECD.M.N.CPI.IX._T.N._Z
OECD,OECD,M,N,CPI,IX,_T,N,_Z,2024-09,141.1266,2015.0,OECD.M.N.CPI.IX._T.N._Z
OECD,OECD,M,N,CPI,IX,_T,N,_Z,2024-10,141.7008,2015.0,OECD.M.N.CPI.IX._T.N._Z
OECD,OECD,M,N,CPI,IX,_T,N,_Z,2024-11,141.9026,2015.0,OECD.M.N.CPI.IX._T.N._Z
OECD,OECD,M,N,CPI,IX,_T,N,_Z,2024-12,142.2204,2015.0,OECD.M.N.CPI.IX._T.N._Z
OECD,OECD,M,N,CPI,IX,_T,N,_Z,2025-01,143.1343,2015.0,OECD.M.N.CPI.IX._T.N._Z
OECD,OECD,M,N,CPI,IX,_T,N,_Z,2025-02,143.7573,2015.0,OECD.M.N.CPI.IX._T.N._Z
OECD,OECD,M,N,CPI,IX,_T,N,_Z,2025-03,144.2451,2015.0,OECD.M.N.CPI.IX._T.N._Z
OECD,OECD,M,N,CPI,IX,_T,N,_Z,2025-04,144.9598,2015.0,OECD.M.N.CPI.IX._T.N._Z
OECD,OECD,M,N,CPI,IX,_T,N,_Z,2025-05,145.2562,2015.0,OECD.M.N.CPI.IX._T.N._Z
OECD,OECD,M,N,CPI,IX,_T,N,_Z,2025-06,145.6742,2015.0,OECD.M.N.CPI.IX._T.N._Z
OECD,OECD,M,N,CPI,IX,_T,N,_Z,2025-07,146.1427,2015.0,OECD.M.N.CPI.IX._T.N._Z
OECD,OECD,M,N,CPI,IX,_T,N,_Z,2025-08,146.5284,2015.0,OECD.M.N.CPI.IX._T.N._Z
OECD,OECD,M,N,CPI,IX,_T,N,_Z,2025-09,146.8595,2015.0,OECD.M.N.CPI.IX._T.N._Z
OECD,OECD,M,N,CPI,IX,_T,N,_Z,2025-11,147.2244,2015.0,OECD.M.N.CPI.IX._T.N._Z
OECD,OECD,M,N,CPI,IX,_T,N,_Z,2025-12,147.3571,2015.0,OECD.M.N.CPI.IX._T.N._Z
OECD,OECD,M,N,CPI,IX,_T,N,_Z,2026-01,147.924,2015.0,OECD.M.N.CPI.IX._T.N._Z
OECD,OECD,M,N,CPI,IX,_T,N,_Z,2026-02,148.6553,2015.0,OECD.M.N.CPI.IX._T.N._Z
OECD,OECD,M,N,CPI,IX,_T,N,_Z,2026-03,150.0008,2015.0,OECD.M.N.CPI.IX._T.N._Z
OECD,OECD,M,N,CPI,IX,_T,N,_Z,2026-04,151.2992,2015.0,OECD.M.N.CPI.IX._T.N._Z
OECD,OECD,M,N,CPI,IX,_T,N,_Z,2026-05,151.9488,2015.0,OECD.M.N.CPI.IX._T.N._Z
OECD,OECD,M,N,CPI,IX,_T,N,_Z,2026-06,151.7566,2015.0,OECD.M.N.CPI.IX._T.N._Z
OECD,OECD,M,N,CPI,IX,_T,N,_Z,2026-07,152.1981,2015.0,OECD.M.N.CPI.IX._T.N._Z
G20,G20,M,N,CPI,IX,_T,N,_Z,2020-02,114.125,2015.0,G20.M.N.CPI.IX._T.N._Z
G20,G20,M,N,CPI,IX,_T,N,_Z,2020-03,113.9254,2015.0,G20.M.N.CPI.IX._T.N._Z
G20,G20,M,N,CPI,IX,_T,N,_Z,2024-01,143.1931,2015.0,G20.M.N.CPI.IX._T.N._Z
G20,G20,M,N,CPI,IX,_T,N,_Z,2024-02,144.4142,2015.0,G20.M.N.CPI.IX._T.N._Z
OECD,OECD,M,N,CPI,IX,_T,N,_Z,2020-03,109.5429,2015.0,OECD.M.N.CPI.IX._T.N._Z
G7,G7,M,N,CPI,IX,_T,N,_Z,2025-10,131.8463,2015.0,G7.M.N.CPI.IX._T.N._Z
BRA,Brazil,M,N,CPI,IX,_T,N,_Z,2026-06,177.5443,2015.0,BRA.M.N.CPI.IX._T.N._Z
CHN,China (People’s Republic of),M,N,CPI,IX,_T,N,_Z,2026-06,116.0564,2015.0,CHN.M.N.CPI.IX._T.N._Z
KOR,Korea,M,N,CPI,IX,_T,N,_Z,2026-06,126.4904,2015.0,KOR.M.N.CPI.IX._T.N._Z
BRA,Brazil,M,N,CPI,IX,_T,N,_Z,2026-07,177.6686,2015.0,BRA.M.N.CPI.IX._T.N._Z
CHN,China (People’s Republic of),M,N,CPI,IX,_T,N,_Z,2026-07,115.936,2015.0,CHN.M.N.CPI.IX._T.N._Z
KOR,Korea,M,N,CPI,IX,_T,N,_Z,2026-07,126.2585,2015.0,KOR.M.N.CPI.IX._T.N._Z
ISR,Israel,M,N,CPI,IX,_T,N,_Z,2015-01,99.77065,2015.0,ISR.M.N.CPI.IX._T.N._Z
ISR,Israel,M,N,CPI,IX,_T,N,_Z,2015-02,99.08257,2015.0,ISR.M.N.CPI.IX._T.N._Z
ISR,Israel,M,N,CPI,IX,_T,N,_Z,2015-03,99.42661,2015.0,ISR.M.N.CPI.IX._T.N._Z
ISR,Israel,M,N,CPI,IX,_T,N,_Z,2015-04,100.0,2015.0,ISR.M.N.CPI.IX._T.N._Z
ISR,Israel,M,N,CPI,IX,_T,N,_Z,2015-05,100.2294,2015.0,ISR.M.N.CPI.IX._T.N._Z
ISR,Israel,M,N,CPI,IX,_T,N,_Z,2015-06,100.4587,2015.0,ISR.M.N.CPI.IX._T.N._Z
ISR,Israel,M,N,CPI,IX,_T,N,_Z,2015-07,100.6881,2015.0,ISR.M.N.CPI.IX._T.N._Z
ISR,Israel,M,N,CPI,IX,_T,N,_Z,2015-08,100.4587,2015.0,ISR.M.N.CPI.IX._T.N._Z
ISR,Israel,M,N,CPI,IX,_T,N,_Z,2015-09,100.1147,2015.0,ISR.M.N.CPI.IX._T.N._Z
ISR,Israel,M,N,CPI,IX,_T,N,_Z,2015-10,100.2294,2015.0,ISR.M.N.CPI.IX._T.N._Z
ISR,Israel,M,N,CPI,IX,_T,N,_Z,2015-11,99.77065,2015.0,ISR.M.N.CPI.IX._T.N._Z
ISR,Israel,M,N,CPI,IX,_T,N,_Z,2015-12,99.77065,2015.0,ISR.M.N.CPI.IX._T.N._Z
ISR,Israel,M,N,CPI,IX,_T,N,_Z,2016-01,99.19725,2015.0,ISR.M.N.CPI.IX._T.N._Z
ISR,Israel,M,N,CPI,IX,_T,N,_Z,2016-02,98.85321,2015.0,ISR.M.N.CPI.IX._T.N._Z
ISR,Israel,M,N,CPI,IX,_T,N,_Z,2016-03,98.62386,2015.0,ISR.M.N.CPI.IX._T.N._Z
ISR,Israel,M,N,CPI,IX,_T,N,_Z,2016-04,99.08257,2015.0,ISR.M.N.CPI.IX._T.N._Z
ISR,Israel,M,N,CPI,IX,_T,N,_Z,2016-05,99.42661,2015.0,ISR.M.N.CPI.IX._T.N._Z
ISR,Israel,M,N,CPI,IX,_T,N,_Z,2016-06,99.77065,2015.0,ISR.M.N.CPI.IX._T.N._Z
ISR,Israel,M,N,CPI,IX,_T,N,_Z,2016-07,100.1147,2015.0,ISR.M.N.CPI.IX._T.N._Z
ISR,Israel,M,N,CPI,IX,_T,N,_Z,2016-08,99.77065,2015.0,ISR.M.N.CPI.IX._T.N._Z
ISR,Israel,M,N,CPI,IX,_T,N,_Z,2016-09,99.77065,2015.0,ISR.M.N.CPI.IX._T.N._Z
ISR,Israel,M,N,CPI,IX,_T,N,_Z,2016-10,99.88532,2015.0,ISR.M.N.CPI.IX._T.N._Z
ISR,Israel,M,N,CPI,IX,_T,N,_Z,2016-11,99.54128,2015.0,ISR.M.N.CPI.IX._T.N._Z
ISR,Israel,M,N,CPI,IX,_T,N,_Z,2016-12,99.54128,2015.0,ISR.M.N.CPI.IX._T.N._Z
ISR,Israel,M,N,CPI,IX,_T,N,_Z,2017-01,99.31193,2015.0,ISR.M.N.CPI.IX._T.N._Z
ISR,Israel,M,N,CPI,IX,_T,N,_Z,2017-02,99.31193,2015.0,ISR.M.N.CPI.IX._T.N._Z
ISR,Israel,M,N,CPI,IX,_T,N,_Z,2017-03,99.65596,2015.0,ISR.M.N.CPI.IX._T.N._Z
ISR,Israel,M,N,CPI,IX,_T,N,_Z,2017-04,99.77065,2015.0,ISR.M.N.CPI.IX._T.N._Z
ISR,Israel,M,N,CPI,IX,_T,N,_Z,2017-05,100.2294,2015.0,ISR.M.N.CPI.IX._T.N._Z
ISR,Israel,M,N,CPI,IX,_T,N,_Z,2017-06,99.54128,2015.0,ISR.M.N.CPI.IX._T.N._Z
ISR,Israel,M,N,CPI,IX,_T,N,_Z,2017-07,99.42661,2015.0,ISR.M.N.CPI.IX._T.N._Z
ISR,Israel,M,N,CPI,IX,_T,N,_Z,2017-08,99.77065,2015.0,ISR.M.N.CPI.IX._T.N._Z
ISR,Israel,M,N,CPI,IX,_T,N,_Z,2017-09,99.77065,2015.0,ISR.M.N.CPI.IX._T.N._Z
ISR,Israel,M,N,CPI,IX,_T,N,_Z,2017-10,100.1147,2015.0,ISR.M.N.CPI.IX._T.N._Z
ISR,Israel,M,N,CPI,IX,_T,N,_Z,2017-11,99.77065,2015.0,ISR.M.N.CPI.IX._T.N._Z
ISR,Israel,M,N,CPI,IX,_T,N,_Z,2017-12,99.88532,2015.0,ISR.M.N.CPI.IX._T.N._Z
ISR,Israel,M,N,CPI,IX,_T,N,_Z,2018-01,99.42661,2015.0,ISR.M.N.CPI.IX._T.N._Z
ISR,Israel,M,N,CPI,IX,_T,N,_Z,2018-02,99.54128,2015.0,ISR.M.N.CPI.IX._T.N._Z
ISR,Israel,M,N,CPI,IX,_T,N,_Z,2018-03,99.77065,2015.0,ISR.M.N.CPI.IX._T.N._Z
ISR,Israel,M,N,CPI,IX,_T,N,_Z,2018-04,100.2294,2015.0,ISR.M.N.CPI.IX._T.N._Z
ISR,Israel,M,N,CPI,IX,_T,N,_Z,2018-05,100.6881,2015.0,ISR.M.N.CPI.IX._T.N._Z
ISR,Israel,M,N,CPI,IX,_T,N,_Z,2018-06,100.8027,2015.0,ISR.M.N.CPI.IX._T.N._Z
ISR,Israel,M,N,CPI,IX,_T,N,_Z,2018-07,100.8027,2015.0,ISR.M.N.CPI.IX._T.N._Z
ISR,Israel,M,N,CPI,IX,_T,N,_Z,2018-08,100.9174,2015.0,ISR.M.N.CPI.IX._T.N._Z
ISR,Israel,M,N,CPI,IX,_T,N,_Z,2018-09,101.0321,2015.0,ISR.M.N.CPI.IX._T.N._Z
ISR,Israel,M,N,CPI,IX,_T,N,_Z,2018-10,101.2615,2015.0,ISR.M.N.CPI.IX._T.N._Z
ISR,Israel,M,N,CPI,IX,_T,N,_Z,2018-11,101.0321,2015.0,ISR.M.N.CPI.IX._T.N._Z
ISR,Israel,M,N,CPI,IX,_T,N,_Z,2018-12,100.6881,2015.0,ISR.M.N.CPI.IX._T.N._Z
ISR,Israel,M,N,CPI,IX,_T,N,_Z,2019-01,100.5734,2015.0,ISR.M.N.CPI.IX._T.N._Z
ISR,Israel,M,N,CPI,IX,_T,N,_Z,2019-02,100.6881,2015.0,ISR.M.N.CPI.IX._T.N._Z
ISR,Israel,M,N,CPI,IX,_T,N,_Z,2019-03,101.2615,2015.0,ISR.M.N.CPI.IX._T.N._Z
ISR,Israel,M,N,CPI,IX,_T,N,_Z,2019-04,101.4908,2015.0,ISR.M.N.CPI.IX._T.N._Z
ISR,Israel,M,N,CPI,IX,_T,N,_Z,2019-05,102.1789,2015.0,ISR.M.N.CPI.IX._T.N._Z
ISR,Israel,M,N,CPI,IX,_T,N,_Z,2019-06,101.6055,2015.0,ISR.M.N.CPI.IX._T.N._Z
ISR,Israel,M,N,CPI,IX,_T,N,_Z,2019-07,101.2615,2015.0,ISR.M.N.CPI.IX._T.N._Z
ISR,Israel,M,N,CPI,IX,_T,N,_Z,2019-08,101.4908,2015.0,ISR.M.N.CPI.IX._T.N._Z
ISR,Israel,M,N,CPI,IX,_T,N,_Z,2019-09,101.2615,2015.0,ISR.M.N.CPI.IX._T.N._Z
ISR,Israel,M,N,CPI,IX,_T,N,_Z,2019-10,101.7202,2015.0,ISR.M.N.CPI.IX._T.N._Z
ISR,Israel,M,N,CPI,IX,_T,N,_Z,2019-11,101.2615,2015.0,ISR.M.N.CPI.IX._T.N._Z
ISR,Israel,M,N,CPI,IX,_T,N,_Z,2019-12,101.2615,2015.0,ISR.M.N.CPI.IX._T.N._Z
ISR,Israel,M,N,CPI,IX,_T,N,_Z,2020-01,100.9174,2015.0,ISR.M.N.CPI.IX._T.N._Z
ISR,Israel,M,N,CPI,IX,_T,N,_Z,2020-02,100.8027,2015.0,ISR.M.N.CPI.IX._T.N._Z
ISR,Israel,M,N,CPI,IX,_T,N,_Z,2020-03,101.2615,2015.0,ISR.M.N.CPI.IX._T.N._Z
ISR,Israel,M,N,CPI,IX,_T,N,_Z,2020-04,100.9174,2015.0,ISR.M.N.CPI.IX._T.N._Z
ISR,Israel,M,N,CPI,IX,_T,N,_Z,2020-05,100.5734,2015.0,ISR.M.N.CPI.IX._T.N._Z
ISR,Israel,M,N,CPI,IX,_T,N,_Z,2020-06,100.4587,2015.0,ISR.M.N.CPI.IX._T.N._Z
ISR,Israel,M,N,CPI,IX,_T,N,_Z,2020-07,100.6881,2015.0,ISR.M.N.CPI.IX._T.N._Z
ISR,Israel,M,N,CPI,IX,_T,N,_Z,2020-08,100.6881,2015.0,ISR.M.N.CPI.IX._T.N._Z
ISR,Israel,M,N,CPI,IX,_T,N,_Z,2020-09,100.5734,2015.0,ISR.M.N.CPI.IX._T.N._Z
ISR,Israel,M,N,CPI,IX,_T,N,_Z,2020-10,100.9174,2015.0,ISR.M.N.CPI.IX._T.N._Z
ISR,Israel,M,N,CPI,IX,_T,N,_Z,2020-11,100.6881,2015.0,ISR.M.N.CPI.IX._T.N._Z
ISR,Israel,M,N,CPI,IX,_T,N,_Z,2020-12,100.5734,2015.0,ISR.M.N.CPI.IX._T.N._Z
ISR,Israel,M,N,CPI,IX,_T,N,_Z,2021-01,100.4587,2015.0,ISR.M.N.CPI.IX._T.N._Z
ISR,Israel,M,N,CPI,IX,_T,N,_Z,2021-02,100.8027,2015.0,ISR.M.N.CPI.IX._T.N._Z
ISR,Israel,M,N,CPI,IX,_T,N,_Z,2021-03,101.3761,2015.0,ISR.M.N.CPI.IX._T.N._Z
ISR,Israel,M,N,CPI,IX,_T,N,_Z,2021-04,101.7202,2015.0,ISR.M.N.CPI.IX._T.N._Z
ISR,Israel,M,N,CPI,IX,_T,N,_Z,2021-05,102.0642,2015.0,ISR.M.N.CPI.IX._T.N._Z
ISR,Israel,M,N,CPI,IX,_T,N,_Z,2021-06,102.1789,2015.0,ISR.M.N.CPI.IX._T.N._Z
ISR,Israel,M,N,CPI,IX,_T,N,_Z,2021-07,102.6376,2015.0,ISR.M.N.CPI.IX._T.N._Z
ISR,Israel,M,N,CPI,IX,_T,N,_Z,2021-08,102.867,2015.0,ISR.M.N.CPI.IX._T.N._Z
ISR,Israel,M,N,CPI,IX,_T,N,_Z,2021-09,103.0963,2015.0,ISR.M.N.CPI.IX._T.N._Z
ISR,Israel,M,N,CPI,IX,_T,N,_Z,2021-10,103.211,2015.0,ISR.M.N.CPI.IX._T.N._Z
ISR,Israel,M,N,CPI,IX,_T,N,_Z,2021-11,103.0963,2015.0,ISR.M.N.CPI.IX._T.N._Z
ISR,Israel,M,N,CPI,IX,_T,N,_Z,2021-12,103.4404,2015.0,ISR.M.N.CPI.IX._T.N._Z
ISR,Israel,M,N,CPI,IX,_T,N,_Z,2022-01,103.6697,2015.0,ISR.M.N.CPI.IX._T.N._Z
ISR,Israel,M,N,CPI,IX,_T,N,_Z,2022-02,104.3578,2015.0,ISR.M.N.CPI.IX._T.N._Z
ISR,Israel,M,N,CPI,IX,_T,N,_Z,2022-03,104.9312,2015.0,ISR.M.N.CPI.IX._T.N._Z
ISR,Israel,M,N,CPI,IX,_T,N,_Z,2022-04,105.7339,2015.0,ISR.M.N.CPI.IX._T.N._Z
ISR,Israel,M,N,CPI,IX,_T,N,_Z,2022-05,106.3073,2015.0,ISR.M.N.CPI.IX._T.N._Z
ISR,Israel,M,N,CPI,IX,_T,N,_Z,2022-06,106.7661,2015.0,ISR.M.N.CPI.IX._T.N._Z
ISR,Israel,M,N,CPI,IX,_T,N,_Z,2022-07,107.9128,2015.0,ISR.M.N.CPI.IX._T.N._Z
ISR,Israel,M,N,CPI,IX,_T,N,_Z,2022-08,107.5688,2015.0,ISR.M.N.CPI.IX._T.N._Z
ISR,Israel,M,N,CPI,IX,_T,N,_Z,2022-09,107.7982,2015.0,ISR.M.N.CPI.IX._T.N._Z
ISR,Israel,M,N,CPI,IX,_T,N,_Z,2022-10,108.4862,2015.0,ISR.M.N.CPI.IX._T.N._Z
ISR,Israel,M,N,CPI,IX,_T,N,_Z,2022-11,108.6009,2015.0,ISR.M.N.CPI.IX._T.N._Z
ISR,Israel,M,N,CPI,IX,_T,N,_Z,2022-12,108.945,2015.0,ISR.M.N.CPI.IX._T.N._Z
ISR,Israel,M,N,CPI,IX,_T,N,_Z,2023-01,109.1743,2015.0,ISR.M.N.CPI.IX._T.N._Z
ISR,Israel,M,N,CPI,IX,_T,N,_Z,2023-02,109.7477,2015.0,ISR.M.N.CPI.IX._T.N._Z
ISR,Israel,M,N,CPI,IX,_T,N,_Z,2023-03,110.2064,2015.0,ISR.M.N.CPI.IX._T.N._Z
ISR,Israel,M,N,CPI,IX,_T,N,_Z,2023-04,111.0092,2015.0,ISR.M.N.CPI.IX._T.N._Z
ISR,Israel,M,N,CPI,IX,_T,N,_Z,2023-05,111.2385,2015.0,ISR.M.N.CPI.IX._T.N._Z
ISR,Israel,M,N,CPI,IX,_T,N,_Z,2023-06,111.2385,2015.0,ISR.M.N.CPI.IX._T.N._Z
ISR,Israel,M,N,CPI,IX,_T,N,_Z,2023-07,111.5826,2015.0,ISR.M.N.CPI.IX._T.N._Z
ISR,Israel,M,N,CPI,IX,_T,N,_Z,2023-08,112.156,2015.0,ISR.M.N.CPI.IX._T.N._Z
ISR,Israel,M,N,CPI,IX,_T,N,_Z,2023-09,112.0413,2015.0,ISR.M.N.CPI.IX._T.N._Z
ISR,Israel,M,N,CPI,IX,_T,N,_Z,2023-10,112.5,2015.0,ISR.M.N.CPI.IX._T.N._Z
ISR,Israel,M,N,CPI,IX,_T,N,_Z,2023-11,112.156,2015.0,ISR.M.N.CPI.IX._T.N._Z
ISR,Israel,M,N,CPI,IX,_T,N,_Z,2023-12,112.156,2015.0,ISR.M.N.CPI.IX._T.N._Z
ISR,Israel,M,N,CPI,IX,_T,N,_Z,2024-01,112.156,2015.0,ISR.M.N.CPI.IX._T.N._Z
ISR,Israel,M,N,CPI,IX,_T,N,_Z,2024-02,112.5,2015.0,ISR.M.N.CPI.IX._T.N._Z
ISR,Israel,M,N,CPI,IX,_T,N,_Z,2024-03,113.1881,2015.0,ISR.M.N.CPI.IX._T.N._Z
ISR,Israel,M,N,CPI,IX,_T,N,_Z,2024-04,114.1055,2015.0,ISR.M.N.CPI.IX._T.N._Z
ISR,Israel,M,N,CPI,IX,_T,N,_Z,2024-05,114.3349,2015.0,ISR.M.N.CPI.IX._T.N._Z
ISR,Israel,M,N,CPI,IX,_T,N,_Z,2024-06,114.4495,2015.0,ISR.M.N.CPI.IX._T.N._Z
ISR,Israel,M,N,CPI,IX,_T,N,_Z,2024-07,115.1376,2015.0,ISR.M.N.CPI.IX._T.N._Z
ISR,Israel,M,N,CPI,IX,_T,N,_Z,2024-08,116.1697,2015.0,ISR.M.N.CPI.IX._T.N._Z
ISR,Israel,M,N,CPI,IX,_T,N,_Z,2024-09,115.9404,2015.0,ISR.M.N.CPI.IX._T.N._Z
ISR,Israel,M,N,CPI,IX,_T,N,_Z,2024-10,116.5138,2015.0,ISR.M.N.CPI.IX._T.N._Z
ISR,Israel,M,N,CPI,IX,_T,N,_Z,2024-11,116.055,2015.0,ISR.M.N.CPI.IX._T.N._Z
ISR,Israel,M,N,CPI,IX,_T,N,_Z,2024-12,115.711,2015.0,ISR.M.N.CPI.IX._T.N._Z
ISR,Israel,M,N,CPI,IX,_T,N,_Z,2025-01,116.3991,2015.0,ISR.M.N.CPI.IX._T.N._Z
ISR,Israel,M,N,CPI,IX,_T,N,_Z,2025-02,116.3991,2015.0,ISR.M.N.CPI.IX._T.N._Z
ISR,Israel,M,N,CPI,IX,_T,N,_Z,2025-03,116.9725,2015.0,ISR.M.N.CPI.IX._T.N._Z
ISR,Israel,M,N,CPI,IX,_T,N,_Z,2025-04,118.2339,2015.0,ISR.M.N.CPI.IX._T.N._Z
ISR,Israel,M,N,CPI,IX,_T,N,_Z,2025-05,117.8899,2015.0,ISR.M.N.CPI.IX._T.N._Z
ISR,Israel,M,N,CPI,IX,_T,N,_Z,2025-06,118.2339,2015.0,ISR.M.N.CPI.IX._T.N._Z
ISR,Israel,M,N,CPI,IX,_T,N,_Z,2025-07,118.6927,2015.0,ISR.M.N.CPI.IX._T.N._Z
ISR,Israel,M,N,CPI,IX,_T,N,_Z,2025-08,119.4954,2015.0,ISR.M.N.CPI.IX._T.N._Z
ISR,Israel,M,N,CPI,IX,_T,N,_Z,2025-09,118.8073,2015.0,ISR.M.N.CPI.IX._T.N._Z
ISR,Israel,M,N,CPI,IX,_T,N,_Z,2025-10,119.3807,2015.0,ISR.M.N.CPI.IX._T.N._Z
ISR,Israel,M,N,CPI,IX,_T,N,_Z,2025-11,118.8073,2015.0,ISR.M.N.CPI.IX._T.N._Z
ISR,Israel,M,N,CPI,IX,_T,N,_Z,2025-12,118.8073,2015.0,ISR.M.N.CPI.IX._T.N._Z
ISR,Israel,M,N,CPI,IX,_T,N,_Z,2026-01,118.4633,2015.0,ISR.M.N.CPI.IX._T.N._Z
ISR,Israel,M,N,CPI,IX,_T,N,_Z,2026-02,118.6927,2015.0,ISR.M.N.CPI.IX._T.N._Z
ISR,Israel,M,N,CPI,IX,_T,N,_Z,2026-03,119.1514,2015.0,ISR.M.N.CPI.IX._T.N._Z
ISR,Israel,M,N,CPI,IX,_T,N,_Z,2026-04,120.5275,2015.0,ISR.M.N.CPI.IX._T.N._Z
ISR,Israel,M,N,CPI,IX,_T,N,_Z,2026-05,120.1835,2015.0,ISR.M.N.CPI.IX._T.N._Z
COL,Colombia,M,N,CPI,IX,_T,N,_Z,2015-01,97.00603,2015.0,COL.M.N.CPI.IX._T.N._Z
COL,Colombia,M,N,CPI,IX,_T,N,_Z,2015-02,98.12367,2015.0,COL.M.N.CPI.IX._T.N._Z
COL,Colombia,M,N,CPI,IX,_T,N,_Z,2015-03,98.69473,2015.0,COL.M.N.CPI.IX._T.N._Z
COL,Colombia,M,N,CPI,IX,_T,N,_Z,2015-04,99.225,2015.0,COL.M.N.CPI.IX._T.N._Z
COL,Colombia,M,N,CPI,IX,_T,N,_Z,2015-05,99.48605,2015.0,COL.M.N.CPI.IX._T.N._Z
COL,Colombia,M,N,CPI,IX,_T,N,_Z,2015-06,99.5921,2015.0,COL.M.N.CPI.IX._T.N._Z
COL,Colombia,M,N,CPI,IX,_T,N,_Z,2015-07,99.77974,2015.0,COL.M.N.CPI.IX._T.N._Z
COL,Colombia,M,N,CPI,IX,_T,N,_Z,2015-08,100.2611,2015.0,COL.M.N.CPI.IX._T.N._Z
COL,Colombia,M,N,CPI,IX,_T,N,_Z,2015-09,100.979,2015.0,COL.M.N.CPI.IX._T.N._Z
COL,Colombia,M,N,CPI,IX,_T,N,_Z,2015-10,101.6642,2015.0,COL.M.N.CPI.IX._T.N._Z
COL,Colombia,M,N,CPI,IX,_T,N,_Z,2015-11,102.2761,2015.0,COL.M.N.CPI.IX._T.N._Z
COL,Colombia,M,N,CPI,IX,_T,N,_Z,2015-12,102.9124,2015.0,COL.M.N.CPI.IX._T.N._Z
COL,Colombia,M,N,CPI,IX,_T,N,_Z,2016-01,104.2421,2015.0,COL.M.N.CPI.IX._T.N._Z
COL,Colombia,M,N,CPI,IX,_T,N,_Z,2016-02,105.5719,2015.0,COL.M.N.CPI.IX._T.N._Z
COL,Colombia,M,N,CPI,IX,_T,N,_Z,2016-03,106.5671,2015.0,COL.M.N.CPI.IX._T.N._Z
COL,Colombia,M,N,CPI,IX,_T,N,_Z,2016-04,107.0974,2015.0,COL.M.N.CPI.IX._T.N._Z
COL,Colombia,M,N,CPI,IX,_T,N,_Z,2016-05,107.644,2015.0,COL.M.N.CPI.IX._T.N._Z
COL,Colombia,M,N,CPI,IX,_T,N,_Z,2016-06,108.1579,2015.0,COL.M.N.CPI.IX._T.N._Z
COL,Colombia,M,N,CPI,IX,_T,N,_Z,2016-07,108.7208,2015.0,COL.M.N.CPI.IX._T.N._Z
COL,Colombia,M,N,CPI,IX,_T,N,_Z,2016-08,108.3782,2015.0,COL.M.N.CPI.IX._T.N._Z
COL,Colombia,M,N,CPI,IX,_T,N,_Z,2016-09,108.3211,2015.0,COL.M.N.CPI.IX._T.N._Z
COL,Colombia,M,N,CPI,IX,_T,N,_Z,2016-10,108.2558,2015.0,COL.M.N.CPI.IX._T.N._Z
COL,Colombia,M,N,CPI,IX,_T,N,_Z,2016-11,108.3782,2015.0,COL.M.N.CPI.IX._T.N._Z
COL,Colombia,M,N,CPI,IX,_T,N,_Z,2016-12,108.8269,2015.0,COL.M.N.CPI.IX._T.N._Z
COL,Colombia,M,N,CPI,IX,_T,N,_Z,2017-01,109.9445,2015.0,COL.M.N.CPI.IX._T.N._Z
COL,Colombia,M,N,CPI,IX,_T,N,_Z,2017-02,111.0458,2015.0,COL.M.N.CPI.IX._T.N._Z
COL,Colombia,M,N,CPI,IX,_T,N,_Z,2017-03,111.568,2015.0,COL.M.N.CPI.IX._T.N._Z
COL,Colombia,M,N,CPI,IX,_T,N,_Z,2017-04,112.0901,2015.0,COL.M.N.CPI.IX._T.N._Z
COL,Colombia,M,N,CPI,IX,_T,N,_Z,2017-05,112.343,2015.0,COL.M.N.CPI.IX._T.N._Z
COL,Colombia,M,N,CPI,IX,_T,N,_Z,2017-06,112.4735,2015.0,COL.M.N.CPI.IX._T.N._Z
COL,Colombia,M,N,CPI,IX,_T,N,_Z,2017-07,112.4164,2015.0,COL.M.N.CPI.IX._T.N._Z
COL,Colombia,M,N,CPI,IX,_T,N,_Z,2017-08,112.5714,2015.0,COL.M.N.CPI.IX._T.N._Z
COL,Colombia,M,N,CPI,IX,_T,N,_Z,2017-09,112.6203,2015.0,COL.M.N.CPI.IX._T.N._Z
COL,Colombia,M,N,CPI,IX,_T,N,_Z,2017-10,112.6366,2015.0,COL.M.N.CPI.IX._T.N._Z
COL,Colombia,M,N,CPI,IX,_T,N,_Z,2017-11,112.8406,2015.0,COL.M.N.CPI.IX._T.N._Z
COL,Colombia,M,N,CPI,IX,_T,N,_Z,2017-12,113.273,2015.0,COL.M.N.CPI.IX._T.N._Z
COL,Colombia,M,N,CPI,IX,_T,N,_Z,2018-01,113.9827,2015.0,COL.M.N.CPI.IX._T.N._Z
COL,Colombia,M,N,CPI,IX,_T,N,_Z,2018-02,114.7903,2015.0,COL.M.N.CPI.IX._T.N._Z
COL,Colombia,M,N,CPI,IX,_T,N,_Z,2018-03,115.0677,2015.0,COL.M.N.CPI.IX._T.N._Z
COL,Colombia,M,N,CPI,IX,_T,N,_Z,2018-04,115.598,2015.0,COL.M.N.CPI.IX._T.N._Z
COL,Colombia,M,N,CPI,IX,_T,N,_Z,2018-05,115.8917,2015.0,COL.M.N.CPI.IX._T.N._Z
COL,Colombia,M,N,CPI,IX,_T,N,_Z,2018-06,116.0711,2015.0,COL.M.N.CPI.IX._T.N._Z
COL,Colombia,M,N,CPI,IX,_T,N,_Z,2018-07,115.9243,2015.0,COL.M.N.CPI.IX._T.N._Z
COL,Colombia,M,N,CPI,IX,_T,N,_Z,2018-08,116.063,2015.0,COL.M.N.CPI.IX._T.N._Z
COL,Colombia,M,N,CPI,IX,_T,N,_Z,2018-09,116.2506,2015.0,COL.M.N.CPI.IX._T.N._Z
COL,Colombia,M,N,CPI,IX,_T,N,_Z,2018-10,116.3893,2015.0,COL.M.N.CPI.IX._T.N._Z
COL,Colombia,M,N,CPI,IX,_T,N,_Z,2018-11,116.528,2015.0,COL.M.N.CPI.IX._T.N._Z
COL,Colombia,M,N,CPI,IX,_T,N,_Z,2018-12,116.8788,2015.0,COL.M.N.CPI.IX._T.N._Z
COL,Colombia,M,N,CPI,IX,_T,N,_Z,2019-01,117.5783,2015.0,COL.M.N.CPI.IX._T.N._Z
COL,Colombia,M,N,CPI,IX,_T,N,_Z,2019-02,118.2541,2015.0,COL.M.N.CPI.IX._T.N._Z
COL,Colombia,M,N,CPI,IX,_T,N,_Z,2019-03,118.7677,2015.0,COL.M.N.CPI.IX._T.N._Z
COL,Colombia,M,N,CPI,IX,_T,N,_Z,2019-04,119.3567,2015.0,COL.M.N.CPI.IX._T.N._Z
COL,Colombia,M,N,CPI,IX,_T,N,_Z,2019-05,119.7323,2015.0,COL.M.N.CPI.IX._T.N._Z
COL,Colombia,M,N,CPI,IX,_T,N,_Z,2019-06,120.0524,2015.0,COL.M.N.CPI.IX._T.N._Z
COL,Colombia,M,N,CPI,IX,_T,N,_Z,2019-07,120.3153,2015.0,COL.M.N.CPI.IX._T.N._Z
COL,Colombia,M,N,CPI,IX,_T,N,_Z,2019-08,120.4171,2015.0,COL.M.N.CPI.IX._T.N._Z
COL,Colombia,M,N,CPI,IX,_T,N,_Z,2019-09,120.6922,2015.0,COL.M.N.CPI.IX._T.N._Z
COL,Colombia,M,N,CPI,IX,_T,N,_Z,2019-10,120.8836,2015.0,COL.M.N.CPI.IX._T.N._Z
COL,Colombia,M,N,CPI,IX,_T,N,_Z,2019-11,121.0105,2015.0,COL.M.N.CPI.IX._T.N._Z
COL,Colombia,M,N,CPI,IX,_T,N,_Z,2019-12,121.3252,2015.0,COL.M.N.CPI.IX._T.N._Z
COL,Colombia,M,N,CPI,IX,_T,N,_Z,2020-01,121.8374,2015.0,COL.M.N.CPI.IX._T.N._Z
COL,Colombia,M,N,CPI,IX,_T,N,_Z,2020-02,122.6533,2015.0,COL.M.N.CPI.IX._T.N._Z
COL,Colombia,M,N,CPI,IX,_T,N,_Z,2020-03,123.3468,2015.0,COL.M.N.CPI.IX._T.N._Z
COL,Colombia,M,N,CPI,IX,_T,N,_Z,2020-04,123.5404,2015.0,COL.M.N.CPI.IX._T.N._Z
COL,Colombia,M,N,CPI,IX,_T,N,_Z,2020-05,123.1469,2015.0,COL.M.N.CPI.IX._T.N._Z
COL,Colombia,M,N,CPI,IX,_T,N,_Z,2020-06,122.6837,2015.0,COL.M.N.CPI.IX._T.N._Z
COL,Colombia,M,N,CPI,IX,_T,N,_Z,2020-07,122.6854,2015.0,COL.M.N.CPI.IX._T.N._Z
COL,Colombia,M,N,CPI,IX,_T,N,_Z,2020-08,122.6787,2015.0,COL.M.N.CPI.IX._T.N._Z
COL,Colombia,M,N,CPI,IX,_T,N,_Z,2020-09,123.0668,2015.0,COL.M.N.CPI.IX._T.N._Z
COL,Colombia,M,N,CPI,IX,_T,N,_Z,2020-10,122.9969,2015.0,COL.M.N.CPI.IX._T.N._Z
COL,Colombia,M,N,CPI,IX,_T,N,_Z,2020-11,122.8129,2015.0,COL.M.N.CPI.IX._T.N._Z
COL,Colombia,M,N,CPI,IX,_T,N,_Z,2020-12,123.2791,2015.0,COL.M.N.CPI.IX._T.N._Z
COL,Colombia,M,N,CPI,IX,_T,N,_Z,2021-01,123.7834,2015.0,COL.M.N.CPI.IX._T.N._Z
COL,Colombia,M,N,CPI,IX,_T,N,_Z,2021-02,124.5705,2015.0,COL.M.N.CPI.IX._T.N._Z
COL,Colombia,M,N,CPI,IX,_T,N,_Z,2021-03,125.2051,2015.0,COL.M.N.CPI.IX._T.N._Z
COL,Colombia,M,N,CPI,IX,_T,N,_Z,2021-04,125.9467,2015.0,COL.M.N.CPI.IX._T.N._Z
COL,Colombia,M,N,CPI,IX,_T,N,_Z,2021-05,127.2054,2015.0,COL.M.N.CPI.IX._T.N._Z
COL,Colombia,M,N,CPI,IX,_T,N,_Z,2021-06,127.1429,2015.0,COL.M.N.CPI.IX._T.N._Z
COL,Colombia,M,N,CPI,IX,_T,N,_Z,2021-07,127.5561,2015.0,COL.M.N.CPI.IX._T.N._Z
COL,Colombia,M,N,CPI,IX,_T,N,_Z,2021-08,128.1269,2015.0,COL.M.N.CPI.IX._T.N._Z
COL,Colombia,M,N,CPI,IX,_T,N,_Z,2021-09,128.6173,2015.0,COL.M.N.CPI.IX._T.N._Z
COL,Colombia,M,N,CPI,IX,_T,N,_Z,2021-10,128.6345,2015.0,COL.M.N.CPI.IX._T.N._Z
COL,Colombia,M,N,CPI,IX,_T,N,_Z,2021-11,129.2716,2015.0,COL.M.N.CPI.IX._T.N._Z
COL,Colombia,M,N,CPI,IX,_T,N,_Z,2021-12,130.2106,2015.0,COL.M.N.CPI.IX._T.N._Z
COL,Colombia,M,N,CPI,IX,_T,N,_Z,2022-01,132.3796,2015.0,COL.M.N.CPI.IX._T.N._Z
COL,Colombia,M,N,CPI,IX,_T,N,_Z,2022-02,134.5426,2015.0,COL.M.N.CPI.IX._T.N._Z
COL,Colombia,M,N,CPI,IX,_T,N,_Z,2022-03,135.8824,2015.0,COL.M.N.CPI.IX._T.N._Z
COL,Colombia,M,N,CPI,IX,_T,N,_Z,2022-04,137.5767,2015.0,COL.M.N.CPI.IX._T.N._Z
COL,Colombia,M,N,CPI,IX,_T,N,_Z,2022-05,138.7389,2015.0,COL.M.N.CPI.IX._T.N._Z
COL,Colombia,M,N,CPI,IX,_T,N,_Z,2022-06,139.4425,2015.0,COL.M.N.CPI.IX._T.N._Z
COL,Colombia,M,N,CPI,IX,_T,N,_Z,2022-07,140.5743,2015.0,COL.M.N.CPI.IX._T.N._Z
COL,Colombia,M,N,CPI,IX,_T,N,_Z,2022-08,142.0107,2015.0,COL.M.N.CPI.IX._T.N._Z
COL,Colombia,M,N,CPI,IX,_T,N,_Z,2022-09,143.3309,2015.0,COL.M.N.CPI.IX._T.N._Z
COL,Colombia,M,N,CPI,IX,_T,N,_Z,2022-10,144.3559,2015.0,COL.M.N.CPI.IX._T.N._Z
COL,Colombia,M,N,CPI,IX,_T,N,_Z,2022-11,145.4712,2015.0,COL.M.N.CPI.IX._T.N._Z
COL,Colombia,M,N,CPI,IX,_T,N,_Z,2022-12,147.2975,2015.0,COL.M.N.CPI.IX._T.N._Z
COL,Colombia,M,N,CPI,IX,_T,N,_Z,2023-01,149.9225,2015.0,COL.M.N.CPI.IX._T.N._Z
COL,Colombia,M,N,CPI,IX,_T,N,_Z,2023-02,152.4085,2015.0,COL.M.N.CPI.IX._T.N._Z
COL,Colombia,M,N,CPI,IX,_T,N,_Z,2023-03,154.015,2015.0,COL.M.N.CPI.IX._T.N._Z
COL,Colombia,M,N,CPI,IX,_T,N,_Z,2023-04,155.218,2015.0,COL.M.N.CPI.IX._T.N._Z
COL,Colombia,M,N,CPI,IX,_T,N,_Z,2023-05,155.8874,2015.0,COL.M.N.CPI.IX._T.N._Z
COL,Colombia,M,N,CPI,IX,_T,N,_Z,2023-06,156.3564,2015.0,COL.M.N.CPI.IX._T.N._Z
COL,Colombia,M,N,CPI,IX,_T,N,_Z,2023-07,157.1409,2015.0,COL.M.N.CPI.IX._T.N._Z
COL,Colombia,M,N,CPI,IX,_T,N,_Z,2023-08,158.2387,2015.0,COL.M.N.CPI.IX._T.N._Z
COL,Colombia,M,N,CPI,IX,_T,N,_Z,2023-09,159.0892,2015.0,COL.M.N.CPI.IX._T.N._Z
COL,Colombia,M,N,CPI,IX,_T,N,_Z,2023-10,159.4824,2015.0,COL.M.N.CPI.IX._T.N._Z
COL,Colombia,M,N,CPI,IX,_T,N,_Z,2023-11,160.2346,2015.0,COL.M.N.CPI.IX._T.N._Z
COL,Colombia,M,N,CPI,IX,_T,N,_Z,2023-12,160.9609,2015.0,COL.M.N.CPI.IX._T.N._Z
COL,Colombia,M,N,CPI,IX,_T,N,_Z,2024-01,162.4359,2015.0,COL.M.N.CPI.IX._T.N._Z
COL,Colombia,M,N,CPI,IX,_T,N,_Z,2024-02,164.2009,2015.0,COL.M.N.CPI.IX._T.N._Z
COL,Colombia,M,N,CPI,IX,_T,N,_Z,2024-03,165.3546,2015.0,COL.M.N.CPI.IX._T.N._Z
COL,Colombia,M,N,CPI,IX,_T,N,_Z,2024-04,166.3367,2015.0,COL.M.N.CPI.IX._T.N._Z
COL,Colombia,M,N,CPI,IX,_T,N,_Z,2024-05,167.0441,2015.0,COL.M.N.CPI.IX._T.N._Z
COL,Colombia,M,N,CPI,IX,_T,N,_Z,2024-06,167.5866,2015.0,COL.M.N.CPI.IX._T.N._Z
COL,Colombia,M,N,CPI,IX,_T,N,_Z,2024-07,167.9208,2015.0,COL.M.N.CPI.IX._T.N._Z
COL,Colombia,M,N,CPI,IX,_T,N,_Z,2024-08,167.9236,2015.0,COL.M.N.CPI.IX._T.N._Z
COL,Colombia,M,N,CPI,IX,_T,N,_Z,2024-09,168.3304,2015.0,COL.M.N.CPI.IX._T.N._Z
COL,Colombia,M,N,CPI,IX,_T,N,_Z,2024-10,168.1042,2015.0,COL.M.N.CPI.IX._T.N._Z
COL,Colombia,M,N,CPI,IX,_T,N,_Z,2024-11,168.5625,2015.0,COL.M.N.CPI.IX._T.N._Z
COL,Colombia,M,N,CPI,IX,_T,N,_Z,2024-12,169.3358,2015.0,COL.M.N.CPI.IX._T.N._Z
COL,Colombia,M,N,CPI,IX,_T,N,_Z,2025-01,170.9199,2015.0,COL.M.N.CPI.IX._T.N._Z
COL,Colombia,M,N,CPI,IX,_T,N,_Z,2025-02,172.8651,2015.0,COL.M.N.CPI.IX._T.N._Z
COL,Colombia,M,N,CPI,IX,_T,N,_Z,2025-03,173.7712,2015.0,COL.M.N.CPI.IX._T.N._Z
COL,Colombia,M,N,CPI,IX,_T,N,_Z,2025-04,174.9235,2015.0,COL.M.N.CPI.IX._T.N._Z
COL,Colombia,M,N,CPI,IX,_T,N,_Z,2025-05,175.4834,2015.0,COL.M.N.CPI.IX._T.N._Z
COL,Colombia,M,N,CPI,IX,_T,N,_Z,2025-06,175.6644,2015.0,COL.M.N.CPI.IX._T.N._Z
COL,Colombia,M,N,CPI,IX,_T,N,_Z,2025-07,176.1497,2015.0,COL.M.N.CPI.IX._T.N._Z
COL,Colombia,M,N,CPI,IX,_T,N,_Z,2025-08,176.4803,2015.0,COL.M.N.CPI.IX._T.N._Z
COL,Colombia,M,N,CPI,IX,_T,N,_Z,2025-09,177.0444,2015.0,COL.M.N.CPI.IX._T.N._Z
COL,Colombia,M,N,CPI,IX,_T,N,_Z,2025-10,177.3705,2015.0,COL.M.N.CPI.IX._T.N._Z
COL,Colombia,M,N,CPI,IX,_T,N,_Z,2025-11,177.4981,2015.0,COL.M.N.CPI.IX._T.N._Z
COL,Colombia,M,N,CPI,IX,_T,N,_Z,2025-12,177.9717,2015.0,COL.M.N.CPI.IX._T.N._Z
COL,Colombia,M,N,CPI,IX,_T,N,_Z,2026-01,180.0703,2015.0,COL.M.N.CPI.IX._T.N._Z
COL,Colombia,M,N,CPI,IX,_T,N,_Z,2026-02,182.0098,2015.0,COL.M.N.CPI.IX._T.N._Z
COL,Colombia,M,N,CPI,IX,_T,N,_Z,2026-03,183.431,2015.0,COL.M.N.CPI.IX._T.N._Z
AUS,Australia,M,N,CPI,IX,_T,N,_Z,2024-04,128.9555,2015.0,AUS.M.N.CPI.IX._T.N._Z
AUS,Australia,M,N,CPI,IX,_T,N,_Z,2024-05,128.6478,2015.0,AUS.M.N.CPI.IX._T.N._Z
AUS,Australia,M,N,CPI,IX,_T,N,_Z,2024-06,129.116,2015.0,AUS.M.N.CPI.IX._T.N._Z
AUS,Australia,M,N,CPI,IX,_T,N,_Z,2024-07,129.4504,2015.0,AUS.M.N.CPI.IX._T.N._Z
AUS,Australia,M,N,CPI,IX,_T,N,_Z,2024-08,129.0759,2015.0,AUS.M.N.CPI.IX._T.N._Z
AUS,Australia,M,N,CPI,IX,_T,N,_Z,2024-09,129.1428,2015.0,AUS.M.N.CPI.IX._T.N._Z
AUS,Australia,M,N,CPI,IX,_T,N,_Z,2024-10,128.8485,2015.0,AUS.M.N.CPI.IX._T.N._Z
AUS,Australia,M,N,CPI,IX,_T,N,_Z,2024-11,129.33,2015.0,AUS.M.N.CPI.IX._T.N._Z
AUS,Australia,M,N,CPI,IX,_T,N,_Z,2024-12,130.1728,2015.0,AUS.M.N.CPI.IX._T.N._Z
AUS,Australia,M,N,CPI,IX,_T,N,_Z,2025-01,130.534,2015.0,AUS.M.N.CPI.IX._T.N._Z
AUS,Australia,M,N,CPI,IX,_T,N,_Z,2025-02,130.6544,2015.0,AUS.M.N.CPI.IX._T.N._Z
AUS,Australia,M,N,CPI,IX,_T,N,_Z,2025-03,131.0423,2015.0,AUS.M.N.CPI.IX._T.N._Z
AUS,Australia,M,N,CPI,IX,_T,N,_Z,2025-04,132.0055,2015.0,AUS.M.N.CPI.IX._T.N._Z
AUS,Australia,M,N,CPI,IX,_T,N,_Z,2025-05,131.3634,2015.0,AUS.M.N.CPI.IX._T.N._Z
AUS,Australia,M,N,CPI,IX,_T,N,_Z,2025-06,131.5506,2015.0,AUS.M.N.CPI.IX._T.N._Z
AUS,Australia,M,N,CPI,IX,_T,N,_Z,2025-07,133.2763,2015.0,AUS.M.N.CPI.IX._T.N._Z
AUS,Australia,M,N,CPI,IX,_T,N,_Z,2025-08,133.1693,2015.0,AUS.M.N.CPI.IX._T.N._Z
AUS,Australia,M,N,CPI,IX,_T,N,_Z,2025-09,133.7712,2015.0,AUS.M.N.CPI.IX._T.N._Z
AUS,Australia,M,N,CPI,IX,_T,N,_Z,2025-10,133.7579,2015.0,AUS.M.N.CPI.IX._T.N._Z
AUS,Australia,M,N,CPI,IX,_T,N,_Z,2025-11,133.7846,2015.0,AUS.M.N.CPI.IX._T.N._Z
AUS,Australia,M,N,CPI,IX,_T,N,_Z,2025-12,135.0688,2015.0,AUS.M.N.CPI.IX._T.N._Z
AUS,Australia,M,N,CPI,IX,_T,N,_Z,2026-01,135.5504,2015.0,AUS.M.N.CPI.IX._T.N._Z
AUS,Australia,M,N,CPI,IX,_T,N,_Z,2026-02,135.5237,2015.0,AUS.M.N.CPI.IX._T.N._Z
AUS,Australia,M,N,CPI,IX,_T,N,_Z,2026-03,137.0353,2015.0,AUS.M.N.CPI.IX._T.N._Z
AUS,Australia,M,N,CPI,IX,_T,N,_Z,2026-04,137.5168,2015.0,AUS.M.N.CPI.IX._T.N._Z
AUS,Australia,M,N,CPI,IX,_T,N,_Z,2026-05,136.5671,2015.0,AUS.M.N.CPI.IX._T.N._Z
DEU,Germany,M,N,CPI,IX,_T,N,_Z,2015-01,98.51642,2015.0,DEU.M.N.CPI.IX._T.N._Z
DEU,Germany,M,N,CPI,IX,_T,N,_Z,2015-02,99.21654,2015.0,DEU.M.N.CPI.IX._T.N._Z
DEU,Germany,M,N,CPI,IX,_T,N,_Z,2015-03,99.71662,2015.0,DEU.M.N.CPI.IX._T.N._Z
DEU,Germany,M,N,CPI,IX,_T,N,_Z,2015-04,100.2167,2015.0,DEU.M.N.CPI.IX._T.N._Z
DEU,Germany,M,N,CPI,IX,_T,N,_Z,2015-05,100.4167,2015.0,DEU.M.N.CPI.IX._T.N._Z
DEU,Germany,M,N,CPI,IX,_T,N,_Z,2015-06,100.4167,2015.0,DEU.M.N.CPI.IX._T.N._Z
DEU,Germany,M,N,CPI,IX,_T,N,_Z,2015-07,100.6168,2015.0,DEU.M.N.CPI.IX._T.N._Z
DEU,Germany,M,N,CPI,IX,_T,N,_Z,2015-08,100.6168,2015.0,DEU.M.N.CPI.IX._T.N._Z
DEU,Germany,M,N,CPI,IX,_T,N,_Z,2015-09,100.4167,2015.0,DEU.M.N.CPI.IX._T.N._Z
DEU,Germany,M,N,CPI,IX,_T,N,_Z,2015-10,100.4167,2015.0,DEU.M.N.CPI.IX._T.N._Z
DEU,Germany,M,N,CPI,IX,_T,N,_Z,2015-11,99.71662,2015.0,DEU.M.N.CPI.IX._T.N._Z
DEU,Germany,M,N,CPI,IX,_T,N,_Z,2015-12,99.71662,2015.0,DEU.M.N.CPI.IX._T.N._Z
DEU,Germany,M,N,CPI,IX,_T,N,_Z,2016-01,99.0165,2015.0,DEU.M.N.CPI.IX._T.N._Z
DEU,Germany,M,N,CPI,IX,_T,N,_Z,2016-02,99.31655,2015.0,DEU.M.N.CPI.IX._T.N._Z
DEU,Germany,M,N,CPI,IX,_T,N,_Z,2016-03,100.0167,2015.0,DEU.M.N.CPI.IX._T.N._Z
DEU,Germany,M,N,CPI,IX,_T,N,_Z,2016-04,100.1167,2015.0,DEU.M.N.CPI.IX._T.N._Z
DEU,Germany,M,N,CPI,IX,_T,N,_Z,2016-05,100.6168,2015.0,DEU.M.N.CPI.IX._T.N._Z
DEU,Germany,M,N,CPI,IX,_T,N,_Z,2016-06,100.7168,2015.0,DEU.M.N.CPI.IX._T.N._Z
DEU,Germany,M,N,CPI,IX,_T,N,_Z,2016-07,101.1169,2015.0,DEU.M.N.CPI.IX._T.N._Z
DEU,Germany,M,N,CPI,IX,_T,N,_Z,2016-08,101.0168,2015.0,DEU.M.N.CPI.IX._T.N._Z
DEU,Germany,M,N,CPI,IX,_T,N,_Z,2016-09,101.0168,2015.0,DEU.M.N.CPI.IX._T.N._Z
DEU,Germany,M,N,CPI,IX,_T,N,_Z,2016-10,101.2169,2015.0,DEU.M.N.CPI.IX._T.N._Z
DEU,Germany,M,N,CPI,IX,_T,N,_Z,2016-11,100.5168,2015.0,DEU.M.N.CPI.IX._T.N._Z
DEU,Germany,M,N,CPI,IX,_T,N,_Z,2016-12,101.2169,2015.0,DEU.M.N.CPI.IX._T.N._Z
DEU,Germany,M,N,CPI,IX,_T,N,_Z,2017-01,100.6168,2015.0,DEU.M.N.CPI.IX._T.N._Z
DEU,Germany,M,N,CPI,IX,_T,N,_Z,2017-02,101.2169,2015.0,DEU.M.N.CPI.IX._T.N._Z
DEU,Germany,M,N,CPI,IX,_T,N,_Z,2017-03,101.4169,2015.0,DEU.M.N.CPI.IX._T.N._Z
DEU,Germany,M,N,CPI,IX,_T,N,_Z,2017-04,101.817,2015.0,DEU.M.N.CPI.IX._T.N._Z
DEU,Germany,M,N,CPI,IX,_T,N,_Z,2017-05,101.817,2015.0,DEU.M.N.CPI.IX._T.N._Z
DEU,Germany,M,N,CPI,IX,_T,N,_Z,2017-06,102.117,2015.0,DEU.M.N.CPI.IX._T.N._Z
DEU,Germany,M,N,CPI,IX,_T,N,_Z,2017-07,102.5171,2015.0,DEU.M.N.CPI.IX._T.N._Z
DEU,Germany,M,N,CPI,IX,_T,N,_Z,2017-08,102.6171,2015.0,DEU.M.N.CPI.IX._T.N._Z
DEU,Germany,M,N,CPI,IX,_T,N,_Z,2017-09,102.7171,2015.0,DEU.M.N.CPI.IX._T.N._Z
DEU,Germany,M,N,CPI,IX,_T,N,_Z,2017-10,102.5171,2015.0,DEU.M.N.CPI.IX._T.N._Z
DEU,Germany,M,N,CPI,IX,_T,N,_Z,2017-11,102.117,2015.0,DEU.M.N.CPI.IX._T.N._Z
DEU,Germany,M,N,CPI,IX,_T,N,_Z,2017-12,102.6171,2015.0,DEU.M.N.CPI.IX._T.N._Z
DEU,Germany,M,N,CPI,IX,_T,N,_Z,2018-01,102.017,2015.0,DEU.M.N.CPI.IX._T.N._Z
DEU,Germany,M,N,CPI,IX,_T,N,_Z,2018-02,102.3171,2015.0,DEU.M.N.CPI.IX._T.N._Z
DEU,Germany,M,N,CPI,IX,_T,N,_Z,2018-03,102.9172,2015.0,DEU.M.N.CPI.IX._T.N._Z
DEU,Germany,M,N,CPI,IX,_T,N,_Z,2018-04,103.1172,2015.0,DEU.M.N.CPI.IX._T.N._Z
DEU,Germany,M,N,CPI,IX,_T,N,_Z,2018-05,103.9173,2015.0,DEU.M.N.CPI.IX._T.N._Z
DEU,Germany,M,N,CPI,IX,_T,N,_Z,2018-06,104.0173,2015.0,DEU.M.N.CPI.IX._T.N._Z
DEU,Germany,M,N,CPI,IX,_T,N,_Z,2018-07,104.4174,2015.0,DEU.M.N.CPI.IX._T.N._Z
DEU,Germany,M,N,CPI,IX,_T,N,_Z,2018-08,104.5174,2015.0,DEU.M.N.CPI.IX._T.N._Z
DEU,Germany,M,N,CPI,IX,_T,N,_Z,2018-09,104.7175,2015.0,DEU.M.N.CPI.IX._T.N._Z
DEU,Germany,M,N,CPI,IX,_T,N,_Z,2018-10,104.9175,2015.0,DEU.M.N.CPI.IX._T.N._Z
DEU,Germany,M,N,CPI,IX,_T,N,_Z,2018-11,104.2174,2015.0,DEU.M.N.CPI.IX._T.N._Z
DEU,Germany,M,N,CPI,IX,_T,N,_Z,2018-12,104.2174,2015.0,DEU.M.N.CPI.IX._T.N._Z
DEU,Germany,M,N,CPI,IX,_T,N,_Z,2019-01,103.4172,2015.0,DEU.M.N.CPI.IX._T.N._Z
DEU,Germany,M,N,CPI,IX,_T,N,_Z,2019-02,103.8173,2015.0,DEU.M.N.CPI.IX._T.N._Z
DEU,Germany,M,N,CPI,IX,_T,N,_Z,2019-03,104.2174,2015.0,DEU.M.N.CPI.IX._T.N._Z
DEU,Germany,M,N,CPI,IX,_T,N,_Z,2019-04,105.2175,2015.0,DEU.M.N.CPI.IX._T.N._Z
DEU,Germany,M,N,CPI,IX,_T,N,_Z,2019-05,105.4176,2015.0,DEU.M.N.CPI.IX._T.N._Z
DEU,Germany,M,N,CPI,IX,_T,N,_Z,2019-06,105.7176,2015.0,DEU.M.N.CPI.IX._T.N._Z
DEU,Germany,M,N,CPI,IX,_T,N,_Z,2019-07,106.2177,2015.0,DEU.M.N.CPI.IX._T.N._Z
DEU,Germany,M,N,CPI,IX,_T,N,_Z,2019-08,106.0177,2015.0,DEU.M.N.CPI.IX._T.N._Z
DEU,Germany,M,N,CPI,IX,_T,N,_Z,2019-09,106.0177,2015.0,DEU.M.N.CPI.IX._T.N._Z
DEU,Germany,M,N,CPI,IX,_T,N,_Z,2019-10,106.1177,2015.0,DEU.M.N.CPI.IX._T.N._Z
DEU,Germany,M,N,CPI,IX,_T,N,_Z,2019-11,105.3176,2015.0,DEU.M.N.CPI.IX._T.N._Z
DEU,Germany,M,N,CPI,IX,_T,N,_Z,2019-12,105.8176,2015.0,DEU.M.N.CPI.IX._T.N._Z
DEU,Germany,M,N,CPI,IX,_T,N,_Z,2020-01,105.2175,2015.0,DEU.M.N.CPI.IX._T.N._Z
DEU,Germany,M,N,CPI,IX,_T,N,_Z,2020-02,105.5338,2015.0,DEU.M.N.CPI.IX._T.N._Z
DEU,Germany,M,N,CPI,IX,_T,N,_Z,2020-03,105.7447,2015.0,DEU.M.N.CPI.IX._T.N._Z
DEU,Germany,M,N,CPI,IX,_T,N,_Z,2020-04,105.8501,2015.0,DEU.M.N.CPI.IX._T.N._Z
DEU,Germany,M,N,CPI,IX,_T,N,_Z,2020-05,105.8501,2015.0,DEU.M.N.CPI.IX._T.N._Z
DEU,Germany,M,N,CPI,IX,_T,N,_Z,2020-06,105.9555,2015.0,DEU.M.N.CPI.IX._T.N._Z
DEU,Germany,M,N,CPI,IX,_T,N,_Z,2020-07,105.1121,2015.0,DEU.M.N.CPI.IX._T.N._Z
DEU,Germany,M,N,CPI,IX,_T,N,_Z,2020-08,105.1121,2015.0,DEU.M.N.CPI.IX._T.N._Z
DEU,Germany,M,N,CPI,IX,_T,N,_Z,2020-09,105.1121,2015.0,DEU.M.N.CPI.IX._T.N._Z
DEU,Germany,M,N,CPI,IX,_T,N,_Z,2020-10,105.323,2015.0,DEU.M.N.CPI.IX._T.N._Z
DEU,Germany,M,N,CPI,IX,_T,N,_Z,2020-11,105.1121,2015.0,DEU.M.N.CPI.IX._T.N._Z
DEU,Germany,M,N,CPI,IX,_T,N,_Z,2020-12,105.2175,2015.0,DEU.M.N.CPI.IX._T.N._Z
DEU,Germany,M,N,CPI,IX,_T,N,_Z,2021-01,106.4827,2015.0,DEU.M.N.CPI.IX._T.N._Z
DEU,Germany,M,N,CPI,IX,_T,N,_Z,2021-02,107.1152,2015.0,DEU.M.N.CPI.IX._T.N._Z
DEU,Germany,M,N,CPI,IX,_T,N,_Z,2021-03,107.6424,2015.0,DEU.M.N.CPI.IX._T.N._Z
DEU,Germany,M,N,CPI,IX,_T,N,_Z,2021-04,107.9587,2015.0,DEU.M.N.CPI.IX._T.N._Z
DEU,Germany,M,N,CPI,IX,_T,N,_Z,2021-05,108.1695,2015.0,DEU.M.N.CPI.IX._T.N._Z
DEU,Germany,M,N,CPI,IX,_T,N,_Z,2021-06,108.4858,2015.0,DEU.M.N.CPI.IX._T.N._Z
DEU,Germany,M,N,CPI,IX,_T,N,_Z,2021-07,109.013,2015.0,DEU.M.N.CPI.IX._T.N._Z
DEU,Germany,M,N,CPI,IX,_T,N,_Z,2021-08,109.1184,2015.0,DEU.M.N.CPI.IX._T.N._Z
DEU,Germany,M,N,CPI,IX,_T,N,_Z,2021-09,109.4347,2015.0,DEU.M.N.CPI.IX._T.N._Z
DEU,Germany,M,N,CPI,IX,_T,N,_Z,2021-10,109.9618,2015.0,DEU.M.N.CPI.IX._T.N._Z
DEU,Germany,M,N,CPI,IX,_T,N,_Z,2021-11,110.1727,2015.0,DEU.M.N.CPI.IX._T.N._Z
DEU,Germany,M,N,CPI,IX,_T,N,_Z,2021-12,110.3835,2015.0,DEU.M.N.CPI.IX._T.N._Z
DEU,Germany,M,N,CPI,IX,_T,N,_Z,2022-01,110.9107,2015.0,DEU.M.N.CPI.IX._T.N._Z
DEU,Germany,M,N,CPI,IX,_T,N,_Z,2022-02,111.7541,2015.0,DEU.M.N.CPI.IX._T.N._Z
DEU,Germany,M,N,CPI,IX,_T,N,_Z,2022-03,113.9681,2015.0,DEU.M.N.CPI.IX._T.N._Z
DEU,Germany,M,N,CPI,IX,_T,N,_Z,2022-04,114.7061,2015.0,DEU.M.N.CPI.IX._T.N._Z
DEU,Germany,M,N,CPI,IX,_T,N,_Z,2022-05,115.7604,2015.0,DEU.M.N.CPI.IX._T.N._Z
DEU,Germany,M,N,CPI,IX,_T,N,_Z,2022-06,115.7604,2015.0,DEU.M.N.CPI.IX._T.N._Z
DEU,Germany,M,N,CPI,IX,_T,N,_Z,2022-07,116.2875,2015.0,DEU.M.N.CPI.IX._T.N._Z
DEU,Germany,M,N,CPI,IX,_T,N,_Z,2022-08,116.7092,2015.0,DEU.M.N.CPI.IX._T.N._Z
DEU,Germany,M,N,CPI,IX,_T,N,_Z,2022-09,118.8178,2015.0,DEU.M.N.CPI.IX._T.N._Z
DEU,Germany,M,N,CPI,IX,_T,N,_Z,2022-10,119.6612,2015.0,DEU.M.N.CPI.IX._T.N._Z
DEU,Germany,M,N,CPI,IX,_T,N,_Z,2022-11,119.8721,2015.0,DEU.M.N.CPI.IX._T.N._Z
DEU,Germany,M,N,CPI,IX,_T,N,_Z,2022-12,119.3449,2015.0,DEU.M.N.CPI.IX._T.N._Z
DEU,Germany,M,N,CPI,IX,_T,N,_Z,2023-01,120.5047,2015.0,DEU.M.N.CPI.IX._T.N._Z
DEU,Germany,M,N,CPI,IX,_T,N,_Z,2023-02,121.4535,2015.0,DEU.M.N.CPI.IX._T.N._Z
DEU,Germany,M,N,CPI,IX,_T,N,_Z,2023-03,122.4024,2015.0,DEU.M.N.CPI.IX._T.N._Z
DEU,Germany,M,N,CPI,IX,_T,N,_Z,2023-04,122.9295,2015.0,DEU.M.N.CPI.IX._T.N._Z
DEU,Germany,M,N,CPI,IX,_T,N,_Z,2023-05,122.8241,2015.0,DEU.M.N.CPI.IX._T.N._Z
DEU,Germany,M,N,CPI,IX,_T,N,_Z,2023-06,123.1404,2015.0,DEU.M.N.CPI.IX._T.N._Z
DEU,Germany,M,N,CPI,IX,_T,N,_Z,2023-07,123.4566,2015.0,DEU.M.N.CPI.IX._T.N._Z
DEU,Germany,M,N,CPI,IX,_T,N,_Z,2023-08,123.8784,2015.0,DEU.M.N.CPI.IX._T.N._Z
DEU,Germany,M,N,CPI,IX,_T,N,_Z,2023-09,124.1946,2015.0,DEU.M.N.CPI.IX._T.N._Z
DEU,Germany,M,N,CPI,IX,_T,N,_Z,2023-10,124.1946,2015.0,DEU.M.N.CPI.IX._T.N._Z
DEU,Germany,M,N,CPI,IX,_T,N,_Z,2023-11,123.6675,2015.0,DEU.M.N.CPI.IX._T.N._Z
DEU,Germany,M,N,CPI,IX,_T,N,_Z,2023-12,123.7729,2015.0,DEU.M.N.CPI.IX._T.N._Z
DEU,Germany,M,N,CPI,IX,_T,N,_Z,2024-01,123.9838,2015.0,DEU.M.N.CPI.IX._T.N._Z
DEU,Germany,M,N,CPI,IX,_T,N,_Z,2024-02,124.5109,2015.0,DEU.M.N.CPI.IX._T.N._Z
DEU,Germany,M,N,CPI,IX,_T,N,_Z,2024-03,125.0381,2015.0,DEU.M.N.CPI.IX._T.N._Z
DEU,Germany,M,N,CPI,IX,_T,N,_Z,2024-04,125.6706,2015.0,DEU.M.N.CPI.IX._T.N._Z
DEU,Germany,M,N,CPI,IX,_T,N,_Z,2024-05,125.7761,2015.0,DEU.M.N.CPI.IX._T.N._Z
DEU,Germany,M,N,CPI,IX,_T,N,_Z,2024-06,125.8815,2015.0,DEU.M.N.CPI.IX._T.N._Z
DEU,Germany,M,N,CPI,IX,_T,N,_Z,2024-07,126.3032,2015.0,DEU.M.N.CPI.IX._T.N._Z
DEU,Germany,M,N,CPI,IX,_T,N,_Z,2024-08,126.1978,2015.0,DEU.M.N.CPI.IX._T.N._Z
DEU,Germany,M,N,CPI,IX,_T,N,_Z,2024-09,126.1978,2015.0,DEU.M.N.CPI.IX._T.N._Z
DEU,Germany,M,N,CPI,IX,_T,N,_Z,2024-10,126.7249,2015.0,DEU.M.N.CPI.IX._T.N._Z
DEU,Germany,M,N,CPI,IX,_T,N,_Z,2024-11,126.4086,2015.0,DEU.M.N.CPI.IX._T.N._Z
DEU,Germany,M,N,CPI,IX,_T,N,_Z,2024-12,127.0412,2015.0,DEU.M.N.CPI.IX._T.N._Z
DEU,Germany,M,N,CPI,IX,_T,N,_Z,2025-01,126.8304,2015.0,DEU.M.N.CPI.IX._T.N._Z
DEU,Germany,M,N,CPI,IX,_T,N,_Z,2025-02,127.3575,2015.0,DEU.M.N.CPI.IX._T.N._Z
DEU,Germany,M,N,CPI,IX,_T,N,_Z,2025-03,127.7792,2015.0,DEU.M.N.CPI.IX._T.N._Z
DEU,Germany,M,N,CPI,IX,_T,N,_Z,2025-04,128.3064,2015.0,DEU.M.N.CPI.IX._T.N._Z
DEU,Germany,M,N,CPI,IX,_T,N,_Z,2025-05,128.4118,2015.0,DEU.M.N.CPI.IX._T.N._Z
DEU,Germany,M,N,CPI,IX,_T,N,_Z,2025-06,128.4118,2015.0,DEU.M.N.CPI.IX._T.N._Z
DEU,Germany,M,N,CPI,IX,_T,N,_Z,2025-07,128.8335,2015.0,DEU.M.N.CPI.IX._T.N._Z
DEU,Germany,M,N,CPI,IX,_T,N,_Z,2025-08,128.9389,2015.0,DEU.M.N.CPI.IX._T.N._Z
DEU,Germany,M,N,CPI,IX,_T,N,_Z,2025-09,129.2552,2015.0,DEU.M.N.CPI.IX._T.N._Z
DEU,Germany,M,N,CPI,IX,_T,N,_Z,2025-10,129.6769,2015.0,DEU.M.N.CPI.IX._T.N._Z
DEU,Germany,M,N,CPI,IX,_T,N,_Z,2025-11,129.3606,2015.0,DEU.M.N.CPI.IX._T.N._Z
DEU,Germany,M,N,CPI,IX,_T,N,_Z,2025-12,129.3606,2015.0,DEU.M.N.CPI.IX._T.N._Z
DEU,Germany,M,N,CPI,IX,_T,N,_Z,2026-01,129.4661,2015.0,DEU.M.N.CPI.IX._T.N._Z
DEU,Germany,M,N,CPI,IX,_T,N,_Z,2026-02,129.7823,2015.0,DEU.M.N.CPI.IX._T.N._Z
DEU,Germany,M,N,CPI,IX,_T,N,_Z,2026-03,131.2583,2015.0,DEU.M.N.CPI.IX._T.N._Z
DEU,Germany,M,N,CPI,IX,_T,N,_Z,2026-04,131.9964,2015.0,DEU.M.N.CPI.IX._T.N._Z
DEU,Germany,M,N,CPI,IX,_T,N,_Z,2026-05,131.7855,2015.0,DEU.M.N.CPI.IX._T.N._Z
CAN,Canada,M,N,CPI,IX,_T,N,_Z,2015-01,98.20911,2015.0,CAN.M.N.CPI.IX._T.N._Z
CAN,Canada,M,N,CPI,IX,_T,N,_Z,2015-02,99.07822,2015.0,CAN.M.N.CPI.IX._T.N._Z
CAN,Canada,M,N,CPI,IX,_T,N,_Z,2015-03,99.78931,2015.0,CAN.M.N.CPI.IX._T.N._Z
CAN,Canada,M,N,CPI,IX,_T,N,_Z,2015-04,99.7103,2015.0,CAN.M.N.CPI.IX._T.N._Z
CAN,Canada,M,N,CPI,IX,_T,N,_Z,2015-05,100.2634,2015.0,CAN.M.N.CPI.IX._T.N._Z
CAN,Canada,M,N,CPI,IX,_T,N,_Z,2015-06,100.5004,2015.0,CAN.M.N.CPI.IX._T.N._Z
CAN,Canada,M,N,CPI,IX,_T,N,_Z,2015-07,100.5794,2015.0,CAN.M.N.CPI.IX._T.N._Z
CAN,Canada,M,N,CPI,IX,_T,N,_Z,2015-08,100.5794,2015.0,CAN.M.N.CPI.IX._T.N._Z
CAN,Canada,M,N,CPI,IX,_T,N,_Z,2015-09,100.4214,2015.0,CAN.M.N.CPI.IX._T.N._Z
CAN,Canada,M,N,CPI,IX,_T,N,_Z,2015-10,100.5004,2015.0,CAN.M.N.CPI.IX._T.N._Z
CAN,Canada,M,N,CPI,IX,_T,N,_Z,2015-11,100.4214,2015.0,CAN.M.N.CPI.IX._T.N._Z
CAN,Canada,M,N,CPI,IX,_T,N,_Z,2015-12,99.94733,2015.0,CAN.M.N.CPI.IX._T.N._Z
CAN,Canada,M,N,CPI,IX,_T,N,_Z,2016-01,100.1844,2015.0,CAN.M.N.CPI.IX._T.N._Z
CAN,Canada,M,N,CPI,IX,_T,N,_Z,2016-02,100.4214,2015.0,CAN.M.N.CPI.IX._T.N._Z
CAN,Canada,M,N,CPI,IX,_T,N,_Z,2016-03,101.0535,2015.0,CAN.M.N.CPI.IX._T.N._Z
CAN,Canada,M,N,CPI,IX,_T,N,_Z,2016-04,101.3695,2015.0,CAN.M.N.CPI.IX._T.N._Z
CAN,Canada,M,N,CPI,IX,_T,N,_Z,2016-05,101.7645,2015.0,CAN.M.N.CPI.IX._T.N._Z
CAN,Canada,M,N,CPI,IX,_T,N,_Z,2016-06,102.0016,2015.0,CAN.M.N.CPI.IX._T.N._Z
CAN,Canada,M,N,CPI,IX,_T,N,_Z,2016-07,101.8436,2015.0,CAN.M.N.CPI.IX._T.N._Z
CAN,Canada,M,N,CPI,IX,_T,N,_Z,2016-08,101.6855,2015.0,CAN.M.N.CPI.IX._T.N._Z
CAN,Canada,M,N,CPI,IX,_T,N,_Z,2016-09,101.7645,2015.0,CAN.M.N.CPI.IX._T.N._Z
CAN,Canada,M,N,CPI,IX,_T,N,_Z,2016-10,102.0016,2015.0,CAN.M.N.CPI.IX._T.N._Z
CAN,Canada,M,N,CPI,IX,_T,N,_Z,2016-11,101.6065,2015.0,CAN.M.N.CPI.IX._T.N._Z
CAN,Canada,M,N,CPI,IX,_T,N,_Z,2016-12,101.4485,2015.0,CAN.M.N.CPI.IX._T.N._Z
CAN,Canada,M,N,CPI,IX,_T,N,_Z,2017-01,102.3176,2015.0,CAN.M.N.CPI.IX._T.N._Z
CAN,Canada,M,N,CPI,IX,_T,N,_Z,2017-02,102.4756,2015.0,CAN.M.N.CPI.IX._T.N._Z
CAN,Canada,M,N,CPI,IX,_T,N,_Z,2017-03,102.6337,2015.0,CAN.M.N.CPI.IX._T.N._Z
CAN,Canada,M,N,CPI,IX,_T,N,_Z,2017-04,103.0287,2015.0,CAN.M.N.CPI.IX._T.N._Z
CAN,Canada,M,N,CPI,IX,_T,N,_Z,2017-05,103.1077,2015.0,CAN.M.N.CPI.IX._T.N._Z
CAN,Canada,M,N,CPI,IX,_T,N,_Z,2017-06,103.0287,2015.0,CAN.M.N.CPI.IX._T.N._Z
CAN,Canada,M,N,CPI,IX,_T,N,_Z,2017-07,103.0287,2015.0,CAN.M.N.CPI.IX._T.N._Z
CAN,Canada,M,N,CPI,IX,_T,N,_Z,2017-08,103.1077,2015.0,CAN.M.N.CPI.IX._T.N._Z
CAN,Canada,M,N,CPI,IX,_T,N,_Z,2017-09,103.3447,2015.0,CAN.M.N.CPI.IX._T.N._Z
CAN,Canada,M,N,CPI,IX,_T,N,_Z,2017-10,103.4238,2015.0,CAN.M.N.CPI.IX._T.N._Z
CAN,Canada,M,N,CPI,IX,_T,N,_Z,2017-11,103.7398,2015.0,CAN.M.N.CPI.IX._T.N._Z
CAN,Canada,M,N,CPI,IX,_T,N,_Z,2017-12,103.3447,2015.0,CAN.M.N.CPI.IX._T.N._Z
CAN,Canada,M,N,CPI,IX,_T,N,_Z,2018-01,104.0558,2015.0,CAN.M.N.CPI.IX._T.N._Z
CAN,Canada,M,N,CPI,IX,_T,N,_Z,2018-02,104.6879,2015.0,CAN.M.N.CPI.IX._T.N._Z
CAN,Canada,M,N,CPI,IX,_T,N,_Z,2018-03,105.004,2015.0,CAN.M.N.CPI.IX._T.N._Z
CAN,Canada,M,N,CPI,IX,_T,N,_Z,2018-04,105.32,2015.0,CAN.M.N.CPI.IX._T.N._Z
CAN,Canada,M,N,CPI,IX,_T,N,_Z,2018-05,105.399,2015.0,CAN.M.N.CPI.IX._T.N._Z
CAN,Canada,M,N,CPI,IX,_T,N,_Z,2018-06,105.557,2015.0,CAN.M.N.CPI.IX._T.N._Z
CAN,Canada,M,N,CPI,IX,_T,N,_Z,2018-07,106.1101,2015.0,CAN.M.N.CPI.IX._T.N._Z
CAN,Canada,M,N,CPI,IX,_T,N,_Z,2018-08,106.0311,2015.0,CAN.M.N.CPI.IX._T.N._Z
CAN,Canada,M,N,CPI,IX,_T,N,_Z,2018-09,105.636,2015.0,CAN.M.N.CPI.IX._T.N._Z
CAN,Canada,M,N,CPI,IX,_T,N,_Z,2018-10,105.9521,2015.0,CAN.M.N.CPI.IX._T.N._Z
CAN,Canada,M,N,CPI,IX,_T,N,_Z,2018-11,105.478,2015.0,CAN.M.N.CPI.IX._T.N._Z
CAN,Canada,M,N,CPI,IX,_T,N,_Z,2018-12,105.399,2015.0,CAN.M.N.CPI.IX._T.N._Z
CAN,Canada,M,N,CPI,IX,_T,N,_Z,2019-01,105.557,2015.0,CAN.M.N.CPI.IX._T.N._Z
CAN,Canada,M,N,CPI,IX,_T,N,_Z,2019-02,106.2681,2015.0,CAN.M.N.CPI.IX._T.N._Z
CAN,Canada,M,N,CPI,IX,_T,N,_Z,2019-03,106.9792,2015.0,CAN.M.N.CPI.IX._T.N._Z
CAN,Canada,M,N,CPI,IX,_T,N,_Z,2019-04,107.4533,2015.0,CAN.M.N.CPI.IX._T.N._Z
CAN,Canada,M,N,CPI,IX,_T,N,_Z,2019-05,107.9273,2015.0,CAN.M.N.CPI.IX._T.N._Z
CAN,Canada,M,N,CPI,IX,_T,N,_Z,2019-06,107.6903,2015.0,CAN.M.N.CPI.IX._T.N._Z
CAN,Canada,M,N,CPI,IX,_T,N,_Z,2019-07,108.2433,2015.0,CAN.M.N.CPI.IX._T.N._Z
CAN,Canada,M,N,CPI,IX,_T,N,_Z,2019-08,108.0853,2015.0,CAN.M.N.CPI.IX._T.N._Z
CAN,Canada,M,N,CPI,IX,_T,N,_Z,2019-09,107.6113,2015.0,CAN.M.N.CPI.IX._T.N._Z
CAN,Canada,M,N,CPI,IX,_T,N,_Z,2019-10,107.9273,2015.0,CAN.M.N.CPI.IX._T.N._Z
CAN,Canada,M,N,CPI,IX,_T,N,_Z,2019-11,107.7693,2015.0,CAN.M.N.CPI.IX._T.N._Z
CAN,Canada,M,N,CPI,IX,_T,N,_Z,2019-12,107.7693,2015.0,CAN.M.N.CPI.IX._T.N._Z
CAN,Canada,M,N,CPI,IX,_T,N,_Z,2020-01,108.0853,2015.0,CAN.M.N.CPI.IX._T.N._Z
CAN,Canada,M,N,CPI,IX,_T,N,_Z,2020-02,108.5594,2015.0,CAN.M.N.CPI.IX._T.N._Z
CAN,Canada,M,N,CPI,IX,_T,N,_Z,2020-03,107.9273,2015.0,CAN.M.N.CPI.IX._T.N._Z
CAN,Canada,M,N,CPI,IX,_T,N,_Z,2020-04,107.2162,2015.0,CAN.M.N.CPI.IX._T.N._Z
CAN,Canada,M,N,CPI,IX,_T,N,_Z,2020-05,107.5323,2015.0,CAN.M.N.CPI.IX._T.N._Z
CAN,Canada,M,N,CPI,IX,_T,N,_Z,2020-06,108.4014,2015.0,CAN.M.N.CPI.IX._T.N._Z
CAN,Canada,M,N,CPI,IX,_T,N,_Z,2020-07,108.4014,2015.0,CAN.M.N.CPI.IX._T.N._Z
CAN,Canada,M,N,CPI,IX,_T,N,_Z,2020-08,108.2433,2015.0,CAN.M.N.CPI.IX._T.N._Z
CAN,Canada,M,N,CPI,IX,_T,N,_Z,2020-09,108.1643,2015.0,CAN.M.N.CPI.IX._T.N._Z
CAN,Canada,M,N,CPI,IX,_T,N,_Z,2020-10,108.6384,2015.0,CAN.M.N.CPI.IX._T.N._Z
CAN,Canada,M,N,CPI,IX,_T,N,_Z,2020-11,108.7964,2015.0,CAN.M.N.CPI.IX._T.N._Z
CAN,Canada,M,N,CPI,IX,_T,N,_Z,2020-12,108.5594,2015.0,CAN.M.N.CPI.IX._T.N._Z
CAN,Canada,M,N,CPI,IX,_T,N,_Z,2021-01,109.1915,2015.0,CAN.M.N.CPI.IX._T.N._Z
CAN,Canada,M,N,CPI,IX,_T,N,_Z,2021-02,109.7445,2015.0,CAN.M.N.CPI.IX._T.N._Z
CAN,Canada,M,N,CPI,IX,_T,N,_Z,2021-03,110.2976,2015.0,CAN.M.N.CPI.IX._T.N._Z
CAN,Canada,M,N,CPI,IX,_T,N,_Z,2021-04,110.8507,2015.0,CAN.M.N.CPI.IX._T.N._Z
CAN,Canada,M,N,CPI,IX,_T,N,_Z,2021-05,111.4037,2015.0,CAN.M.N.CPI.IX._T.N._Z
CAN,Canada,M,N,CPI,IX,_T,N,_Z,2021-06,111.7198,2015.0,CAN.M.N.CPI.IX._T.N._Z
CAN,Canada,M,N,CPI,IX,_T,N,_Z,2021-07,112.4309,2015.0,CAN.M.N.CPI.IX._T.N._Z
CAN,Canada,M,N,CPI,IX,_T,N,_Z,2021-08,112.6679,2015.0,CAN.M.N.CPI.IX._T.N._Z
CAN,Canada,M,N,CPI,IX,_T,N,_Z,2021-09,112.9049,2015.0,CAN.M.N.CPI.IX._T.N._Z
CAN,Canada,M,N,CPI,IX,_T,N,_Z,2021-10,113.695,2015.0,CAN.M.N.CPI.IX._T.N._Z
CAN,Canada,M,N,CPI,IX,_T,N,_Z,2021-11,113.9321,2015.0,CAN.M.N.CPI.IX._T.N._Z
CAN,Canada,M,N,CPI,IX,_T,N,_Z,2021-12,113.774,2015.0,CAN.M.N.CPI.IX._T.N._Z
CAN,Canada,M,N,CPI,IX,_T,N,_Z,2022-01,114.8012,2015.0,CAN.M.N.CPI.IX._T.N._Z
CAN,Canada,M,N,CPI,IX,_T,N,_Z,2022-02,115.9863,2015.0,CAN.M.N.CPI.IX._T.N._Z
CAN,Canada,M,N,CPI,IX,_T,N,_Z,2022-03,117.6455,2015.0,CAN.M.N.CPI.IX._T.N._Z
CAN,Canada,M,N,CPI,IX,_T,N,_Z,2022-04,118.3566,2015.0,CAN.M.N.CPI.IX._T.N._Z
CAN,Canada,M,N,CPI,IX,_T,N,_Z,2022-05,120.0158,2015.0,CAN.M.N.CPI.IX._T.N._Z
CAN,Canada,M,N,CPI,IX,_T,N,_Z,2022-06,120.8059,2015.0,CAN.M.N.CPI.IX._T.N._Z
CAN,Canada,M,N,CPI,IX,_T,N,_Z,2022-07,120.9639,2015.0,CAN.M.N.CPI.IX._T.N._Z
CAN,Canada,M,N,CPI,IX,_T,N,_Z,2022-08,120.5689,2015.0,CAN.M.N.CPI.IX._T.N._Z
CAN,Canada,M,N,CPI,IX,_T,N,_Z,2022-09,120.6479,2015.0,CAN.M.N.CPI.IX._T.N._Z
CAN,Canada,M,N,CPI,IX,_T,N,_Z,2022-10,121.517,2015.0,CAN.M.N.CPI.IX._T.N._Z
CAN,Canada,M,N,CPI,IX,_T,N,_Z,2022-11,121.675,2015.0,CAN.M.N.CPI.IX._T.N._Z
CAN,Canada,M,N,CPI,IX,_T,N,_Z,2022-12,120.9639,2015.0,CAN.M.N.CPI.IX._T.N._Z
CAN,Canada,M,N,CPI,IX,_T,N,_Z,2023-01,121.596,2015.0,CAN.M.N.CPI.IX._T.N._Z
CAN,Canada,M,N,CPI,IX,_T,N,_Z,2023-02,122.0701,2015.0,CAN.M.N.CPI.IX._T.N._Z
CAN,Canada,M,N,CPI,IX,_T,N,_Z,2023-03,122.7021,2015.0,CAN.M.N.CPI.IX._T.N._Z
CAN,Canada,M,N,CPI,IX,_T,N,_Z,2023-04,123.5712,2015.0,CAN.M.N.CPI.IX._T.N._Z
CAN,Canada,M,N,CPI,IX,_T,N,_Z,2023-05,124.0453,2015.0,CAN.M.N.CPI.IX._T.N._Z
CAN,Canada,M,N,CPI,IX,_T,N,_Z,2023-06,124.2033,2015.0,CAN.M.N.CPI.IX._T.N._Z
CAN,Canada,M,N,CPI,IX,_T,N,_Z,2023-07,124.9144,2015.0,CAN.M.N.CPI.IX._T.N._Z
CAN,Canada,M,N,CPI,IX,_T,N,_Z,2023-08,125.3885,2015.0,CAN.M.N.CPI.IX._T.N._Z
CAN,Canada,M,N,CPI,IX,_T,N,_Z,2023-09,125.2304,2015.0,CAN.M.N.CPI.IX._T.N._Z
CAN,Canada,M,N,CPI,IX,_T,N,_Z,2023-10,125.3095,2015.0,CAN.M.N.CPI.IX._T.N._Z
CAN,Canada,M,N,CPI,IX,_T,N,_Z,2023-11,125.4675,2015.0,CAN.M.N.CPI.IX._T.N._Z
CAN,Canada,M,N,CPI,IX,_T,N,_Z,2023-12,125.0724,2015.0,CAN.M.N.CPI.IX._T.N._Z
CAN,Canada,M,N,CPI,IX,_T,N,_Z,2024-01,125.0724,2015.0,CAN.M.N.CPI.IX._T.N._Z
CAN,Canada,M,N,CPI,IX,_T,N,_Z,2024-02,125.4675,2015.0,CAN.M.N.CPI.IX._T.N._Z
CAN,Canada,M,N,CPI,IX,_T,N,_Z,2024-03,126.2576,2015.0,CAN.M.N.CPI.IX._T.N._Z
CAN,Canada,M,N,CPI,IX,_T,N,_Z,2024-04,126.8896,2015.0,CAN.M.N.CPI.IX._T.N._Z
CAN,Canada,M,N,CPI,IX,_T,N,_Z,2024-05,127.6007,2015.0,CAN.M.N.CPI.IX._T.N._Z
CAN,Canada,M,N,CPI,IX,_T,N,_Z,2024-06,127.5217,2015.0,CAN.M.N.CPI.IX._T.N._Z
CAN,Canada,M,N,CPI,IX,_T,N,_Z,2024-07,128.0748,2015.0,CAN.M.N.CPI.IX._T.N._Z
CAN,Canada,M,N,CPI,IX,_T,N,_Z,2024-08,127.8378,2015.0,CAN.M.N.CPI.IX._T.N._Z
CAN,Canada,M,N,CPI,IX,_T,N,_Z,2024-09,127.2847,2015.0,CAN.M.N.CPI.IX._T.N._Z
CAN,Canada,M,N,CPI,IX,_T,N,_Z,2024-10,127.8378,2015.0,CAN.M.N.CPI.IX._T.N._Z
CAN,Canada,M,N,CPI,IX,_T,N,_Z,2024-11,127.8378,2015.0,CAN.M.N.CPI.IX._T.N._Z
CAN,Canada,M,N,CPI,IX,_T,N,_Z,2024-12,127.3637,2015.0,CAN.M.N.CPI.IX._T.N._Z
CAN,Canada,M,N,CPI,IX,_T,N,_Z,2025-01,127.4427,2015.0,CAN.M.N.CPI.IX._T.N._Z
CAN,Canada,M,N,CPI,IX,_T,N,_Z,2025-02,128.7859,2015.0,CAN.M.N.CPI.IX._T.N._Z
CAN,Canada,M,N,CPI,IX,_T,N,_Z,2025-03,129.1809,2015.0,CAN.M.N.CPI.IX._T.N._Z
CAN,Canada,M,N,CPI,IX,_T,N,_Z,2025-04,129.1019,2015.0,CAN.M.N.CPI.IX._T.N._Z
CAN,Canada,M,N,CPI,IX,_T,N,_Z,2025-05,129.813,2015.0,CAN.M.N.CPI.IX._T.N._Z
CAN,Canada,M,N,CPI,IX,_T,N,_Z,2025-06,129.892,2015.0,CAN.M.N.CPI.IX._T.N._Z
CAN,Canada,M,N,CPI,IX,_T,N,_Z,2025-07,130.2871,2015.0,CAN.M.N.CPI.IX._T.N._Z
CAN,Canada,M,N,CPI,IX,_T,N,_Z,2025-08,130.2081,2015.0,CAN.M.N.CPI.IX._T.N._Z
CAN,Canada,M,N,CPI,IX,_T,N,_Z,2025-09,130.2871,2015.0,CAN.M.N.CPI.IX._T.N._Z
CAN,Canada,M,N,CPI,IX,_T,N,_Z,2025-10,130.6031,2015.0,CAN.M.N.CPI.IX._T.N._Z
CAN,Canada,M,N,CPI,IX,_T,N,_Z,2025-11,130.6821,2015.0,CAN.M.N.CPI.IX._T.N._Z
CAN,Canada,M,N,CPI,IX,_T,N,_Z,2025-12,130.3661,2015.0,CAN.M.N.CPI.IX._T.N._Z
CAN,Canada,M,N,CPI,IX,_T,N,_Z,2026-01,130.3661,2015.0,CAN.M.N.CPI.IX._T.N._Z
CAN,Canada,M,N,CPI,IX,_T,N,_Z,2026-02,131.0772,2015.0,CAN.M.N.CPI.IX._T.N._Z
CAN,Canada,M,N,CPI,IX,_T,N,_Z,2026-03,132.2623,2015.0,CAN.M.N.CPI.IX._T.N._Z
CAN,Canada,M,N,CPI,IX,_T,N,_Z,2026-04,132.7364,2015.0,CAN.M.N.CPI.IX._T.N._Z
CAN,Canada,M,N,CPI,IX,_T,N,_Z,2026-05,134.0005,2015.0,CAN.M.N.CPI.IX._T.N._Z
AUS,Australia,M,N,CPI,IX,_T,N,_Z,2026-07,137.878,2015.0,AUS.M.N.CPI.IX._T.N._Z
CAN,Canada,M,N,CPI,IX,_T,N,_Z,2026-07,134.2375,2015.0,CAN.M.N.CPI.IX._T.N._Z
DEU,Germany,M,N,CPI,IX,_T,N,_Z,2026-07,132.4181,2015.0,DEU.M.N.CPI.IX._T.N._Z
ISR,Israel,M,N,CPI,IX,_T,N,_Z,2026-07,120.5275,2015.0,ISR.M.N.CPI.IX._T.N._Z
COL,Colombia,M,N,CPI,IX,_T,N,_Z,2026-04,184.8614,2015.0,COL.M.N.CPI.IX._T.N._Z
COL,Colombia,M,N,CPI,IX,_T,N,_Z,2026-05,185.7352,2015.0,COL.M.N.CPI.IX._T.N._Z
COL,Colombia,M,N,CPI,IX,_T,N,_Z,2026-07,186.765,2015.0,COL.M.N.CPI.IX._T.N._Z
AUS,Australia,M,N,CPI,IX,_T,N,_Z,2026-06,136.4868,2015.0,AUS.M.N.CPI.IX._T.N._Z
CAN,Canada,M,N,CPI,IX,_T,N,_Z,2026-06,133.5265,2015.0,CAN.M.N.CPI.IX._T.N._Z
COL,Colombia,M,N,CPI,IX,_T,N,_Z,2026-06,186.455,2015.0,COL.M.N.CPI.IX._T.N._Z
DEU,Germany,M,N,CPI,IX,_T,N,_Z,2026-06,131.3638,2015.0,DEU.M.N.CPI.IX._T.N._Z
ISR,Israel,M,N,CPI,IX,_T,N,_Z,2026-06,120.1835,2015.0,ISR.M.N.CPI.IX._T.N._Z
